Compound,Compound ID,Description,Natureza_Final,Natural_Product,Formula,SMILES,IUPAC Name,InChIKey,Score,Fragmentation Score,Mass Error (ppm),Isotope Similarity,Identifications,Chromatographic peak width (min),Adducts,Information,Molecular_Uses,ChEMBL_Type,Max_Clinical_Phase,Is_Human_Metabolite,In_FooDB,Info_Source,Link,HMDB_ID,FooDB_ID,1.1,1.2,2.1,2.2,3.1,3.2,4.1,4.2,5.1,5.2,6.1,6.2
9.03_455.2837n,1001642,1-[4-methyl-2-(4-methylpiperazin-1-yl)quinolin-6-yl]-3-[3-(4-methylpiperazin-1-yl)propyl]thiourea,Sintético / Indefinido,NaN,C24H37N7S,NaN,NaN,NaN,37.5,0,1.28378657303424,88.9207350226938,49,0.320466666666666,"M-H, 2M-H, M-H2O-H",NaN,NaN,NaN,NaN,No,No,NaN,NaN,NaN,NaN,102834.117411157,87805.7307846172,80623.3388470637,71085.0686863896,124590.635635606,110304.965182861,71814.198604988,64492.8647677283,82990.8162783233,74846.9949629344,79225.1420882917,71729.9607603408
9.03_455.2837n,CSID16576694,ala-arg-ile-pro,Metabólito Endógeno (HMDB),Yes,C20H37N7O5,NaN,NaN,NaN,38.8,2.41,-4.2111882917493,96.626272980665,49,0.320466666666666,"M-H, 2M-H, M-H2O-H",Fragmento de peptídeo identificado por sequenciamento.,NaN,Oligopeptide,NaN,Yes,Yes,Regras Locais (Peptídeo),http://nonlinear.com/redirect/outbound?p=chemspider&param=16576694,NaN,NaN,102834.117411157,87805.7307846172,80623.3388470637,71085.0686863896,124590.635635606,110304.965182861,71814.198604988,64492.8647677283,82990.8162783233,74846.9949629344,79225.1420882917,71729.9607603408
9.03_455.2837n,CSID16576714,ala-arg-leu-pro,Metabólito Endógeno (HMDB),Yes,C20H37N7O5,NaN,NaN,NaN,38.8,2.41,-4.2111882917493,96.626272980665,49,0.320466666666666,"M-H, 2M-H, M-H2O-H",Fragmento de peptídeo identificado por sequenciamento.,NaN,Oligopeptide,NaN,Yes,Yes,Regras Locais (Peptídeo),http://nonlinear.com/redirect/outbound?p=chemspider&param=16576714,NaN,NaN,102834.117411157,87805.7307846172,80623.3388470637,71085.0686863896,124590.635635606,110304.965182861,71814.198604988,64492.8647677283,82990.8162783233,74846.9949629344,79225.1420882917,71729.9607603408
9.03_455.2837n,CSID16576789,ala-arg-pro-ile,Metabólito Endógeno (HMDB),Yes,C20H37N7O5,NaN,NaN,NaN,38.7,1.62,-4.2111882917493,96.626272980665,49,0.320466666666666,"M-H, 2M-H, M-H2O-H",Fragmento de peptídeo identificado por sequenciamento.,NaN,Oligopeptide,NaN,Yes,Yes,Regras Locais (Peptídeo),http://nonlinear.com/redirect/outbound?p=chemspider&param=16576789,NaN,NaN,102834.117411157,87805.7307846172,80623.3388470637,71085.0686863896,124590.635635606,110304.965182861,71814.198604988,64492.8647677283,82990.8162783233,74846.9949629344,79225.1420882917,71729.9607603408
9.03_455.2837n,CSID16576790,ala-arg-pro-leu,Metabólito Endógeno (HMDB),Yes,C20H37N7O5,NaN,NaN,NaN,38.7,1.62,-4.2111882917493,96.626272980665,49,0.320466666666666,"M-H, 2M-H, M-H2O-H",Fragmento de peptídeo identificado por sequenciamento.,NaN,Oligopeptide,NaN,Yes,Yes,Regras Locais (Peptídeo),http://nonlinear.com/redirect/outbound?p=chemspider&param=16576790,NaN,NaN,102834.117411157,87805.7307846172,80623.3388470637,71085.0686863896,124590.635635606,110304.965182861,71814.198604988,64492.8647677283,82990.8162783233,74846.9949629344,79225.1420882917,71729.9607603408
9.03_455.2837n,CSID16579719,ala-ile-arg-pro,Metabólito Endógeno (HMDB),Yes,C20H37N7O5,NaN,NaN,NaN,38.8,2.41,-4.2111882917493,96.626272980665,49,0.320466666666666,"M-H, 2M-H, M-H2O-H",Fragmento de peptídeo identificado por sequenciamento.,NaN,Oligopeptide,NaN,Yes,Yes,Regras Locais (Peptídeo),http://nonlinear.com/redirect/outbound?p=chemspider&param=16579719,NaN,NaN,102834.117411157,87805.7307846172,80623.3388470637,71085.0686863896,124590.635635606,110304.965182861,71814.198604988,64492.8647677283,82990.8162783233,74846.9949629344,79225.1420882917,71729.9607603408
9.03_455.2837n,CSID16579966,ala-ile-pro-arg,Metabólito Endógeno (HMDB),Yes,C20H37N7O5,NaN,NaN,NaN,38.7,1.62,-4.2111882917493,96.626272980665,49,0.320466666666666,"M-H, 2M-H, M-H2O-H",Fragmento de peptídeo identificado por sequenciamento.,NaN,Oligopeptide,NaN,Yes,Yes,Regras Locais (Peptídeo),http://nonlinear.com/redirect/outbound?p=chemspider&param=16579966,NaN,NaN,102834.117411157,87805.7307846172,80623.3388470637,71085.0686863896,124590.635635606,110304.965182861,71814.198604988,64492.8647677283,82990.8162783233,74846.9949629344,79225.1420882917,71729.9607603408
9.03_455.2837n,CSID16580117,ala-leu-arg-pro,Metabólito Endógeno (HMDB),Yes,C20H37N7O5,NaN,NaN,NaN,38.8,2.41,-4.2111882917493,96.626272980665,49,0.320466666666666,"M-H, 2M-H, M-H2O-H",Fragmento de peptídeo identificado por sequenciamento.,NaN,Oligopeptide,NaN,Yes,Yes,Regras Locais (Peptídeo),http://nonlinear.com/redirect/outbound?p=chemspider&param=16580117,NaN,NaN,102834.117411157,87805.7307846172,80623.3388470637,71085.0686863896,124590.635635606,110304.965182861,71814.198604988,64492.8647677283,82990.8162783233,74846.9949629344,79225.1420882917,71729.9607603408
9.03_455.2837n,CSID16580360,ala-leu-pro-arg,Metabólito Endógeno (HMDB),Yes,C20H37N7O5,NaN,NaN,NaN,38.7,1.62,-4.2111882917493,96.626272980665,49,0.320466666666666,"M-H, 2M-H, M-H2O-H",Fragmento de peptídeo identificado por sequenciamento.,NaN,Oligopeptide,NaN,Yes,Yes,Regras Locais (Peptídeo),http://nonlinear.com/redirect/outbound?p=chemspider&param=16580360,NaN,NaN,102834.117411157,87805.7307846172,80623.3388470637,71085.0686863896,124590.635635606,110304.965182861,71814.198604988,64492.8647677283,82990.8162783233,74846.9949629344,79225.1420882917,71729.9607603408
9.03_455.2837n,CSID16581705,ala-pro-arg-ile,Metabólito Endógeno (HMDB),Yes,C20H37N7O5,NaN,NaN,NaN,40,8.52,-4.2111882917493,96.626272980665,49,0.320466666666666,"M-H, 2M-H, M-H2O-H",Fragmento de peptídeo identificado por sequenciamento.,NaN,Oligopeptide,NaN,Yes,Yes,Regras Locais (Peptídeo),http://nonlinear.com/redirect/outbound?p=chemspider&param=16581705,NaN,NaN,102834.117411157,87805.7307846172,80623.3388470637,71085.0686863896,124590.635635606,110304.965182861,71814.198604988,64492.8647677283,82990.8162783233,74846.9949629344,79225.1420882917,71729.9607603408
9.03_455.2837n,CSID16581706,ala-pro-arg-leu,Metabólito Endógeno (HMDB),Yes,C20H37N7O5,NaN,NaN,NaN,40,8.52,-4.2111882917493,96.626272980665,49,0.320466666666666,"M-H, 2M-H, M-H2O-H",Fragmento de peptídeo identificado por sequenciamento.,NaN,Oligopeptide,NaN,Yes,Yes,Regras Locais (Peptídeo),http://nonlinear.com/redirect/outbound?p=chemspider&param=16581706,NaN,NaN,102834.117411157,87805.7307846172,80623.3388470637,71085.0686863896,124590.635635606,110304.965182861,71814.198604988,64492.8647677283,82990.8162783233,74846.9949629344,79225.1420882917,71729.9607603408
9.03_455.2837n,CSID16581856,ala-pro-ile-arg,Metabólito Endógeno (HMDB),Yes,C20H37N7O5,NaN,NaN,NaN,40,8.52,-4.2111882917493,96.626272980665,49,0.320466666666666,"M-H, 2M-H, M-H2O-H",Fragmento de peptídeo identificado por sequenciamento.,NaN,Oligopeptide,NaN,Yes,Yes,Regras Locais (Peptídeo),http://nonlinear.com/redirect/outbound?p=chemspider&param=16581856,NaN,NaN,102834.117411157,87805.7307846172,80623.3388470637,71085.0686863896,124590.635635606,110304.965182861,71814.198604988,64492.8647677283,82990.8162783233,74846.9949629344,79225.1420882917,71729.9607603408
9.03_455.2837n,CSID16581876,ala-pro-leu-arg,Metabólito Endógeno (HMDB),Yes,C20H37N7O5,NaN,NaN,NaN,40,8.52,-4.2111882917493,96.626272980665,49,0.320466666666666,"M-H, 2M-H, M-H2O-H",Fragmento de peptídeo identificado por sequenciamento.,NaN,Oligopeptide,NaN,Yes,Yes,Regras Locais (Peptídeo),http://nonlinear.com/redirect/outbound?p=chemspider&param=16581876,NaN,NaN,102834.117411157,87805.7307846172,80623.3388470637,71085.0686863896,124590.635635606,110304.965182861,71814.198604988,64492.8647677283,82990.8162783233,74846.9949629344,79225.1420882917,71729.9607603408
9.03_455.2837n,CSID16584263,arg-ala-ile-pro,Metabólito Endógeno (HMDB),Yes,C20H37N7O5,NaN,NaN,NaN,38.8,2.18,-4.2111882917493,96.626272980665,49,0.320466666666666,"M-H, 2M-H, M-H2O-H",Fragmento de peptídeo identificado por sequenciamento.,NaN,Oligopeptide,NaN,Yes,Yes,Regras Locais (Peptídeo),http://nonlinear.com/redirect/outbound?p=chemspider&param=16584263,NaN,NaN,102834.117411157,87805.7307846172,80623.3388470637,71085.0686863896,124590.635635606,110304.965182861,71814.198604988,64492.8647677283,82990.8162783233,74846.9949629344,79225.1420882917,71729.9607603408
9.03_455.2837n,CSID16584283,arg-ala-leu-pro,Metabólito Endógeno (HMDB),Yes,C20H37N7O5,NaN,NaN,NaN,38.8,2.18,-4.2111882917493,96.626272980665,49,0.320466666666666,"M-H, 2M-H, M-H2O-H",Fragmento de peptídeo identificado por sequenciamento.,NaN,Oligopeptide,NaN,Yes,Yes,Regras Locais (Peptídeo),http://nonlinear.com/redirect/outbound?p=chemspider&param=16584283,NaN,NaN,102834.117411157,87805.7307846172,80623.3388470637,71085.0686863896,124590.635635606,110304.965182861,71814.198604988,64492.8647677283,82990.8162783233,74846.9949629344,79225.1420882917,71729.9607603408
9.03_455.2837n,CSID16584357,arg-ala-pro-ile,Metabólito Endógeno (HMDB),Yes,C20H37N7O5,NaN,NaN,NaN,38.7,1.62,-4.2111882917493,96.626272980665,49,0.320466666666666,"M-H, 2M-H, M-H2O-H",Fragmento de peptídeo identificado por sequenciamento.,NaN,Oligopeptide,NaN,Yes,Yes,Regras Locais (Peptídeo),http://nonlinear.com/redirect/outbound?p=chemspider&param=16584357,NaN,NaN,102834.117411157,87805.7307846172,80623.3388470637,71085.0686863896,124590.635635606,110304.965182861,71814.198604988,64492.8647677283,82990.8162783233,74846.9949629344,79225.1420882917,71729.9607603408
9.03_455.2837n,CSID16584358,arg-ala-pro-leu,Metabólito Endógeno (HMDB),Yes,C20H37N7O5,NaN,NaN,NaN,38.7,1.62,-4.2111882917493,96.626272980665,49,0.320466666666666,"M-H, 2M-H, M-H2O-H",Fragmento de peptídeo identificado por sequenciamento.,NaN,Oligopeptide,NaN,Yes,Yes,Regras Locais (Peptídeo),http://nonlinear.com/redirect/outbound?p=chemspider&param=16584358,NaN,NaN,102834.117411157,87805.7307846172,80623.3388470637,71085.0686863896,124590.635635606,110304.965182861,71814.198604988,64492.8647677283,82990.8162783233,74846.9949629344,79225.1420882917,71729.9607603408
9.03_455.2837n,CSID16587665,arg-ile-ala-pro,Metabólito Endógeno (HMDB),Yes,C20H37N7O5,NaN,NaN,NaN,38.8,2.18,-4.2111882917493,96.626272980665,49,0.320466666666666,"M-H, 2M-H, M-H2O-H",Fragmento de peptídeo identificado por sequenciamento.,NaN,Oligopeptide,NaN,Yes,Yes,Regras Locais (Peptídeo),http://nonlinear.com/redirect/outbound?p=chemspider&param=16587665,NaN,NaN,102834.117411157,87805.7307846172,80623.3388470637,71085.0686863896,124590.635635606,110304.965182861,71814.198604988,64492.8647677283,82990.8162783233,74846.9949629344,79225.1420882917,71729.9607603408
9.03_455.2837n,CSID16587931,arg-ile-pro-ala,Metabólito Endógeno (HMDB),Yes,C20H37N7O5,NaN,NaN,NaN,38.7,1.62,-4.2111882917493,96.626272980665,49,0.320466666666666,"M-H, 2M-H, M-H2O-H",Fragmento de peptídeo identificado por sequenciamento.,NaN,Oligopeptide,NaN,Yes,Yes,Regras Locais (Peptídeo),http://nonlinear.com/redirect/outbound?p=chemspider&param=16587931,NaN,NaN,102834.117411157,87805.7307846172,80623.3388470637,71085.0686863896,124590.635635606,110304.965182861,71814.198604988,64492.8647677283,82990.8162783233,74846.9949629344,79225.1420882917,71729.9607603408
9.03_455.2837n,CSID16588065,arg-leu-ala-pro,Metabólito Endógeno (HMDB),Yes,C20H37N7O5,NaN,NaN,NaN,38.8,2.18,-4.2111882917493,96.626272980665,49,0.320466666666666,"M-H, 2M-H, M-H2O-H",Fragmento de peptídeo identificado por sequenciamento.,NaN,Oligopeptide,NaN,Yes,Yes,Regras Locais (Peptídeo),http://nonlinear.com/redirect/outbound?p=chemspider&param=16588065,NaN,NaN,102834.117411157,87805.7307846172,80623.3388470637,71085.0686863896,124590.635635606,110304.965182861,71814.198604988,64492.8647677283,82990.8162783233,74846.9949629344,79225.1420882917,71729.9607603408
9.03_455.2837n,CSID16588331,arg-leu-pro-ala,Metabólito Endógeno (HMDB),Yes,C20H37N7O5,NaN,NaN,NaN,38.7,1.62,-4.2111882917493,96.626272980665,49,0.320466666666666,"M-H, 2M-H, M-H2O-H",Fragmento de peptídeo identificado por sequenciamento.,NaN,Oligopeptide,NaN,Yes,Yes,Regras Locais (Peptídeo),http://nonlinear.com/redirect/outbound?p=chemspider&param=16588331,NaN,NaN,102834.117411157,87805.7307846172,80623.3388470637,71085.0686863896,124590.635635606,110304.965182861,71814.198604988,64492.8647677283,82990.8162783233,74846.9949629344,79225.1420882917,71729.9607603408
9.03_455.2837n,CSID16589655,arg-pro-ala-ile,Metabólito Endógeno (HMDB),Yes,C20H37N7O5,NaN,NaN,NaN,38.7,1.62,-4.2111882917493,96.626272980665,49,0.320466666666666,"M-H, 2M-H, M-H2O-H",Fragmento de peptídeo identificado por sequenciamento.,NaN,Oligopeptide,NaN,Yes,Yes,Regras Locais (Peptídeo),http://nonlinear.com/redirect/outbound?p=chemspider&param=16589655,NaN,NaN,102834.117411157,87805.7307846172,80623.3388470637,71085.0686863896,124590.635635606,110304.965182861,71814.198604988,64492.8647677283,82990.8162783233,74846.9949629344,79225.1420882917,71729.9607603408
9.03_455.2837n,CSID16589656,arg-pro-ala-leu,Metabólito Endógeno (HMDB),Yes,C20H37N7O5,NaN,NaN,NaN,38.7,1.62,-4.2111882917493,96.626272980665,49,0.320466666666666,"M-H, 2M-H, M-H2O-H",Fragmento de peptídeo identificado por sequenciamento.,NaN,Oligopeptide,NaN,Yes,Yes,Regras Locais (Peptídeo),http://nonlinear.com/redirect/outbound?p=chemspider&param=16589656,NaN,NaN,102834.117411157,87805.7307846172,80623.3388470637,71085.0686863896,124590.635635606,110304.965182861,71814.198604988,64492.8647677283,82990.8162783233,74846.9949629344,79225.1420882917,71729.9607603408
9.03_455.2837n,CSID16589823,arg-pro-ile-ala,Metabólito Endógeno (HMDB),Yes,C20H37N7O5,NaN,NaN,NaN,38.7,1.62,-4.2111882917493,96.626272980665,49,0.320466666666666,"M-H, 2M-H, M-H2O-H",Fragmento de peptídeo identificado por sequenciamento.,NaN,Oligopeptide,NaN,Yes,Yes,Regras Locais (Peptídeo),http://nonlinear.com/redirect/outbound?p=chemspider&param=16589823,NaN,NaN,102834.117411157,87805.7307846172,80623.3388470637,71085.0686863896,124590.635635606,110304.965182861,71814.198604988,64492.8647677283,82990.8162783233,74846.9949629344,79225.1420882917,71729.9607603408
9.03_455.2837n,CSID16589843,arg-pro-leu-ala,Metabólito Endógeno (HMDB),Yes,C20H37N7O5,NaN,NaN,NaN,38.7,1.62,-4.2111882917493,96.626272980665,49,0.320466666666666,"M-H, 2M-H, M-H2O-H",Fragmento de peptídeo identificado por sequenciamento.,NaN,Oligopeptide,NaN,Yes,Yes,Regras Locais (Peptídeo),http://nonlinear.com/redirect/outbound?p=chemspider&param=16589843,NaN,NaN,102834.117411157,87805.7307846172,80623.3388470637,71085.0686863896,124590.635635606,110304.965182861,71814.198604988,64492.8647677283,82990.8162783233,74846.9949629344,79225.1420882917,71729.9607603408
9.03_455.2837n,CSID16647902,ile-ala-arg-pro,Metabólito Endógeno (HMDB),Yes,C20H37N7O5,NaN,NaN,NaN,39.4,5.47,-4.2111882917493,96.626272980665,49,0.320466666666666,"M-H, 2M-H, M-H2O-H",Fragmento de peptídeo identificado por sequenciamento.,NaN,Oligopeptide,NaN,Yes,Yes,Regras Locais (Peptídeo),http://nonlinear.com/redirect/outbound?p=chemspider&param=16647902,NaN,NaN,102834.117411157,87805.7307846172,80623.3388470637,71085.0686863896,124590.635635606,110304.965182861,71814.198604988,64492.8647677283,82990.8162783233,74846.9949629344,79225.1420882917,71729.9607603408
9.03_455.2837n,CSID16648148,ile-ala-pro-arg,Metabólito Endógeno (HMDB),Yes,C20H37N7O5,NaN,NaN,NaN,39.3,4.68,-4.2111882917493,96.626272980665,49,0.320466666666666,"M-H, 2M-H, M-H2O-H",Fragmento de peptídeo identificado por sequenciamento.,NaN,Oligopeptide,NaN,Yes,Yes,Regras Locais (Peptídeo),http://nonlinear.com/redirect/outbound?p=chemspider&param=16648148,NaN,NaN,102834.117411157,87805.7307846172,80623.3388470637,71085.0686863896,124590.635635606,110304.965182861,71814.198604988,64492.8647677283,82990.8162783233,74846.9949629344,79225.1420882917,71729.9607603408
9.03_455.2837n,CSID16648281,ile-arg-ala-pro,Metabólito Endógeno (HMDB),Yes,C20H37N7O5,NaN,NaN,NaN,39.4,5.47,-4.2111882917493,96.626272980665,49,0.320466666666666,"M-H, 2M-H, M-H2O-H",Fragmento de peptídeo identificado por sequenciamento.,NaN,Oligopeptide,NaN,Yes,Yes,Regras Locais (Peptídeo),http://nonlinear.com/redirect/outbound?p=chemspider&param=16648281,NaN,NaN,102834.117411157,87805.7307846172,80623.3388470637,71085.0686863896,124590.635635606,110304.965182861,71814.198604988,64492.8647677283,82990.8162783233,74846.9949629344,79225.1420882917,71729.9607603408
9.03_455.2837n,CSID16648547,ile-arg-pro-ala,Metabólito Endógeno (HMDB),Yes,C20H37N7O5,NaN,NaN,NaN,39.3,4.68,-4.2111882917493,96.626272980665,49,0.320466666666666,"M-H, 2M-H, M-H2O-H",Fragmento de peptídeo identificado por sequenciamento.,NaN,Oligopeptide,NaN,Yes,Yes,Regras Locais (Peptídeo),http://nonlinear.com/redirect/outbound?p=chemspider&param=16648547,NaN,NaN,102834.117411157,87805.7307846172,80623.3388470637,71085.0686863896,124590.635635606,110304.965182861,71814.198604988,64492.8647677283,82990.8162783233,74846.9949629344,79225.1420882917,71729.9607603408
9.03_455.2837n,CSID16653463,ile-pro-ala-arg,Metabólito Endógeno (HMDB),Yes,C20H37N7O5,NaN,NaN,NaN,39.7,6.81,-4.2111882917493,96.626272980665,49,0.320466666666666,"M-H, 2M-H, M-H2O-H",Fragmento de peptídeo identificado por sequenciamento.,NaN,Oligopeptide,NaN,Yes,Yes,Regras Locais (Peptídeo),http://nonlinear.com/redirect/outbound?p=chemspider&param=16653463,NaN,NaN,102834.117411157,87805.7307846172,80623.3388470637,71085.0686863896,124590.635635606,110304.965182861,71814.198604988,64492.8647677283,82990.8162783233,74846.9949629344,79225.1420882917,71729.9607603408
9.03_455.2837n,CSID16653482,ile-pro-arg-ala,Metabólito Endógeno (HMDB),Yes,C20H37N7O5,NaN,NaN,NaN,39.7,6.82,-4.2111882917493,96.626272980665,49,0.320466666666666,"M-H, 2M-H, M-H2O-H",Fragmento de peptídeo identificado por sequenciamento.,NaN,Oligopeptide,NaN,Yes,Yes,Regras Locais (Peptídeo),http://nonlinear.com/redirect/outbound?p=chemspider&param=16653482,NaN,NaN,102834.117411157,87805.7307846172,80623.3388470637,71085.0686863896,124590.635635606,110304.965182861,71814.198604988,64492.8647677283,82990.8162783233,74846.9949629344,79225.1420882917,71729.9607603408
9.03_455.2837n,CSID16655895,leu-ala-arg-pro,Metabólito Endógeno (HMDB),Yes,C20H37N7O5,NaN,NaN,NaN,39.4,5.47,-4.2111882917493,96.626272980665,49,0.320466666666666,"M-H, 2M-H, M-H2O-H",Fragmento de peptídeo identificado por sequenciamento.,NaN,Oligopeptide,NaN,Yes,Yes,Regras Locais (Peptídeo),http://nonlinear.com/redirect/outbound?p=chemspider&param=16655895,NaN,NaN,102834.117411157,87805.7307846172,80623.3388470637,71085.0686863896,124590.635635606,110304.965182861,71814.198604988,64492.8647677283,82990.8162783233,74846.9949629344,79225.1420882917,71729.9607603408
9.03_455.2837n,CSID16656136,leu-ala-pro-arg,Metabólito Endógeno (HMDB),Yes,C20H37N7O5,NaN,NaN,NaN,39.3,4.68,-4.2111882917493,96.626272980665,49,0.320466666666666,"M-H, 2M-H, M-H2O-H",Fragmento de peptídeo identificado por sequenciamento.,NaN,Oligopeptide,NaN,Yes,Yes,Regras Locais (Peptídeo),http://nonlinear.com/redirect/outbound?p=chemspider&param=16656136,NaN,NaN,102834.117411157,87805.7307846172,80623.3388470637,71085.0686863896,124590.635635606,110304.965182861,71814.198604988,64492.8647677283,82990.8162783233,74846.9949629344,79225.1420882917,71729.9607603408
9.03_455.2837n,CSID16656269,leu-arg-ala-pro,Metabólito Endógeno (HMDB),Yes,C20H37N7O5,NaN,NaN,NaN,39.4,5.47,-4.2111882917493,96.626272980665,49,0.320466666666666,"M-H, 2M-H, M-H2O-H",Fragmento de peptídeo identificado por sequenciamento.,NaN,Oligopeptide,NaN,Yes,Yes,Regras Locais (Peptídeo),http://nonlinear.com/redirect/outbound?p=chemspider&param=16656269,NaN,NaN,102834.117411157,87805.7307846172,80623.3388470637,71085.0686863896,124590.635635606,110304.965182861,71814.198604988,64492.8647677283,82990.8162783233,74846.9949629344,79225.1420882917,71729.9607603408
9.03_455.2837n,CSID16656534,leu-arg-pro-ala,Metabólito Endógeno (HMDB),Yes,C20H37N7O5,NaN,NaN,NaN,39.3,4.68,-4.2111882917493,96.626272980665,49,0.320466666666666,"M-H, 2M-H, M-H2O-H",Fragmento de peptídeo identificado por sequenciamento.,NaN,Oligopeptide,NaN,Yes,Yes,Regras Locais (Peptídeo),http://nonlinear.com/redirect/outbound?p=chemspider&param=16656534,NaN,NaN,102834.117411157,87805.7307846172,80623.3388470637,71085.0686863896,124590.635635606,110304.965182861,71814.198604988,64492.8647677283,82990.8162783233,74846.9949629344,79225.1420882917,71729.9607603408
9.03_455.2837n,CSID16661436,leu-pro-ala-arg,Metabólito Endógeno (HMDB),Yes,C20H37N7O5,NaN,NaN,NaN,39.7,6.81,-4.2111882917493,96.626272980665,49,0.320466666666666,"M-H, 2M-H, M-H2O-H",Fragmento de peptídeo identificado por sequenciamento.,NaN,Oligopeptide,NaN,Yes,Yes,Regras Locais (Peptídeo),http://nonlinear.com/redirect/outbound?p=chemspider&param=16661436,NaN,NaN,102834.117411157,87805.7307846172,80623.3388470637,71085.0686863896,124590.635635606,110304.965182861,71814.198604988,64492.8647677283,82990.8162783233,74846.9949629344,79225.1420882917,71729.9607603408
9.03_455.2837n,CSID16661455,leu-pro-arg-ala,Metabólito Endógeno (HMDB),Yes,C20H37N7O5,NaN,NaN,NaN,39.7,6.82,-4.2111882917493,96.626272980665,49,0.320466666666666,"M-H, 2M-H, M-H2O-H",Fragmento de peptídeo identificado por sequenciamento.,NaN,Oligopeptide,NaN,Yes,Yes,Regras Locais (Peptídeo),http://nonlinear.com/redirect/outbound?p=chemspider&param=16661455,NaN,NaN,102834.117411157,87805.7307846172,80623.3388470637,71085.0686863896,124590.635635606,110304.965182861,71814.198604988,64492.8647677283,82990.8162783233,74846.9949629344,79225.1420882917,71729.9607603408
9.03_455.2837n,CSID16687764,pro-ala-arg-ile,Metabólito Endógeno (HMDB),Yes,C20H37N7O5,NaN,NaN,NaN,38.8,2.1,-4.2111882917493,96.626272980665,49,0.320466666666666,"M-H, 2M-H, M-H2O-H",Fragmento de peptídeo identificado por sequenciamento.,NaN,Oligopeptide,NaN,Yes,Yes,Regras Locais (Peptídeo),http://nonlinear.com/redirect/outbound?p=chemspider&param=16687764,NaN,NaN,102834.117411157,87805.7307846172,80623.3388470637,71085.0686863896,124590.635635606,110304.965182861,71814.198604988,64492.8647677283,82990.8162783233,74846.9949629344,79225.1420882917,71729.9607603408
9.03_455.2837n,CSID16687765,pro-ala-arg-leu,Metabólito Endógeno (HMDB),Yes,C20H37N7O5,NaN,NaN,NaN,38.8,2.1,-4.2111882917493,96.626272980665,49,0.320466666666666,"M-H, 2M-H, M-H2O-H",Fragmento de peptídeo identificado por sequenciamento.,NaN,Oligopeptide,NaN,Yes,Yes,Regras Locais (Peptídeo),http://nonlinear.com/redirect/outbound?p=chemspider&param=16687765,NaN,NaN,102834.117411157,87805.7307846172,80623.3388470637,71085.0686863896,124590.635635606,110304.965182861,71814.198604988,64492.8647677283,82990.8162783233,74846.9949629344,79225.1420882917,71729.9607603408
9.03_455.2837n,CSID16687916,pro-ala-ile-arg,Metabólito Endógeno (HMDB),Yes,C20H37N7O5,NaN,NaN,NaN,38.8,2.1,-4.2111882917493,96.626272980665,49,0.320466666666666,"M-H, 2M-H, M-H2O-H",Fragmento de peptídeo identificado por sequenciamento.,NaN,Oligopeptide,NaN,Yes,Yes,Regras Locais (Peptídeo),http://nonlinear.com/redirect/outbound?p=chemspider&param=16687916,NaN,NaN,102834.117411157,87805.7307846172,80623.3388470637,71085.0686863896,124590.635635606,110304.965182861,71814.198604988,64492.8647677283,82990.8162783233,74846.9949629344,79225.1420882917,71729.9607603408
9.03_455.2837n,CSID16687936,pro-ala-leu-arg,Metabólito Endógeno (HMDB),Yes,C20H37N7O5,NaN,NaN,NaN,38.8,2.1,-4.2111882917493,96.626272980665,49,0.320466666666666,"M-H, 2M-H, M-H2O-H",Fragmento de peptídeo identificado por sequenciamento.,NaN,Oligopeptide,NaN,Yes,Yes,Regras Locais (Peptídeo),http://nonlinear.com/redirect/outbound?p=chemspider&param=16687936,NaN,NaN,102834.117411157,87805.7307846172,80623.3388470637,71085.0686863896,124590.635635606,110304.965182861,71814.198604988,64492.8647677283,82990.8162783233,74846.9949629344,79225.1420882917,71729.9607603408
9.03_455.2837n,CSID16688144,pro-arg-ala-ile,Metabólito Endógeno (HMDB),Yes,C20H37N7O5,NaN,NaN,NaN,38.8,2.1,-4.2111882917493,96.626272980665,49,0.320466666666666,"M-H, 2M-H, M-H2O-H",Fragmento de peptídeo identificado por sequenciamento.,NaN,Oligopeptide,NaN,Yes,Yes,Regras Locais (Peptídeo),http://nonlinear.com/redirect/outbound?p=chemspider&param=16688144,NaN,NaN,102834.117411157,87805.7307846172,80623.3388470637,71085.0686863896,124590.635635606,110304.965182861,71814.198604988,64492.8647677283,82990.8162783233,74846.9949629344,79225.1420882917,71729.9607603408
9.03_455.2837n,CSID16688145,pro-arg-ala-leu,Metabólito Endógeno (HMDB),Yes,C20H37N7O5,NaN,NaN,NaN,38.8,2.1,-4.2111882917493,96.626272980665,49,0.320466666666666,"M-H, 2M-H, M-H2O-H",Fragmento de peptídeo identificado por sequenciamento.,NaN,Oligopeptide,NaN,Yes,Yes,Regras Locais (Peptídeo),http://nonlinear.com/redirect/outbound?p=chemspider&param=16688145,NaN,NaN,102834.117411157,87805.7307846172,80623.3388470637,71085.0686863896,124590.635635606,110304.965182861,71814.198604988,64492.8647677283,82990.8162783233,74846.9949629344,79225.1420882917,71729.9607603408
9.03_455.2837n,CSID16688315,pro-arg-ile-ala,Metabólito Endógeno (HMDB),Yes,C20H37N7O5,NaN,NaN,NaN,38.8,2.1,-4.2111882917493,96.626272980665,49,0.320466666666666,"M-H, 2M-H, M-H2O-H",Fragmento de peptídeo identificado por sequenciamento.,NaN,Oligopeptide,NaN,Yes,Yes,Regras Locais (Peptídeo),http://nonlinear.com/redirect/outbound?p=chemspider&param=16688315,NaN,NaN,102834.117411157,87805.7307846172,80623.3388470637,71085.0686863896,124590.635635606,110304.965182861,71814.198604988,64492.8647677283,82990.8162783233,74846.9949629344,79225.1420882917,71729.9607603408
9.03_455.2837n,CSID16688335,pro-arg-leu-ala,Metabólito Endógeno (HMDB),Yes,C20H37N7O5,NaN,NaN,NaN,38.8,2.1,-4.2111882917493,96.626272980665,49,0.320466666666666,"M-H, 2M-H, M-H2O-H",Fragmento de peptídeo identificado por sequenciamento.,NaN,Oligopeptide,NaN,Yes,Yes,Regras Locais (Peptídeo),http://nonlinear.com/redirect/outbound?p=chemspider&param=16688335,NaN,NaN,102834.117411157,87805.7307846172,80623.3388470637,71085.0686863896,124590.635635606,110304.965182861,71814.198604988,64492.8647677283,82990.8162783233,74846.9949629344,79225.1420882917,71729.9607603408
9.03_455.2837n,CSID16691323,pro-ile-ala-arg,Metabólito Endógeno (HMDB),Yes,C20H37N7O5,NaN,NaN,NaN,38.8,2.1,-4.2111882917493,96.626272980665,49,0.320466666666666,"M-H, 2M-H, M-H2O-H",Fragmento de peptídeo identificado por sequenciamento.,NaN,Oligopeptide,NaN,Yes,Yes,Regras Locais (Peptídeo),http://nonlinear.com/redirect/outbound?p=chemspider&param=16691323,NaN,NaN,102834.117411157,87805.7307846172,80623.3388470637,71085.0686863896,124590.635635606,110304.965182861,71814.198604988,64492.8647677283,82990.8162783233,74846.9949629344,79225.1420882917,71729.9607603408
9.03_455.2837n,CSID16691342,pro-ile-arg-ala,Metabólito Endógeno (HMDB),Yes,C20H37N7O5,NaN,NaN,NaN,38.8,2.1,-4.2111882917493,96.626272980665,49,0.320466666666666,"M-H, 2M-H, M-H2O-H",Fragmento de peptídeo identificado por sequenciamento.,NaN,Oligopeptide,NaN,Yes,Yes,Regras Locais (Peptídeo),http://nonlinear.com/redirect/outbound?p=chemspider&param=16691342,NaN,NaN,102834.117411157,87805.7307846172,80623.3388470637,71085.0686863896,124590.635635606,110304.965182861,71814.198604988,64492.8647677283,82990.8162783233,74846.9949629344,79225.1420882917,71729.9607603408
9.03_455.2837n,CSID16691723,pro-leu-ala-arg,Metabólito Endógeno (HMDB),Yes,C20H37N7O5,NaN,NaN,NaN,38.8,2.1,-4.2111882917493,96.626272980665,49,0.320466666666666,"M-H, 2M-H, M-H2O-H",Fragmento de peptídeo identificado por sequenciamento.,NaN,Oligopeptide,NaN,Yes,Yes,Regras Locais (Peptídeo),http://nonlinear.com/redirect/outbound?p=chemspider&param=16691723,NaN,NaN,102834.117411157,87805.7307846172,80623.3388470637,71085.0686863896,124590.635635606,110304.965182861,71814.198604988,64492.8647677283,82990.8162783233,74846.9949629344,79225.1420882917,71729.9607603408
9.03_455.2837n,CSID16691742,pro-leu-arg-ala,Metabólito Endógeno (HMDB),Yes,C20H37N7O5,NaN,NaN,NaN,38.8,2.1,-4.2111882917493,96.626272980665,49,0.320466666666666,"M-H, 2M-H, M-H2O-H",Fragmento de peptídeo identificado por sequenciamento.,NaN,Oligopeptide,NaN,Yes,Yes,Regras Locais (Peptídeo),http://nonlinear.com/redirect/outbound?p=chemspider&param=16691742,NaN,NaN,102834.117411157,87805.7307846172,80623.3388470637,71085.0686863896,124590.635635606,110304.965182861,71814.198604988,64492.8647677283,82990.8162783233,74846.9949629344,79225.1420882917,71729.9607603408
4.53_502.1644n,CSID10025716,"13,14-Dimethoxy-7-methyl-6-methylene-5,6,7,8-tetrahydro[1,3]benzodioxolo[5′,6′:3,4]cycloocta[1,2-f][1,3]benzodioxol-5-yl benzoate",Sintético / Indefinido,NaN,C29H26O8,NaN,NaN,NaN,36,0,3.23138125081921,84.0397502750505,11,0.1142,"M-H, 2M-H",NaN,NaN,NaN,NaN,No,No,NaN,http://nonlinear.com/redirect/outbound?p=chemspider&param=10025716,NaN,NaN,245.836863103442,210.938267402565,54557.1546379776,12244.116141254,24507.8681312755,6133.88442346317,669.763676111977,631.470389217019,50.5342392632583,14.8743851928966,694.63368801825,682.73438836727
4.53_502.1644n,CSID16736561,Adozelesin,Sintético / Indefinido,No,C30H22N4O4,CC1=CNC2=C1[C@@]34C[C@@H]3CN(C4=CC2=O)C(=O)C5=CC6=C(N5)C=CC(=C6)NC(=O)C7=CC8=CC=CC=C8O7,"N-[2-[(1R,12S)-3-methyl-7-oxo-5,10-diazatetracyclo[7.4.0.01,12.02,6]trideca-2(6),3,8-triene-10-carbonyl]-1H-indol-5-yl]-1-benzofuran-2-carboxamide",BYRVKDUQDLJUBX-JJCDCTGGSA-N,37,0,0.568896403689621,85.6385831456806,11,0.1142,"M-H, 2M-H",Adozelesin is an indolecarboxamide.,NaN,Small molecule,2.0,No,No,ChEBI,http://nonlinear.com/redirect/outbound?p=chemspider&param=16736561,NaN,NaN,245.836863103442,210.938267402565,54557.1546379776,12244.116141254,24507.8681312755,6133.88442346317,669.763676111977,631.470389217019,50.5342392632583,14.8743851928966,694.63368801825,682.73438836727
4.53_502.1644n,CSID28288545,"(1R,2S,3R)-2-(2,4-Dihydroxyphenyl)-3-(3,5-dihydroxyphenyl)-1-[(R)-(4-hydroxyphenyl)(methoxy)methyl]-4,6-indanediol",Sintético / Indefinido,NaN,C29H26O8,NaN,NaN,NaN,36,0,3.23138125081921,84.0397502750505,11,0.1142,"M-H, 2M-H",NaN,NaN,NaN,NaN,No,No,NaN,http://nonlinear.com/redirect/outbound?p=chemspider&param=28288545,NaN,NaN,245.836863103442,210.938267402565,54557.1546379776,12244.116141254,24507.8681312755,6133.88442346317,669.763676111977,631.470389217019,50.5342392632583,14.8743851928966,694.63368801825,682.73438836727
4.53_502.1644n,CSID30778608,"8-Chloro-5-(β-L-glucopyranuronosyl)-11-(4-methyl-1-piperazinyl)-5H-dibenzo[b,e][1,4]diazepine",Sintético / Indefinido,NaN,C24H27ClN4O6,NaN,NaN,NaN,34.6,13.6,4.93601624137193,65.2582860225128,11,0.1142,"M-H, 2M-H",NaN,NaN,NaN,NaN,No,No,NaN,http://nonlinear.com/redirect/outbound?p=chemspider&param=30778608,NaN,NaN,245.836863103442,210.938267402565,54557.1546379776,12244.116141254,24507.8681312755,6133.88442346317,669.763676111977,631.470389217019,50.5342392632583,14.8743851928966,694.63368801825,682.73438836727
4.53_502.1644n,CSID317091,Adozelesin,Sintético / Indefinido,No,C30H22N4O4,CC1=CNC2=C1[C@@]34C[C@@H]3CN(C4=CC2=O)C(=O)C5=CC6=C(N5)C=CC(=C6)NC(=O)C7=CC8=CC=CC=C8O7,"N-[2-[(1R,12S)-3-methyl-7-oxo-5,10-diazatetracyclo[7.4.0.01,12.02,6]trideca-2(6),3,8-triene-10-carbonyl]-1H-indol-5-yl]-1-benzofuran-2-carboxamide",BYRVKDUQDLJUBX-JJCDCTGGSA-N,37,0,0.568896403689621,85.6385831456806,11,0.1142,"M-H, 2M-H",Adozelesin is an indolecarboxamide.,NaN,Small molecule,2.0,No,No,ChEBI,http://nonlinear.com/redirect/outbound?p=chemspider&param=317091,NaN,NaN,245.836863103442,210.938267402565,54557.1546379776,12244.116141254,24507.8681312755,6133.88442346317,669.763676111977,631.470389217019,50.5342392632583,14.8743851928966,694.63368801825,682.73438836727
4.53_502.1644n,CSID5293205,Adozelesin,Sintético / Indefinido,No,C30H22N4O4,CC1=CNC2=C1[C@@]34C[C@@H]3CN(C4=CC2=O)C(=O)C5=CC6=C(N5)C=CC(=C6)NC(=O)C7=CC8=CC=CC=C8O7,"N-[2-[(1R,12S)-3-methyl-7-oxo-5,10-diazatetracyclo[7.4.0.01,12.02,6]trideca-2(6),3,8-triene-10-carbonyl]-1H-indol-5-yl]-1-benzofuran-2-carboxamide",BYRVKDUQDLJUBX-JJCDCTGGSA-N,37,0,0.568896403689621,85.6385831456806,11,0.1142,"M-H, 2M-H",Adozelesin is an indolecarboxamide.,NaN,Small molecule,2.0,No,No,ChEBI,http://nonlinear.com/redirect/outbound?p=chemspider&param=5293205,NaN,NaN,245.836863103442,210.938267402565,54557.1546379776,12244.116141254,24507.8681312755,6133.88442346317,669.763676111977,631.470389217019,50.5342392632583,14.8743851928966,694.63368801825,682.73438836727
4.53_502.1644n,CSID65323518,"5-[8-Fluoro-2-({[2-(1H-1,2,4-triazol-1-yl)ethyl]carbamoyl}amino)[1,2,4]triazolo[1,5-a]pyridin-6-yl]-N-(2-methyl-2-propanyl)-3-pyridinesulfonamide",Sintético / Indefinido,NaN,C20H23FN10O3S,NaN,NaN,NaN,35.2,0.00112,-3.07332804178234,79.3869826549109,11,0.1142,"M-H, 2M-H",NaN,NaN,NaN,NaN,No,No,NaN,http://nonlinear.com/redirect/outbound?p=chemspider&param=65323518,NaN,NaN,245.836863103442,210.938267402565,54557.1546379776,12244.116141254,24507.8681312755,6133.88442346317,669.763676111977,631.470389217019,50.5342392632583,14.8743851928966,694.63368801825,682.73438836727
4.53_502.1644n,CSID67164811,"Sulfanediylbis(4,1-phenyleneoxy-2-hydroxy-3,1-propanediyl) bis(2-methylacrylate)",Sintético / Indefinido,NaN,C26H30O8S,NaN,NaN,NaN,35.2,0.00108,-3.48155821510704,80.0103834513285,11,0.1142,"M-H, 2M-H",NaN,NaN,NaN,NaN,No,No,NaN,http://nonlinear.com/redirect/outbound?p=chemspider&param=67164811,NaN,NaN,245.836863103442,210.938267402565,54557.1546379776,12244.116141254,24507.8681312755,6133.88442346317,669.763676111977,631.470389217019,50.5342392632583,14.8743851928966,694.63368801825,682.73438836727
4.53_502.1644n,CSID8404385,"(2E)-4-{3-[(2E)-3-(2,4-Dihydroxyphenyl)-2-propenoyl]-2,6-dihydroxyphenyl}-2-methyl-2-buten-1-yl (2E)-3-(4-hydroxyphenyl)acrylate",Sintético / Indefinido,NaN,C29H26O8,NaN,NaN,NaN,36,0,3.23138125081921,84.0397502750505,11,0.1142,"M-H, 2M-H",NaN,NaN,NaN,NaN,No,No,NaN,http://nonlinear.com/redirect/outbound?p=chemspider&param=8404385,NaN,NaN,245.836863103442,210.938267402565,54557.1546379776,12244.116141254,24507.8681312755,6133.88442346317,669.763676111977,631.470389217019,50.5342392632583,14.8743851928966,694.63368801825,682.73438836727
4.53_502.1644n,LMPK12120122,Demethoxyisogemichalcone C,Produto Natural,Yes,C29H26O8,C/C(=C\CC1=C(C=CC(=C1O)C(=O)/C=C/C2=C(C=C(C=C2)O)O)O)/COC(=O)/C=C/C3=CC=C(C=C3)O,"[(E)-4-[3-[(E)-3-(2,4-dihydroxyphenyl)prop-2-enoyl]-2,6-dihydroxyphenyl]-2-methylbut-2-enyl] (E)-3-(4-hydroxyphenyl)prop-2-enoate",XXQUTHYOIGFGPG-MPKNGZDBSA-N,36,0,3.23179884569227,84.0397502750505,11,0.1142,"M-H, 2M-H",Demethoxyisogemichalcone C is a member of chalcones.,NaN,Small molecule,NaN,No,No,ChEBI,http://www.lipidmaps.org/data/LMSDRecord.php?LMID=LMPK12120122,NaN,NaN,245.836863103442,210.938267402565,54557.1546379776,12244.116141254,24507.8681312755,6133.88442346317,669.763676111977,631.470389217019,50.5342392632583,14.8743851928966,694.63368801825,682.73438836727
3.71_348.1386n,1006187,"N-(2,5-difluorophenyl)-2-(4-methyl-6-oxo-2-pyrrolidin-1-ylpyrimidin-1-yl)acetamide",Sintético / Indefinido,NaN,C17H18F2N4O2,CC1=CC(=O)N(C(=N1)N2CCCC2)CC(=O)NC3=C(C=CC(=C3)F)F,"N-(2,5-difluorophenyl)-2-(4-methyl-6-oxo-2-pyrrolidin-1-ylpyrimidin-1-yl)acetamide",FTXPCASXVXOQIL-UHFFFAOYSA-N,36.4,0,-3.37909657635619,86.1881687253367,9,0.177733333333333,"M-H, 2M-H",NaN,NaN,NaN,NaN,No,No,NaN,NaN,NaN,NaN,862.197916315765,834.323225169574,8082.70339848412,8250.61779941717,3559.3654119485,3809.2347508806,2761.28269868251,2849.21824683222,563.282168103845,698.029640963471,5320.27925501128,5365.67132482086
3.71_348.1386n,1017992,"N-(3,4-difluorophenyl)-2-(4-methyl-6-oxo-2-pyrrolidin-1-ylpyrimidin-1-yl)acetamide",Sintético / Indefinido,NaN,C17H18F2N4O2,CC1=CC(=O)N(C(=N1)N2CCCC2)CC(=O)NC3=CC(=C(C=C3)F)F,"N-(3,4-difluorophenyl)-2-(4-methyl-6-oxo-2-pyrrolidin-1-ylpyrimidin-1-yl)acetamide",LQEACSXHUMUKFV-UHFFFAOYSA-N,36.4,0,-3.37909657635619,86.1881687253367,9,0.177733333333333,"M-H, 2M-H",NaN,NaN,NaN,NaN,No,No,NaN,NaN,NaN,NaN,862.197916315765,834.323225169574,8082.70339848412,8250.61779941717,3559.3654119485,3809.2347508806,2761.28269868251,2849.21824683222,563.282168103845,698.029640963471,5320.27925501128,5365.67132482086
3.71_348.1386n,1022691,"N-(3,5-difluorophenyl)-2-(4-methyl-6-oxo-2-pyrrolidin-1-ylpyrimidin-1-yl)acetamide",Sintético / Indefinido,NaN,C17H18F2N4O2,CC1=CC(=O)N(C(=N1)N2CCCC2)CC(=O)NC3=CC(=CC(=C3)F)F,"N-(3,5-difluorophenyl)-2-(4-methyl-6-oxo-2-pyrrolidin-1-ylpyrimidin-1-yl)acetamide",HGZXUTXPTDMYQF-UHFFFAOYSA-N,36.4,0,-3.37909657635619,86.1881687253367,9,0.177733333333333,"M-H, 2M-H",NaN,NaN,NaN,NaN,No,No,NaN,NaN,NaN,NaN,862.197916315765,834.323225169574,8082.70339848412,8250.61779941717,3559.3654119485,3809.2347508806,2761.28269868251,2849.21824683222,563.282168103845,698.029640963471,5320.27925501128,5365.67132482086
3.71_348.1386n,1033027,"7-(4-fluoro-2-methoxyphenyl)-2-(2-phenylethyl)-[1,2,4]triazolo[1,5-a]pyrimidine",Sintético / Indefinido,NaN,C20H17FN4O,COC1=C(C=CC(=C1)F)C2=CC=NC3=NC(=NN23)CCC4=CC=CC=C4,"7-(4-fluoro-2-methoxyphenyl)-2-(2-phenylethyl)-[1,2,4]triazolo[1,5-a]pyrimidine",XCABGZBQAAXICO-UHFFFAOYSA-N,36.7,0,-0.0963016242214139,83.6645874744811,9,0.177733333333333,"M-H, 2M-H",NaN,NaN,NaN,NaN,No,No,NaN,NaN,NaN,NaN,862.197916315765,834.323225169574,8082.70339848412,8250.61779941717,3559.3654119485,3809.2347508806,2761.28269868251,2849.21824683222,563.282168103845,698.029640963471,5320.27925501128,5365.67132482086
3.71_348.1386n,1037274,"N-(2,4-difluorophenyl)-3-(2-hydroxyethyl)-1-pyrimidin-2-ylpyrrolidine-3-carboxamide",Sintético / Indefinido,NaN,C17H18F2N4O2,NaN,NaN,NaN,36.4,0,-3.37909657651947,86.1881687253367,9,0.177733333333333,"M-H, 2M-H",NaN,NaN,NaN,NaN,No,No,NaN,NaN,NaN,NaN,862.197916315765,834.323225169574,8082.70339848412,8250.61779941717,3559.3654119485,3809.2347508806,2761.28269868251,2849.21824683222,563.282168103845,698.029640963471,5320.27925501128,5365.67132482086
3.71_348.1386n,1077816,"7-(2-fluoro-4-methoxyphenyl)-2-(2-phenylethyl)-[1,2,4]triazolo[1,5-a]pyrimidine",Sintético / Indefinido,NaN,C20H17FN4O,COC1=CC(=C(C=C1)C2=CC=NC3=NC(=NN23)CCC4=CC=CC=C4)F,"7-(2-fluoro-4-methoxyphenyl)-2-(2-phenylethyl)-[1,2,4]triazolo[1,5-a]pyrimidine",QQDCNMLCSOFEJB-UHFFFAOYSA-N,36.7,0,-0.0963016242214139,83.6645874744811,9,0.177733333333333,"M-H, 2M-H",NaN,NaN,NaN,NaN,No,No,NaN,NaN,NaN,NaN,862.197916315765,834.323225169574,8082.70339848412,8250.61779941717,3559.3654119485,3809.2347508806,2761.28269868251,2849.21824683222,563.282168103845,698.029640963471,5320.27925501128,5365.67132482086
3.71_348.1386n,CSID20459,Benzindopyrine hydrochloride,Sintético / Indefinido,No,C22H21ClN2,C1=CC=C(C=C1)CN2C=C(C3=CC=CC=C32)CCC4=CC=NC=C4.Cl,1-benzyl-3-(2-pyridin-4-ylethyl)indole;hydrochloride,FPHIGGMDBMWPDB-UHFFFAOYSA-N,32,0,-2.06848900021768,62.6495014078487,9,0.177733333333333,"M-H, 2M-H",NaN,NaN,Small molecule,-1.0,No,No,NaN,http://nonlinear.com/redirect/outbound?p=chemspider&param=20459,NaN,NaN,862.197916315765,834.323225169574,8082.70339848412,8250.61779941717,3559.3654119485,3809.2347508806,2761.28269868251,2849.21824683222,563.282168103845,698.029640963471,5320.27925501128,5365.67132482086
3.71_348.1386n,CSID21629520,"2-(3,6-Diphenyl-4-pyridazinyl)-1H-benzimidazole",Sintético / Indefinido,NaN,C23H16N4,NaN,NaN,NaN,35.5,0,3.18517150024876,81.2148672191897,9,0.177733333333333,"M-H, 2M-H",NaN,NaN,NaN,NaN,No,No,NaN,http://nonlinear.com/redirect/outbound?p=chemspider&param=21629520,NaN,NaN,862.197916315765,834.323225169574,8082.70339848412,8250.61779941717,3559.3654119485,3809.2347508806,2761.28269868251,2849.21824683222,563.282168103845,698.029640963471,5320.27925501128,5365.67132482086
3.71_348.1386n,CSID67173872,"6,7,8-Triphenyl[1,2,4]triazolo[4,3-b]pyridazine",Sintético / Indefinido,NaN,C23H16N4,C1=CC=C(C=C1)C2=C(C3=NN=CN3N=C2C4=CC=CC=C4)C5=CC=CC=C5,"6,7,8-triphenyl-[1,2,4]triazolo[4,3-b]pyridazine",VMIRNNTTZGKOLH-UHFFFAOYSA-N,35.5,0,3.18517150024876,81.2148672191897,9,0.177733333333333,"M-H, 2M-H",NaN,NaN,NaN,NaN,No,No,NaN,http://nonlinear.com/redirect/outbound?p=chemspider&param=67173872,NaN,NaN,862.197916315765,834.323225169574,8082.70339848412,8250.61779941717,3559.3654119485,3809.2347508806,2761.28269868251,2849.21824683222,563.282168103845,698.029640963471,5320.27925501128,5365.67132482086
4.53_502.1799n,CSID67158364,"(3,8-Diphenyl-1,6-pyrenediyl)bis(dimethylsilanol)",Sintético / Indefinido,NaN,C32H30O2Si2,NaN,NaN,NaN,35,0,2.82661971526761,78.4841295628709,1,0.171283333333333,"M-H, 2M-H",NaN,NaN,NaN,NaN,No,No,NaN,http://nonlinear.com/redirect/outbound?p=chemspider&param=67158364,NaN,NaN,929.429418821081,948.14937258267,57580.1923100755,61709.1726318689,26293.6303754384,28014.2897276086,3323.68598620752,3510.70074138164,61.6154161634173,70.39264254359,3204.22377112147,3207.96304472581
8.74_429.2676n,45268,AL 8810 ethyl amide,Sintético / Indefinido,NaN,C26H36FNO3,CCNC(=O)CCC/C=C\C[C@H]1[C@H](C[C@@H]([C@@H]1/C=C/[C@@H](C2CC3=CC=CC=C3C2)O)F)O,"(Z)-7-[(1R,2R,3S,5S)-2-[(E,3R)-3-(2,3-dihydro-1H-inden-2-yl)-3-hydroxyprop-1-enyl]-3-fluoro-5-hydroxycyclopentyl]-N-ethylhept-5-enamide",VABRORXFVJOSHQ-OXDHMAHTSA-N,36.5,0,-0.69941069830618,83.575462108807,6,0.106349999999999,"M-H2O-H, M-H",NaN,NaN,NaN,NaN,No,No,NaN,NaN,NaN,NaN,3921.40537023573,3341.62460535716,3237.68471756666,2901.47289152866,5702.52440464968,4946.73736299137,2685.20014178601,2397.99873426618,3405.7428038953,3084.47328786757,2667.09879094763,2474.36394305631
8.74_429.2676n,CSID2300875,Miproxifene,Sintético / Indefinido,No,C29H35NO2,CC/C(=C(\C1=CC=C(C=C1)O)/C2=CC=C(C=C2)OCCN(C)C)/C3=CC=C(C=C3)C(C)C,4-[(Z)-1-[4-[2-(dimethylamino)ethoxy]phenyl]-2-(4-propan-2-ylphenyl)but-1-enyl]phenol,FVVPWVFWOOMXEZ-ZIADKAODSA-N,36,1.27,1.9638217167002,81.1316564238829,6,0.106349999999999,"M-H2O-H, M-H",NaN,NaN,Small molecule,2.0,No,No,NaN,http://nonlinear.com/redirect/outbound?p=chemspider&param=2300875,NaN,NaN,3921.40537023573,3341.62460535716,3237.68471756666,2901.47289152866,5702.52440464968,4946.73736299137,2685.20014178601,2397.99873426618,3405.7428038953,3084.47328786757,2667.09879094763,2474.36394305631
8.74_429.2676n,CSID49889,Mifepristone,Produto Natural,Yes,C29H35NO2,CC#C[C@@]1(CC[C@@H]2[C@@]1(C[C@@H](C3=C4CCC(=O)C=C4CC[C@@H]23)C5=CC=C(C=C5)N(C)C)C)O,"(8S,11R,13S,14S,17S)-11-[4-(dimethylamino)phenyl]-17-hydroxy-13-methyl-17-prop-1-ynyl-1,2,6,7,8,11,12,14,15,16-decahydrocyclopenta[a]phenanthren-3-one",VKHAHZOOUSRJNA-GCNJZUOMSA-N,43.8,40,1.9638217167002,81.1316564238829,6,0.106349999999999,"M-H2O-H, M-H","Mifepristone is a 3-oxo-Delta(4) steroid, a tertiary amino compound and an acetylenic compound. It has a role as a hormone antagonist, a contraceptive drug, a synthetic oral contraceptive and an abortifacient. It derives from a hydride of an estrane.",NaN,Small molecule,4.0,No,No,ChEBI,http://nonlinear.com/redirect/outbound?p=chemspider&param=49889,NaN,NaN,3921.40537023573,3341.62460535716,3237.68471756666,2901.47289152866,5702.52440464968,4946.73736299137,2685.20014178601,2397.99873426618,3405.7428038953,3084.47328786757,2667.09879094763,2474.36394305631
8.74_429.2676n,CSID571088,4-(diphenylmethoxymethyl)-1-(3-(4-methoxyphenyl)propyl)piperidine,Produto Natural,Yes,C29H35NO2,COC1=CC=C(C=C1)CCCN2CCC(CC2)COC(C3=CC=CC=C3)C4=CC=CC=C4,4-(benzhydryloxymethyl)-1-[3-(4-methoxyphenyl)propyl]piperidine,WRTXEGOLODUQIE-UHFFFAOYSA-N,35.8,0.363,1.9638217167002,81.1316564238829,6,0.106349999999999,"M-H2O-H, M-H",UK 78282 is a diarylmethane.,NaN,Small molecule,NaN,No,No,ChEBI,http://nonlinear.com/redirect/outbound?p=chemspider&param=571088,NaN,NaN,3921.40537023573,3341.62460535716,3237.68471756666,2901.47289152866,5702.52440464968,4946.73736299137,2685.20014178601,2397.99873426618,3405.7428038953,3084.47328786757,2667.09879094763,2474.36394305631
8.74_429.2676n,CSID67174425,"7,7,9,9-Tetramethyl-3-[3-(triethoxysilyl)propyl]-1,3,8-triazaspiro[4.5]decane-2,4-dione",Sintético / Indefinido,NaN,C20H39N3O5Si,NaN,NaN,NaN,35.3,0,4.01616674160016,81.1732603061414,6,0.106349999999999,"M-H2O-H, M-H",NaN,NaN,NaN,NaN,No,No,NaN,http://nonlinear.com/redirect/outbound?p=chemspider&param=67174425,NaN,NaN,3921.40537023573,3341.62460535716,3237.68471756666,2901.47289152866,5702.52440464968,4946.73736299137,2685.20014178601,2397.99873426618,3405.7428038953,3084.47328786757,2667.09879094763,2474.36394305631
8.74_429.2676n,HMDB14972,Mifepristone,Produto Natural,Yes,C29H35NO2,CC#C[C@@]1(CC[C@@H]2[C@@]1(C[C@@H](C3=C4CCC(=O)C=C4CC[C@@H]23)C5=CC=C(C=C5)N(C)C)C)O,"(8S,11R,13S,14S,17S)-11-[4-(dimethylamino)phenyl]-17-hydroxy-13-methyl-17-prop-1-ynyl-1,2,6,7,8,11,12,14,15,16-decahydrocyclopenta[a]phenanthren-3-one",VKHAHZOOUSRJNA-GCNJZUOMSA-N,43.3,38,1.96296823634135,81.1316564238829,6,0.106349999999999,"M-H2O-H, M-H","Mifepristone is a 3-oxo-Delta(4) steroid, a tertiary amino compound and an acetylenic compound. It has a role as a hormone antagonist, a contraceptive drug, a synthetic oral contraceptive and an abortifacient. It derives from a hydride of an estrane.",NaN,Small molecule,4.0,No,No,ChEBI,http://nonlinear.com/redirect/outbound?p=hmdb&param=HMDB14972,NaN,NaN,3921.40537023573,3341.62460535716,3237.68471756666,2901.47289152866,5702.52440464968,4946.73736299137,2685.20014178601,2397.99873426618,3405.7428038953,3084.47328786757,2667.09879094763,2474.36394305631
4.60_504.1947n,CSID129122,Tamolarizine Dihydrochloride,Sintético / Indefinido,NaN,C27H34Cl2N2O3,COC1=C(C=C(C=C1)C(CN2CCN(CC2)C(C3=CC=CC=C3)C4=CC=CC=C4)O)OC.Cl.Cl,"2-(4-benzhydrylpiperazin-1-yl)-1-(3,4-dimethoxyphenyl)ethanol;dihydrochloride",ZIGNSXDSBVYYFD-UHFFFAOYSA-N,29.5,0,0.053525382548573,47.6091652887748,147,0.0920833333333331,"M-H, 2M-H",NaN,NaN,NaN,NaN,No,No,NaN,http://nonlinear.com/redirect/outbound?p=chemspider&param=129122,NaN,NaN,0.0,1.2741088867208,3426.9337336991,3177.44360613685,3221.75835770344,3048.47479438952,126.843137384132,150.199078811993,1.65507385300171,0.0061854444123575,408.987715154461,455.565628290329
4.60_504.1947n,CSID16576976,ala-asn-asp-trp,Metabólito Endógeno (HMDB),Yes,C22H28N6O8,NaN,NaN,NaN,36.2,0.8,-4.33761681885387,85.2703527365029,147,0.0920833333333331,"M-H, 2M-H",Fragmento de peptídeo identificado por sequenciamento.,NaN,Oligopeptide,NaN,Yes,Yes,Regras Locais (Peptídeo),http://nonlinear.com/redirect/outbound?p=chemspider&param=16576976,NaN,NaN,0.0,1.2741088867208,3426.9337336991,3177.44360613685,3221.75835770344,3048.47479438952,126.843137384132,150.199078811993,1.65507385300171,0.0061854444123575,408.987715154461,455.565628290329
4.60_504.1947n,CSID16577242,ala-asn-trp-asp,Metabólito Endógeno (HMDB),Yes,C22H28N6O8,NaN,NaN,NaN,36.2,0.8,-4.33761681885387,85.2703527365029,147,0.0920833333333331,"M-H, 2M-H",Fragmento de peptídeo identificado por sequenciamento.,NaN,Oligopeptide,NaN,Yes,Yes,Regras Locais (Peptídeo),http://nonlinear.com/redirect/outbound?p=chemspider&param=16577242,NaN,NaN,0.0,1.2741088867208,3426.9337336991,3177.44360613685,3221.75835770344,3048.47479438952,126.843137384132,150.199078811993,1.65507385300171,0.0061854444123575,408.987715154461,455.565628290329
4.60_504.1947n,CSID16577356,ala-asp-asn-trp,Metabólito Endógeno (HMDB),Yes,C22H28N6O8,NaN,NaN,NaN,36.2,0.8,-4.33761681885387,85.2703527365029,147,0.0920833333333331,"M-H, 2M-H",Fragmento de peptídeo identificado por sequenciamento.,NaN,Oligopeptide,NaN,Yes,Yes,Regras Locais (Peptídeo),http://nonlinear.com/redirect/outbound?p=chemspider&param=16577356,NaN,NaN,0.0,1.2741088867208,3426.9337336991,3177.44360613685,3221.75835770344,3048.47479438952,126.843137384132,150.199078811993,1.65507385300171,0.0061854444123575,408.987715154461,455.565628290329
4.60_504.1947n,CSID16577477,ala-asp-his-tyr,Metabólito Endógeno (HMDB),Yes,C22H28N6O8,NaN,NaN,NaN,36,0,-4.33761681885387,85.2703527365029,147,0.0920833333333331,"M-H, 2M-H",Fragmento de peptídeo identificado por sequenciamento.,NaN,Oligopeptide,NaN,Yes,Yes,Regras Locais (Peptídeo),http://nonlinear.com/redirect/outbound?p=chemspider&param=16577477,NaN,NaN,0.0,1.2741088867208,3426.9337336991,3177.44360613685,3221.75835770344,3048.47479438952,126.843137384132,150.199078811993,1.65507385300171,0.0061854444123575,408.987715154461,455.565628290329
4.60_504.1947n,CSID16577641,ala-asp-trp-asn,Metabólito Endógeno (HMDB),Yes,C22H28N6O8,NaN,NaN,NaN,36.2,0.8,-4.33761681885387,85.2703527365029,147,0.0920833333333331,"M-H, 2M-H",Fragmento de peptídeo identificado por sequenciamento.,NaN,Oligopeptide,NaN,Yes,Yes,Regras Locais (Peptídeo),http://nonlinear.com/redirect/outbound?p=chemspider&param=16577641,NaN,NaN,0.0,1.2741088867208,3426.9337336991,3177.44360613685,3221.75835770344,3048.47479438952,126.843137384132,150.199078811993,1.65507385300171,0.0061854444123575,408.987715154461,455.565628290329
4.60_504.1947n,CSID16577667,ala-asp-tyr-his,Metabólito Endógeno (HMDB),Yes,C22H28N6O8,NaN,NaN,NaN,36,0,-4.33761681885387,85.2703527365029,147,0.0920833333333331,"M-H, 2M-H",Fragmento de peptídeo identificado por sequenciamento.,NaN,Oligopeptide,NaN,Yes,Yes,Regras Locais (Peptídeo),http://nonlinear.com/redirect/outbound?p=chemspider&param=16577667,NaN,NaN,0.0,1.2741088867208,3426.9337336991,3177.44360613685,3221.75835770344,3048.47479438952,126.843137384132,150.199078811993,1.65507385300171,0.0061854444123575,408.987715154461,455.565628290329
4.60_504.1947n,CSID16579364,ala-his-asp-tyr,Metabólito Endógeno (HMDB),Yes,C22H28N6O8,NaN,NaN,NaN,36,0,-4.33761681885387,85.2703527365029,147,0.0920833333333331,"M-H, 2M-H",Fragmento de peptídeo identificado por sequenciamento.,NaN,Oligopeptide,NaN,Yes,Yes,Regras Locais (Peptídeo),http://nonlinear.com/redirect/outbound?p=chemspider&param=16579364,NaN,NaN,0.0,1.2741088867208,3426.9337336991,3177.44360613685,3221.75835770344,3048.47479438952,126.843137384132,150.199078811993,1.65507385300171,0.0061854444123575,408.987715154461,455.565628290329
4.60_504.1947n,CSID16579648,ala-his-tyr-asp,Metabólito Endógeno (HMDB),Yes,C22H28N6O8,NaN,NaN,NaN,36,0,-4.33761681885387,85.2703527365029,147,0.0920833333333331,"M-H, 2M-H",Fragmento de peptídeo identificado por sequenciamento.,NaN,Oligopeptide,NaN,Yes,Yes,Regras Locais (Peptídeo),http://nonlinear.com/redirect/outbound?p=chemspider&param=16579648,NaN,NaN,0.0,1.2741088867208,3426.9337336991,3177.44360613685,3221.75835770344,3048.47479438952,126.843137384132,150.199078811993,1.65507385300171,0.0061854444123575,408.987715154461,455.565628290329
4.60_504.1947n,CSID16582917,ala-trp-asn-asp,Metabólito Endógeno (HMDB),Yes,C22H28N6O8,NaN,NaN,NaN,36.2,0.8,-4.33761681885387,85.2703527365029,147,0.0920833333333331,"M-H, 2M-H",Fragmento de peptídeo identificado por sequenciamento.,NaN,Oligopeptide,NaN,Yes,Yes,Regras Locais (Peptídeo),http://nonlinear.com/redirect/outbound?p=chemspider&param=16582917,NaN,NaN,0.0,1.2741088867208,3426.9337336991,3177.44360613685,3221.75835770344,3048.47479438952,126.843137384132,150.199078811993,1.65507385300171,0.0061854444123575,408.987715154461,455.565628290329
4.60_504.1947n,CSID16582936,ala-trp-asp-asn,Metabólito Endógeno (HMDB),Yes,C22H28N6O8,NaN,NaN,NaN,36.2,0.8,-4.33761681885387,85.2703527365029,147,0.0920833333333331,"M-H, 2M-H",Fragmento de peptídeo identificado por sequenciamento.,NaN,Oligopeptide,NaN,Yes,Yes,Regras Locais (Peptídeo),http://nonlinear.com/redirect/outbound?p=chemspider&param=16582936,NaN,NaN,0.0,1.2741088867208,3426.9337336991,3177.44360613685,3221.75835770344,3048.47479438952,126.843137384132,150.199078811993,1.65507385300171,0.0061854444123575,408.987715154461,455.565628290329
4.60_504.1947n,CSID16583339,ala-tyr-asp-his,Metabólito Endógeno (HMDB),Yes,C22H28N6O8,NaN,NaN,NaN,36,0,-4.33761681885387,85.2703527365029,147,0.0920833333333331,"M-H, 2M-H",Fragmento de peptídeo identificado por sequenciamento.,NaN,Oligopeptide,NaN,Yes,Yes,Regras Locais (Peptídeo),http://nonlinear.com/redirect/outbound?p=chemspider&param=16583339,NaN,NaN,0.0,1.2741088867208,3426.9337336991,3177.44360613685,3221.75835770344,3048.47479438952,126.843137384132,150.199078811993,1.65507385300171,0.0061854444123575,408.987715154461,455.565628290329
4.60_504.1947n,CSID16583434,ala-tyr-his-asp,Metabólito Endógeno (HMDB),Yes,C22H28N6O8,NaN,NaN,NaN,36,0,-4.33761681885387,85.2703527365029,147,0.0920833333333331,"M-H, 2M-H",Fragmento de peptídeo identificado por sequenciamento.,NaN,Oligopeptide,NaN,Yes,Yes,Regras Locais (Peptídeo),http://nonlinear.com/redirect/outbound?p=chemspider&param=16583434,NaN,NaN,0.0,1.2741088867208,3426.9337336991,3177.44360613685,3221.75835770344,3048.47479438952,126.843137384132,150.199078811993,1.65507385300171,0.0061854444123575,408.987715154461,455.565628290329
4.60_504.1947n,CSID16592112,asn-ala-asp-trp,Metabólito Endógeno (HMDB),Yes,C22H28N6O8,NaN,NaN,NaN,36.2,0.8,-4.33761681885387,85.2703527365029,147,0.0920833333333331,"M-H, 2M-H",Fragmento de peptídeo identificado por sequenciamento.,NaN,Oligopeptide,NaN,Yes,Yes,Regras Locais (Peptídeo),http://nonlinear.com/redirect/outbound?p=chemspider&param=16592112,NaN,NaN,0.0,1.2741088867208,3426.9337336991,3177.44360613685,3221.75835770344,3048.47479438952,126.843137384132,150.199078811993,1.65507385300171,0.0061854444123575,408.987715154461,455.565628290329
4.60_504.1947n,CSID16592378,asn-ala-trp-asp,Metabólito Endógeno (HMDB),Yes,C22H28N6O8,NaN,NaN,NaN,36.2,0.8,-4.33761681885387,85.2703527365029,147,0.0920833333333331,"M-H, 2M-H",Fragmento de peptídeo identificado por sequenciamento.,NaN,Oligopeptide,NaN,Yes,Yes,Regras Locais (Peptídeo),http://nonlinear.com/redirect/outbound?p=chemspider&param=16592378,NaN,NaN,0.0,1.2741088867208,3426.9337336991,3177.44360613685,3221.75835770344,3048.47479438952,126.843137384132,150.199078811993,1.65507385300171,0.0061854444123575,408.987715154461,455.565628290329
4.60_504.1947n,CSID16593251,asn-asp-ala-trp,Metabólito Endógeno (HMDB),Yes,C22H28N6O8,NaN,NaN,NaN,36.2,0.8,-4.33761681885387,85.2703527365029,147,0.0920833333333331,"M-H, 2M-H",Fragmento de peptídeo identificado por sequenciamento.,NaN,Oligopeptide,NaN,Yes,Yes,Regras Locais (Peptídeo),http://nonlinear.com/redirect/outbound?p=chemspider&param=16593251,NaN,NaN,0.0,1.2741088867208,3426.9337336991,3177.44360613685,3221.75835770344,3048.47479438952,126.843137384132,150.199078811993,1.65507385300171,0.0061854444123575,408.987715154461,455.565628290329
4.60_504.1947n,CSID16593574,asn-asp-trp-ala,Metabólito Endógeno (HMDB),Yes,C22H28N6O8,NaN,NaN,NaN,36.2,0.8,-4.33761681885387,85.2703527365029,147,0.0920833333333331,"M-H, 2M-H",Fragmento de peptídeo identificado por sequenciamento.,NaN,Oligopeptide,NaN,Yes,Yes,Regras Locais (Peptídeo),http://nonlinear.com/redirect/outbound?p=chemspider&param=16593574,NaN,NaN,0.0,1.2741088867208,3426.9337336991,3177.44360613685,3221.75835770344,3048.47479438952,126.843137384132,150.199078811993,1.65507385300171,0.0061854444123575,408.987715154461,455.565628290329
4.60_504.1947n,CSID16594191,asn-glu-gly-trp,Metabólito Endógeno (HMDB),Yes,C22H28N6O8,NaN,NaN,NaN,36.2,0.8,-4.33761681885387,85.2703527365029,147,0.0920833333333331,"M-H, 2M-H",Fragmento de peptídeo identificado por sequenciamento.,NaN,Oligopeptide,NaN,Yes,Yes,Regras Locais (Peptídeo),http://nonlinear.com/redirect/outbound?p=chemspider&param=16594191,NaN,NaN,0.0,1.2741088867208,3426.9337336991,3177.44360613685,3221.75835770344,3048.47479438952,126.843137384132,150.199078811993,1.65507385300171,0.0061854444123575,408.987715154461,455.565628290329
4.60_504.1947n,CSID16594380,asn-glu-trp-gly,Metabólito Endógeno (HMDB),Yes,C22H28N6O8,NaN,NaN,NaN,36.2,0.8,-4.33761681885387,85.2703527365029,147,0.0920833333333331,"M-H, 2M-H",Fragmento de peptídeo identificado por sequenciamento.,NaN,Oligopeptide,NaN,Yes,Yes,Regras Locais (Peptídeo),http://nonlinear.com/redirect/outbound?p=chemspider&param=16594380,NaN,NaN,0.0,1.2741088867208,3426.9337336991,3177.44360613685,3221.75835770344,3048.47479438952,126.843137384132,150.199078811993,1.65507385300171,0.0061854444123575,408.987715154461,455.565628290329
4.60_504.1947n,CSID16594950,asn-gly-glu-trp,Metabólito Endógeno (HMDB),Yes,C22H28N6O8,NaN,NaN,NaN,36.2,0.8,-4.33761681885387,85.2703527365029,147,0.0920833333333331,"M-H, 2M-H",Fragmento de peptídeo identificado por sequenciamento.,NaN,Oligopeptide,NaN,Yes,Yes,Regras Locais (Peptídeo),http://nonlinear.com/redirect/outbound?p=chemspider&param=16594950,NaN,NaN,0.0,1.2741088867208,3426.9337336991,3177.44360613685,3221.75835770344,3048.47479438952,126.843137384132,150.199078811993,1.65507385300171,0.0061854444123575,408.987715154461,455.565628290329
4.60_504.1947n,CSID16595178,asn-gly-trp-glu,Metabólito Endógeno (HMDB),Yes,C22H28N6O8,NaN,NaN,NaN,36.2,0.8,-4.33761681885387,85.2703527365029,147,0.0920833333333331,"M-H, 2M-H",Fragmento de peptídeo identificado por sequenciamento.,NaN,Oligopeptide,NaN,Yes,Yes,Regras Locais (Peptídeo),http://nonlinear.com/redirect/outbound?p=chemspider&param=16595178,NaN,NaN,0.0,1.2741088867208,3426.9337336991,3177.44360613685,3221.75835770344,3048.47479438952,126.843137384132,150.199078811993,1.65507385300171,0.0061854444123575,408.987715154461,455.565628290329
4.60_504.1947n,CSID16598834,asn-trp-ala-asp,Metabólito Endógeno (HMDB),Yes,C22H28N6O8,NaN,NaN,NaN,36.2,0.8,-4.33761681885387,85.2703527365029,147,0.0920833333333331,"M-H, 2M-H",Fragmento de peptídeo identificado por sequenciamento.,NaN,Oligopeptide,NaN,Yes,Yes,Regras Locais (Peptídeo),http://nonlinear.com/redirect/outbound?p=chemspider&param=16598834,NaN,NaN,0.0,1.2741088867208,3426.9337336991,3177.44360613685,3221.75835770344,3048.47479438952,126.843137384132,150.199078811993,1.65507385300171,0.0061854444123575,408.987715154461,455.565628290329
4.60_504.1947n,CSID16598891,asn-trp-asp-ala,Metabólito Endógeno (HMDB),Yes,C22H28N6O8,NaN,NaN,NaN,36.2,0.8,-4.33761681885387,85.2703527365029,147,0.0920833333333331,"M-H, 2M-H",Fragmento de peptídeo identificado por sequenciamento.,NaN,Oligopeptide,NaN,Yes,Yes,Regras Locais (Peptídeo),http://nonlinear.com/redirect/outbound?p=chemspider&param=16598891,NaN,NaN,0.0,1.2741088867208,3426.9337336991,3177.44360613685,3221.75835770344,3048.47479438952,126.843137384132,150.199078811993,1.65507385300171,0.0061854444123575,408.987715154461,455.565628290329
4.60_504.1947n,CSID16598938,asn-trp-glu-gly,Metabólito Endógeno (HMDB),Yes,C22H28N6O8,NaN,NaN,NaN,36.2,0.8,-4.33761681885387,85.2703527365029,147,0.0920833333333331,"M-H, 2M-H",Fragmento de peptídeo identificado por sequenciamento.,NaN,Oligopeptide,NaN,Yes,Yes,Regras Locais (Peptídeo),http://nonlinear.com/redirect/outbound?p=chemspider&param=16598938,NaN,NaN,0.0,1.2741088867208,3426.9337336991,3177.44360613685,3221.75835770344,3048.47479438952,126.843137384132,150.199078811993,1.65507385300171,0.0061854444123575,408.987715154461,455.565628290329
4.60_504.1947n,CSID16598976,asn-trp-gly-glu,Metabólito Endógeno (HMDB),Yes,C22H28N6O8,NaN,NaN,NaN,36.2,0.8,-4.33761681885387,85.2703527365029,147,0.0920833333333331,"M-H, 2M-H",Fragmento de peptídeo identificado por sequenciamento.,NaN,Oligopeptide,NaN,Yes,Yes,Regras Locais (Peptídeo),http://nonlinear.com/redirect/outbound?p=chemspider&param=16598976,NaN,NaN,0.0,1.2741088867208,3426.9337336991,3177.44360613685,3221.75835770344,3048.47479438952,126.843137384132,150.199078811993,1.65507385300171,0.0061854444123575,408.987715154461,455.565628290329
4.60_504.1947n,CSID16600087,asp-ala-asn-trp,Metabólito Endógeno (HMDB),Yes,C22H28N6O8,NaN,NaN,NaN,36.2,0.8,-4.33761681885387,85.2703527365029,147,0.0920833333333331,"M-H, 2M-H",Fragmento de peptídeo identificado por sequenciamento.,NaN,Oligopeptide,NaN,Yes,Yes,Regras Locais (Peptídeo),http://nonlinear.com/redirect/outbound?p=chemspider&param=16600087,NaN,NaN,0.0,1.2741088867208,3426.9337336991,3177.44360613685,3221.75835770344,3048.47479438952,126.843137384132,150.199078811993,1.65507385300171,0.0061854444123575,408.987715154461,455.565628290329
4.60_504.1947n,CSID16600207,asp-ala-his-tyr,Metabólito Endógeno (HMDB),Yes,C22H28N6O8,NaN,NaN,NaN,36,0,-4.33761681885387,85.2703527365029,147,0.0920833333333331,"M-H, 2M-H",Fragmento de peptídeo identificado por sequenciamento.,NaN,Oligopeptide,NaN,Yes,Yes,Regras Locais (Peptídeo),http://nonlinear.com/redirect/outbound?p=chemspider&param=16600207,NaN,NaN,0.0,1.2741088867208,3426.9337336991,3177.44360613685,3221.75835770344,3048.47479438952,126.843137384132,150.199078811993,1.65507385300171,0.0061854444123575,408.987715154461,455.565628290329
4.60_504.1947n,CSID16600370,asp-ala-trp-asn,Metabólito Endógeno (HMDB),Yes,C22H28N6O8,NaN,NaN,NaN,36.2,0.8,-4.33761681885387,85.2703527365029,147,0.0920833333333331,"M-H, 2M-H",Fragmento de peptídeo identificado por sequenciamento.,NaN,Oligopeptide,NaN,Yes,Yes,Regras Locais (Peptídeo),http://nonlinear.com/redirect/outbound?p=chemspider&param=16600370,NaN,NaN,0.0,1.2741088867208,3426.9337336991,3177.44360613685,3221.75835770344,3048.47479438952,126.843137384132,150.199078811993,1.65507385300171,0.0061854444123575,408.987715154461,455.565628290329
4.60_504.1947n,CSID16600396,asp-ala-tyr-his,Metabólito Endógeno (HMDB),Yes,C22H28N6O8,NaN,NaN,NaN,36,0,-4.33761681885387,85.2703527365029,147,0.0920833333333331,"M-H, 2M-H",Fragmento de peptídeo identificado por sequenciamento.,NaN,Oligopeptide,NaN,Yes,Yes,Regras Locais (Peptídeo),http://nonlinear.com/redirect/outbound?p=chemspider&param=16600396,NaN,NaN,0.0,1.2741088867208,3426.9337336991,3177.44360613685,3221.75835770344,3048.47479438952,126.843137384132,150.199078811993,1.65507385300171,0.0061854444123575,408.987715154461,455.565628290329
4.60_504.1947n,CSID16600843,asp-asn-ala-trp,Metabólito Endógeno (HMDB),Yes,C22H28N6O8,NaN,NaN,NaN,36.2,0.8,-4.33761681885387,85.2703527365029,147,0.0920833333333331,"M-H, 2M-H",Fragmento de peptídeo identificado por sequenciamento.,NaN,Oligopeptide,NaN,Yes,Yes,Regras Locais (Peptídeo),http://nonlinear.com/redirect/outbound?p=chemspider&param=16600843,NaN,NaN,0.0,1.2741088867208,3426.9337336991,3177.44360613685,3221.75835770344,3048.47479438952,126.843137384132,150.199078811993,1.65507385300171,0.0061854444123575,408.987715154461,455.565628290329
4.60_504.1947n,CSID16601166,asp-asn-trp-ala,Metabólito Endógeno (HMDB),Yes,C22H28N6O8,NaN,NaN,NaN,36.2,0.8,-4.33761681885387,85.2703527365029,147,0.0920833333333331,"M-H, 2M-H",Fragmento de peptídeo identificado por sequenciamento.,NaN,Oligopeptide,NaN,Yes,Yes,Regras Locais (Peptídeo),http://nonlinear.com/redirect/outbound?p=chemspider&param=16601166,NaN,NaN,0.0,1.2741088867208,3426.9337336991,3177.44360613685,3221.75835770344,3048.47479438952,126.843137384132,150.199078811993,1.65507385300171,0.0061854444123575,408.987715154461,455.565628290329
4.60_504.1947n,CSID16602582,asp-gln-gly-trp,Metabólito Endógeno (HMDB),Yes,C22H28N6O8,NaN,NaN,NaN,36.2,0.8,-4.33761681885387,85.2703527365029,147,0.0920833333333331,"M-H, 2M-H",Fragmento de peptídeo identificado por sequenciamento.,NaN,Oligopeptide,NaN,Yes,Yes,Regras Locais (Peptídeo),http://nonlinear.com/redirect/outbound?p=chemspider&param=16602582,NaN,NaN,0.0,1.2741088867208,3426.9337336991,3177.44360613685,3221.75835770344,3048.47479438952,126.843137384132,150.199078811993,1.65507385300171,0.0061854444123575,408.987715154461,455.565628290329
4.60_504.1947n,CSID16602772,asp-gln-trp-gly,Metabólito Endógeno (HMDB),Yes,C22H28N6O8,NaN,NaN,NaN,36.2,0.8,-4.33761681885387,85.2703527365029,147,0.0920833333333331,"M-H, 2M-H",Fragmento de peptídeo identificado por sequenciamento.,NaN,Oligopeptide,NaN,Yes,Yes,Regras Locais (Peptídeo),http://nonlinear.com/redirect/outbound?p=chemspider&param=16602772,NaN,NaN,0.0,1.2741088867208,3426.9337336991,3177.44360613685,3221.75835770344,3048.47479438952,126.843137384132,150.199078811993,1.65507385300171,0.0061854444123575,408.987715154461,455.565628290329
4.60_504.1947n,CSID16602961,asp-gly-gln-trp,Metabólito Endógeno (HMDB),Yes,C22H28N6O8,NaN,NaN,NaN,36.2,0.8,-4.33761681885387,85.2703527365029,147,0.0920833333333331,"M-H, 2M-H",Fragmento de peptídeo identificado por sequenciamento.,NaN,Oligopeptide,NaN,Yes,Yes,Regras Locais (Peptídeo),http://nonlinear.com/redirect/outbound?p=chemspider&param=16602961,NaN,NaN,0.0,1.2741088867208,3426.9337336991,3177.44360613685,3221.75835770344,3048.47479438952,126.843137384132,150.199078811993,1.65507385300171,0.0061854444123575,408.987715154461,455.565628290329
4.60_504.1947n,CSID16603170,asp-gly-trp-gln,Metabólito Endógeno (HMDB),Yes,C22H28N6O8,NaN,NaN,NaN,36.2,0.8,-4.33761681885387,85.2703527365029,147,0.0920833333333331,"M-H, 2M-H",Fragmento de peptídeo identificado por sequenciamento.,NaN,Oligopeptide,NaN,Yes,Yes,Regras Locais (Peptídeo),http://nonlinear.com/redirect/outbound?p=chemspider&param=16603170,NaN,NaN,0.0,1.2741088867208,3426.9337336991,3177.44360613685,3221.75835770344,3048.47479438952,126.843137384132,150.199078811993,1.65507385300171,0.0061854444123575,408.987715154461,455.565628290329
4.60_504.1947n,CSID16603242,asp-his-ala-tyr,Metabólito Endógeno (HMDB),Yes,C22H28N6O8,NaN,NaN,NaN,36,0,-4.33761681885387,85.2703527365029,147,0.0920833333333331,"M-H, 2M-H",Fragmento de peptídeo identificado por sequenciamento.,NaN,Oligopeptide,NaN,Yes,Yes,Regras Locais (Peptídeo),http://nonlinear.com/redirect/outbound?p=chemspider&param=16603242,NaN,NaN,0.0,1.2741088867208,3426.9337336991,3177.44360613685,3221.75835770344,3048.47479438952,126.843137384132,150.199078811993,1.65507385300171,0.0061854444123575,408.987715154461,455.565628290329
4.60_504.1947n,CSID16603499,asp-his-phe-ser,Metabólito Endógeno (HMDB),Yes,C22H28N6O8,NaN,NaN,NaN,36,0,-4.33761681885387,85.2703527365029,147,0.0920833333333331,"M-H, 2M-H",Fragmento de peptídeo identificado por sequenciamento.,NaN,Oligopeptide,NaN,Yes,Yes,Regras Locais (Peptídeo),http://nonlinear.com/redirect/outbound?p=chemspider&param=16603499,NaN,NaN,0.0,1.2741088867208,3426.9337336991,3177.44360613685,3221.75835770344,3048.47479438952,126.843137384132,150.199078811993,1.65507385300171,0.0061854444123575,408.987715154461,455.565628290329
4.60_504.1947n,CSID16603537,asp-his-ser-phe,Metabólito Endógeno (HMDB),Yes,C22H28N6O8,NaN,NaN,NaN,36,0,-4.33761681885387,85.2703527365029,147,0.0920833333333331,"M-H, 2M-H",Fragmento de peptídeo identificado por sequenciamento.,NaN,Oligopeptide,NaN,Yes,Yes,Regras Locais (Peptídeo),http://nonlinear.com/redirect/outbound?p=chemspider&param=16603537,NaN,NaN,0.0,1.2741088867208,3426.9337336991,3177.44360613685,3221.75835770344,3048.47479438952,126.843137384132,150.199078811993,1.65507385300171,0.0061854444123575,408.987715154461,455.565628290329
4.60_504.1947n,CSID16603584,asp-his-tyr-ala,Metabólito Endógeno (HMDB),Yes,C22H28N6O8,NaN,NaN,NaN,36,0,-4.33761681885387,85.2703527365029,147,0.0920833333333331,"M-H, 2M-H",Fragmento de peptídeo identificado por sequenciamento.,NaN,Oligopeptide,NaN,Yes,Yes,Regras Locais (Peptídeo),http://nonlinear.com/redirect/outbound?p=chemspider&param=16603584,NaN,NaN,0.0,1.2741088867208,3426.9337336991,3177.44360613685,3221.75835770344,3048.47479438952,126.843137384132,150.199078811993,1.65507385300171,0.0061854444123575,408.987715154461,455.565628290329
4.60_504.1947n,CSID16605396,asp-phe-his-ser,Metabólito Endógeno (HMDB),Yes,C22H28N6O8,NaN,NaN,NaN,36,0,-4.33761681885387,85.2703527365029,147,0.0920833333333331,"M-H, 2M-H",Fragmento de peptídeo identificado por sequenciamento.,NaN,Oligopeptide,NaN,Yes,Yes,Regras Locais (Peptídeo),http://nonlinear.com/redirect/outbound?p=chemspider&param=16605396,NaN,NaN,0.0,1.2741088867208,3426.9337336991,3177.44360613685,3221.75835770344,3048.47479438952,126.843137384132,150.199078811993,1.65507385300171,0.0061854444123575,408.987715154461,455.565628290329
4.60_504.1947n,CSID16605528,asp-phe-ser-his,Metabólito Endógeno (HMDB),Yes,C22H28N6O8,NaN,NaN,NaN,36,0,-4.33761681885387,85.2703527365029,147,0.0920833333333331,"M-H, 2M-H",Fragmento de peptídeo identificado por sequenciamento.,NaN,Oligopeptide,NaN,Yes,Yes,Regras Locais (Peptídeo),http://nonlinear.com/redirect/outbound?p=chemspider&param=16605528,NaN,NaN,0.0,1.2741088867208,3426.9337336991,3177.44360613685,3221.75835770344,3048.47479438952,126.843137384132,150.199078811993,1.65507385300171,0.0061854444123575,408.987715154461,455.565628290329
4.60_504.1947n,CSID16606193,asp-ser-his-phe,Metabólito Endógeno (HMDB),Yes,C22H28N6O8,NaN,NaN,NaN,36,0,-4.33761681885387,85.2703527365029,147,0.0920833333333331,"M-H, 2M-H",Fragmento de peptídeo identificado por sequenciamento.,NaN,Oligopeptide,NaN,Yes,Yes,Regras Locais (Peptídeo),http://nonlinear.com/redirect/outbound?p=chemspider&param=16606193,NaN,NaN,0.0,1.2741088867208,3426.9337336991,3177.44360613685,3221.75835770344,3048.47479438952,126.843137384132,150.199078811993,1.65507385300171,0.0061854444123575,408.987715154461,455.565628290329
4.60_504.1947n,CSID16606288,asp-ser-phe-his,Metabólito Endógeno (HMDB),Yes,C22H28N6O8,NaN,NaN,NaN,36,0,-4.33761681885387,85.2703527365029,147,0.0920833333333331,"M-H, 2M-H",Fragmento de peptídeo identificado por sequenciamento.,NaN,Oligopeptide,NaN,Yes,Yes,Regras Locais (Peptídeo),http://nonlinear.com/redirect/outbound?p=chemspider&param=16606288,NaN,NaN,0.0,1.2741088867208,3426.9337336991,3177.44360613685,3221.75835770344,3048.47479438952,126.843137384132,150.199078811993,1.65507385300171,0.0061854444123575,408.987715154461,455.565628290329
4.60_504.1947n,CSID16606822,asp-trp-ala-asn,Metabólito Endógeno (HMDB),Yes,C22H28N6O8,NaN,NaN,NaN,36.2,0.8,-4.33761681885387,85.2703527365029,147,0.0920833333333331,"M-H, 2M-H",Fragmento de peptídeo identificado por sequenciamento.,NaN,Oligopeptide,NaN,Yes,Yes,Regras Locais (Peptídeo),http://nonlinear.com/redirect/outbound?p=chemspider&param=16606822,NaN,NaN,0.0,1.2741088867208,3426.9337336991,3177.44360613685,3221.75835770344,3048.47479438952,126.843137384132,150.199078811993,1.65507385300171,0.0061854444123575,408.987715154461,455.565628290329
4.60_504.1947n,CSID16606860,asp-trp-asn-ala,Metabólito Endógeno (HMDB),Yes,C22H28N6O8,NaN,NaN,NaN,36.2,0.8,-4.33761681885387,85.2703527365029,147,0.0920833333333331,"M-H, 2M-H",Fragmento de peptídeo identificado por sequenciamento.,NaN,Oligopeptide,NaN,Yes,Yes,Regras Locais (Peptídeo),http://nonlinear.com/redirect/outbound?p=chemspider&param=16606860,NaN,NaN,0.0,1.2741088867208,3426.9337336991,3177.44360613685,3221.75835770344,3048.47479438952,126.843137384132,150.199078811993,1.65507385300171,0.0061854444123575,408.987715154461,455.565628290329
4.60_504.1947n,CSID16606947,asp-trp-gln-gly,Metabólito Endógeno (HMDB),Yes,C22H28N6O8,NaN,NaN,NaN,36.2,0.8,-4.33761681885387,85.2703527365029,147,0.0920833333333331,"M-H, 2M-H",Fragmento de peptídeo identificado por sequenciamento.,NaN,Oligopeptide,NaN,Yes,Yes,Regras Locais (Peptídeo),http://nonlinear.com/redirect/outbound?p=chemspider&param=16606947,NaN,NaN,0.0,1.2741088867208,3426.9337336991,3177.44360613685,3221.75835770344,3048.47479438952,126.843137384132,150.199078811993,1.65507385300171,0.0061854444123575,408.987715154461,455.565628290329
4.60_504.1947n,CSID16606966,asp-trp-gly-gln,Metabólito Endógeno (HMDB),Yes,C22H28N6O8,NaN,NaN,NaN,36.2,0.8,-4.33761681885387,85.2703527365029,147,0.0920833333333331,"M-H, 2M-H",Fragmento de peptídeo identificado por sequenciamento.,NaN,Oligopeptide,NaN,Yes,Yes,Regras Locais (Peptídeo),http://nonlinear.com/redirect/outbound?p=chemspider&param=16606966,NaN,NaN,0.0,1.2741088867208,3426.9337336991,3177.44360613685,3221.75835770344,3048.47479438952,126.843137384132,150.199078811993,1.65507385300171,0.0061854444123575,408.987715154461,455.565628290329
4.60_504.1947n,CSID16607227,asp-tyr-ala-his,Metabólito Endógeno (HMDB),Yes,C22H28N6O8,NaN,NaN,NaN,36,0,-4.33761681885387,85.2703527365029,147,0.0920833333333331,"M-H, 2M-H",Fragmento de peptídeo identificado por sequenciamento.,NaN,Oligopeptide,NaN,Yes,Yes,Regras Locais (Peptídeo),http://nonlinear.com/redirect/outbound?p=chemspider&param=16607227,NaN,NaN,0.0,1.2741088867208,3426.9337336991,3177.44360613685,3221.75835770344,3048.47479438952,126.843137384132,150.199078811993,1.65507385300171,0.0061854444123575,408.987715154461,455.565628290329
4.60_504.1947n,CSID16607378,asp-tyr-his-ala,Metabólito Endógeno (HMDB),Yes,C22H28N6O8,NaN,NaN,NaN,36,0,-4.33761681885387,85.2703527365029,147,0.0920833333333331,"M-H, 2M-H",Fragmento de peptídeo identificado por sequenciamento.,NaN,Oligopeptide,NaN,Yes,Yes,Regras Locais (Peptídeo),http://nonlinear.com/redirect/outbound?p=chemspider&param=16607378,NaN,NaN,0.0,1.2741088867208,3426.9337336991,3177.44360613685,3221.75835770344,3048.47479438952,126.843137384132,150.199078811993,1.65507385300171,0.0061854444123575,408.987715154461,455.565628290329
4.60_504.1947n,CSID16616951,glu-asn-gly-trp,Metabólito Endógeno (HMDB),Yes,C22H28N6O8,NaN,NaN,NaN,36.2,0.8,-4.33761681885387,85.2703527365029,147,0.0920833333333331,"M-H, 2M-H",Fragmento de peptídeo identificado por sequenciamento.,NaN,Oligopeptide,NaN,Yes,Yes,Regras Locais (Peptídeo),http://nonlinear.com/redirect/outbound?p=chemspider&param=16616951,NaN,NaN,0.0,1.2741088867208,3426.9337336991,3177.44360613685,3221.75835770344,3048.47479438952,126.843137384132,150.199078811993,1.65507385300171,0.0061854444123575,408.987715154461,455.565628290329
4.60_504.1947n,CSID16617140,glu-asn-trp-gly,Metabólito Endógeno (HMDB),Yes,C22H28N6O8,NaN,NaN,NaN,36.2,0.8,-4.33761681885387,85.2703527365029,147,0.0920833333333331,"M-H, 2M-H",Fragmento de peptídeo identificado por sequenciamento.,NaN,Oligopeptide,NaN,Yes,Yes,Regras Locais (Peptídeo),http://nonlinear.com/redirect/outbound?p=chemspider&param=16617140,NaN,NaN,0.0,1.2741088867208,3426.9337336991,3177.44360613685,3221.75835770344,3048.47479438952,126.843137384132,150.199078811993,1.65507385300171,0.0061854444123575,408.987715154461,455.565628290329
4.60_504.1947n,CSID16618841,glu-gly-asn-trp,Metabólito Endógeno (HMDB),Yes,C22H28N6O8,NaN,NaN,NaN,36.2,0.8,-4.33761681885387,85.2703527365029,147,0.0920833333333331,"M-H, 2M-H",Fragmento de peptídeo identificado por sequenciamento.,NaN,Oligopeptide,NaN,Yes,Yes,Regras Locais (Peptídeo),http://nonlinear.com/redirect/outbound?p=chemspider&param=16618841,NaN,NaN,0.0,1.2741088867208,3426.9337336991,3177.44360613685,3221.75835770344,3048.47479438952,126.843137384132,150.199078811993,1.65507385300171,0.0061854444123575,408.987715154461,455.565628290329
4.60_504.1947n,CSID16618960,glu-gly-his-tyr,Metabólito Endógeno (HMDB),Yes,C22H28N6O8,NaN,NaN,NaN,36,0,-4.33761681885387,85.2703527365029,147,0.0920833333333331,"M-H, 2M-H",Fragmento de peptídeo identificado por sequenciamento.,NaN,Oligopeptide,NaN,Yes,Yes,Regras Locais (Peptídeo),http://nonlinear.com/redirect/outbound?p=chemspider&param=16618960,NaN,NaN,0.0,1.2741088867208,3426.9337336991,3177.44360613685,3221.75835770344,3048.47479438952,126.843137384132,150.199078811993,1.65507385300171,0.0061854444123575,408.987715154461,455.565628290329
4.60_504.1947n,CSID16619123,glu-gly-trp-asn,Metabólito Endógeno (HMDB),Yes,C22H28N6O8,NaN,NaN,NaN,36.2,0.8,-4.33761681885387,85.2703527365029,147,0.0920833333333331,"M-H, 2M-H",Fragmento de peptídeo identificado por sequenciamento.,NaN,Oligopeptide,NaN,Yes,Yes,Regras Locais (Peptídeo),http://nonlinear.com/redirect/outbound?p=chemspider&param=16619123,NaN,NaN,0.0,1.2741088867208,3426.9337336991,3177.44360613685,3221.75835770344,3048.47479438952,126.843137384132,150.199078811993,1.65507385300171,0.0061854444123575,408.987715154461,455.565628290329
4.60_504.1947n,CSID16619149,glu-gly-tyr-his,Metabólito Endógeno (HMDB),Yes,C22H28N6O8,NaN,NaN,NaN,36,0,-4.33761681885387,85.2703527365029,147,0.0920833333333331,"M-H, 2M-H",Fragmento de peptídeo identificado por sequenciamento.,NaN,Oligopeptide,NaN,Yes,Yes,Regras Locais (Peptídeo),http://nonlinear.com/redirect/outbound?p=chemspider&param=16619149,NaN,NaN,0.0,1.2741088867208,3426.9337336991,3177.44360613685,3221.75835770344,3048.47479438952,126.843137384132,150.199078811993,1.65507385300171,0.0061854444123575,408.987715154461,455.565628290329
4.60_504.1947n,CSID16619339,glu-his-gly-tyr,Metabólito Endógeno (HMDB),Yes,C22H28N6O8,NaN,NaN,NaN,36,0,-4.33761681885387,85.2703527365029,147,0.0920833333333331,"M-H, 2M-H",Fragmento de peptídeo identificado por sequenciamento.,NaN,Oligopeptide,NaN,Yes,Yes,Regras Locais (Peptídeo),http://nonlinear.com/redirect/outbound?p=chemspider&param=16619339,NaN,NaN,0.0,1.2741088867208,3426.9337336991,3177.44360613685,3221.75835770344,3048.47479438952,126.843137384132,150.199078811993,1.65507385300171,0.0061854444123575,408.987715154461,455.565628290329
4.60_504.1947n,CSID16619547,glu-his-tyr-gly,Metabólito Endógeno (HMDB),Yes,C22H28N6O8,NaN,NaN,NaN,36,0,-4.33761681885387,85.2703527365029,147,0.0920833333333331,"M-H, 2M-H",Fragmento de peptídeo identificado por sequenciamento.,NaN,Oligopeptide,NaN,Yes,Yes,Regras Locais (Peptídeo),http://nonlinear.com/redirect/outbound?p=chemspider&param=16619547,NaN,NaN,0.0,1.2741088867208,3426.9337336991,3177.44360613685,3221.75835770344,3048.47479438952,126.843137384132,150.199078811993,1.65507385300171,0.0061854444123575,408.987715154461,455.565628290329
4.60_504.1947n,CSID16622811,glu-trp-asn-gly,Metabólito Endógeno (HMDB),Yes,C22H28N6O8,NaN,NaN,NaN,36.2,0.8,-4.33761681885387,85.2703527365029,147,0.0920833333333331,"M-H, 2M-H",Fragmento de peptídeo identificado por sequenciamento.,NaN,Oligopeptide,NaN,Yes,Yes,Regras Locais (Peptídeo),http://nonlinear.com/redirect/outbound?p=chemspider&param=16622811,NaN,NaN,0.0,1.2741088867208,3426.9337336991,3177.44360613685,3221.75835770344,3048.47479438952,126.843137384132,150.199078811993,1.65507385300171,0.0061854444123575,408.987715154461,455.565628290329
4.60_504.1947n,CSID16622906,glu-trp-gly-asn,Metabólito Endógeno (HMDB),Yes,C22H28N6O8,NaN,NaN,NaN,36.2,0.8,-4.33761681885387,85.2703527365029,147,0.0920833333333331,"M-H, 2M-H",Fragmento de peptídeo identificado por sequenciamento.,NaN,Oligopeptide,NaN,Yes,Yes,Regras Locais (Peptídeo),http://nonlinear.com/redirect/outbound?p=chemspider&param=16622906,NaN,NaN,0.0,1.2741088867208,3426.9337336991,3177.44360613685,3221.75835770344,3048.47479438952,126.843137384132,150.199078811993,1.65507385300171,0.0061854444123575,408.987715154461,455.565628290329
4.60_504.1947n,CSID16623312,glu-tyr-gly-his,Metabólito Endógeno (HMDB),Yes,C22H28N6O8,NaN,NaN,NaN,36,0,-4.33761681885387,85.2703527365029,147,0.0920833333333331,"M-H, 2M-H",Fragmento de peptídeo identificado por sequenciamento.,NaN,Oligopeptide,NaN,Yes,Yes,Regras Locais (Peptídeo),http://nonlinear.com/redirect/outbound?p=chemspider&param=16623312,NaN,NaN,0.0,1.2741088867208,3426.9337336991,3177.44360613685,3221.75835770344,3048.47479438952,126.843137384132,150.199078811993,1.65507385300171,0.0061854444123575,408.987715154461,455.565628290329
4.60_504.1947n,CSID16623331,glu-tyr-his-gly,Metabólito Endógeno (HMDB),Yes,C22H28N6O8,NaN,NaN,NaN,36,0,-4.33761681885387,85.2703527365029,147,0.0920833333333331,"M-H, 2M-H",Fragmento de peptídeo identificado por sequenciamento.,NaN,Oligopeptide,NaN,Yes,Yes,Regras Locais (Peptídeo),http://nonlinear.com/redirect/outbound?p=chemspider&param=16623331,NaN,NaN,0.0,1.2741088867208,3426.9337336991,3177.44360613685,3221.75835770344,3048.47479438952,126.843137384132,150.199078811993,1.65507385300171,0.0061854444123575,408.987715154461,455.565628290329
4.60_504.1947n,CSID16625318,gln-asp-gly-trp,Metabólito Endógeno (HMDB),Yes,C22H28N6O8,NaN,NaN,NaN,36.2,0.8,-4.33761681885387,85.2703527365029,147,0.0920833333333331,"M-H, 2M-H",Fragmento de peptídeo identificado por sequenciamento.,NaN,Oligopeptide,NaN,Yes,Yes,Regras Locais (Peptídeo),http://nonlinear.com/redirect/outbound?p=chemspider&param=16625318,NaN,NaN,0.0,1.2741088867208,3426.9337336991,3177.44360613685,3221.75835770344,3048.47479438952,126.843137384132,150.199078811993,1.65507385300171,0.0061854444123575,408.987715154461,455.565628290329
4.60_504.1947n,CSID16625508,gln-asp-trp-gly,Metabólito Endógeno (HMDB),Yes,C22H28N6O8,NaN,NaN,NaN,36.2,0.8,-4.33761681885387,85.2703527365029,147,0.0920833333333331,"M-H, 2M-H",Fragmento de peptídeo identificado por sequenciamento.,NaN,Oligopeptide,NaN,Yes,Yes,Regras Locais (Peptídeo),http://nonlinear.com/redirect/outbound?p=chemspider&param=16625508,NaN,NaN,0.0,1.2741088867208,3426.9337336991,3177.44360613685,3221.75835770344,3048.47479438952,126.843137384132,150.199078811993,1.65507385300171,0.0061854444123575,408.987715154461,455.565628290329
4.60_504.1947n,CSID16626836,gln-gly-asp-trp,Metabólito Endógeno (HMDB),Yes,C22H28N6O8,NaN,NaN,NaN,36.2,0.8,-4.33761681885387,85.2703527365029,147,0.0920833333333331,"M-H, 2M-H",Fragmento de peptídeo identificado por sequenciamento.,NaN,Oligopeptide,NaN,Yes,Yes,Regras Locais (Peptídeo),http://nonlinear.com/redirect/outbound?p=chemspider&param=16626836,NaN,NaN,0.0,1.2741088867208,3426.9337336991,3177.44360613685,3221.75835770344,3048.47479438952,126.843137384132,150.199078811993,1.65507385300171,0.0061854444123575,408.987715154461,455.565628290329
4.60_504.1947n,CSID16627101,gln-gly-trp-asp,Metabólito Endógeno (HMDB),Yes,C22H28N6O8,NaN,NaN,NaN,36.2,0.8,-4.33761681885387,85.2703527365029,147,0.0920833333333331,"M-H, 2M-H",Fragmento de peptídeo identificado por sequenciamento.,NaN,Oligopeptide,NaN,Yes,Yes,Regras Locais (Peptídeo),http://nonlinear.com/redirect/outbound?p=chemspider&param=16627101,NaN,NaN,0.0,1.2741088867208,3426.9337336991,3177.44360613685,3221.75835770344,3048.47479438952,126.843137384132,150.199078811993,1.65507385300171,0.0061854444123575,408.987715154461,455.565628290329
4.60_504.1947n,CSID16630823,gln-trp-asp-gly,Metabólito Endógeno (HMDB),Yes,C22H28N6O8,NaN,NaN,NaN,36.2,0.8,-4.33761681885387,85.2703527365029,147,0.0920833333333331,"M-H, 2M-H",Fragmento de peptídeo identificado por sequenciamento.,NaN,Oligopeptide,NaN,Yes,Yes,Regras Locais (Peptídeo),http://nonlinear.com/redirect/outbound?p=chemspider&param=16630823,NaN,NaN,0.0,1.2741088867208,3426.9337336991,3177.44360613685,3221.75835770344,3048.47479438952,126.843137384132,150.199078811993,1.65507385300171,0.0061854444123575,408.987715154461,455.565628290329
4.60_504.1947n,CSID16630899,gln-trp-gly-asp,Metabólito Endógeno (HMDB),Yes,C22H28N6O8,NaN,NaN,NaN,36.2,0.8,-4.33761681885387,85.2703527365029,147,0.0920833333333331,"M-H, 2M-H",Fragmento de peptídeo identificado por sequenciamento.,NaN,Oligopeptide,NaN,Yes,Yes,Regras Locais (Peptídeo),http://nonlinear.com/redirect/outbound?p=chemspider&param=16630899,NaN,NaN,0.0,1.2741088867208,3426.9337336991,3177.44360613685,3221.75835770344,3048.47479438952,126.843137384132,150.199078811993,1.65507385300171,0.0061854444123575,408.987715154461,455.565628290329
4.60_504.1947n,CSID16632867,gly-asn-glu-trp,Metabólito Endógeno (HMDB),Yes,C22H28N6O8,NaN,NaN,NaN,36.2,0.8,-4.33761681885387,85.2703527365029,147,0.0920833333333331,"M-H, 2M-H",Fragmento de peptídeo identificado por sequenciamento.,NaN,Oligopeptide,NaN,Yes,Yes,Regras Locais (Peptídeo),http://nonlinear.com/redirect/outbound?p=chemspider&param=16632867,NaN,NaN,0.0,1.2741088867208,3426.9337336991,3177.44360613685,3221.75835770344,3048.47479438952,126.843137384132,150.199078811993,1.65507385300171,0.0061854444123575,408.987715154461,455.565628290329
4.60_504.1947n,CSID16633095,gly-asn-trp-glu,Metabólito Endógeno (HMDB),Yes,C22H28N6O8,NaN,NaN,NaN,36.2,0.8,-4.33761681885387,85.2703527365029,147,0.0920833333333331,"M-H, 2M-H",Fragmento de peptídeo identificado por sequenciamento.,NaN,Oligopeptide,NaN,Yes,Yes,Regras Locais (Peptídeo),http://nonlinear.com/redirect/outbound?p=chemspider&param=16633095,NaN,NaN,0.0,1.2741088867208,3426.9337336991,3177.44360613685,3221.75835770344,3048.47479438952,126.843137384132,150.199078811993,1.65507385300171,0.0061854444123575,408.987715154461,455.565628290329
4.60_504.1947n,CSID16633287,gly-asp-gln-trp,Metabólito Endógeno (HMDB),Yes,C22H28N6O8,NaN,NaN,NaN,36.2,0.8,-4.33761681885387,85.2703527365029,147,0.0920833333333331,"M-H, 2M-H",Fragmento de peptídeo identificado por sequenciamento.,NaN,Oligopeptide,NaN,Yes,Yes,Regras Locais (Peptídeo),http://nonlinear.com/redirect/outbound?p=chemspider&param=16633287,NaN,NaN,0.0,1.2741088867208,3426.9337336991,3177.44360613685,3221.75835770344,3048.47479438952,126.843137384132,150.199078811993,1.65507385300171,0.0061854444123575,408.987715154461,455.565628290329
4.60_504.1947n,CSID16633496,gly-asp-trp-gln,Metabólito Endógeno (HMDB),Yes,C22H28N6O8,NaN,NaN,NaN,36.2,0.8,-4.33761681885387,85.2703527365029,147,0.0920833333333331,"M-H, 2M-H",Fragmento de peptídeo identificado por sequenciamento.,NaN,Oligopeptide,NaN,Yes,Yes,Regras Locais (Peptídeo),http://nonlinear.com/redirect/outbound?p=chemspider&param=16633496,NaN,NaN,0.0,1.2741088867208,3426.9337336991,3177.44360613685,3221.75835770344,3048.47479438952,126.843137384132,150.199078811993,1.65507385300171,0.0061854444123575,408.987715154461,455.565628290329
4.60_504.1947n,CSID16634007,gly-glu-asn-trp,Metabólito Endógeno (HMDB),Yes,C22H28N6O8,NaN,NaN,NaN,36.2,0.8,-4.33761681885387,85.2703527365029,147,0.0920833333333331,"M-H, 2M-H",Fragmento de peptídeo identificado por sequenciamento.,NaN,Oligopeptide,NaN,Yes,Yes,Regras Locais (Peptídeo),http://nonlinear.com/redirect/outbound?p=chemspider&param=16634007,NaN,NaN,0.0,1.2741088867208,3426.9337336991,3177.44360613685,3221.75835770344,3048.47479438952,126.843137384132,150.199078811993,1.65507385300171,0.0061854444123575,408.987715154461,455.565628290329
4.60_504.1947n,CSID16634127,gly-glu-his-tyr,Metabólito Endógeno (HMDB),Yes,C22H28N6O8,NaN,NaN,NaN,36,0,-4.33761681885387,85.2703527365029,147,0.0920833333333331,"M-H, 2M-H",Fragmento de peptídeo identificado por sequenciamento.,NaN,Oligopeptide,NaN,Yes,Yes,Regras Locais (Peptídeo),http://nonlinear.com/redirect/outbound?p=chemspider&param=16634127,NaN,NaN,0.0,1.2741088867208,3426.9337336991,3177.44360613685,3221.75835770344,3048.47479438952,126.843137384132,150.199078811993,1.65507385300171,0.0061854444123575,408.987715154461,455.565628290329
4.60_504.1947n,CSID16634290,gly-glu-trp-asn,Metabólito Endógeno (HMDB),Yes,C22H28N6O8,NaN,NaN,NaN,36.2,0.8,-4.33761681885387,85.2703527365029,147,0.0920833333333331,"M-H, 2M-H",Fragmento de peptídeo identificado por sequenciamento.,NaN,Oligopeptide,NaN,Yes,Yes,Regras Locais (Peptídeo),http://nonlinear.com/redirect/outbound?p=chemspider&param=16634290,NaN,NaN,0.0,1.2741088867208,3426.9337336991,3177.44360613685,3221.75835770344,3048.47479438952,126.843137384132,150.199078811993,1.65507385300171,0.0061854444123575,408.987715154461,455.565628290329
4.60_504.1947n,CSID16634315,gly-glu-tyr-his,Metabólito Endógeno (HMDB),Yes,C22H28N6O8,NaN,NaN,NaN,36,0,-4.33761681885387,85.2703527365029,147,0.0920833333333331,"M-H, 2M-H",Fragmento de peptídeo identificado por sequenciamento.,NaN,Oligopeptide,NaN,Yes,Yes,Regras Locais (Peptídeo),http://nonlinear.com/redirect/outbound?p=chemspider&param=16634315,NaN,NaN,0.0,1.2741088867208,3426.9337336991,3177.44360613685,3221.75835770344,3048.47479438952,126.843137384132,150.199078811993,1.65507385300171,0.0061854444123575,408.987715154461,455.565628290329
4.60_504.1947n,CSID16634421,gly-gln-asp-trp,Metabólito Endógeno (HMDB),Yes,C22H28N6O8,NaN,NaN,NaN,36.2,0.8,-4.33761681885387,85.2703527365029,147,0.0920833333333331,"M-H, 2M-H",Fragmento de peptídeo identificado por sequenciamento.,NaN,Oligopeptide,NaN,Yes,Yes,Regras Locais (Peptídeo),http://nonlinear.com/redirect/outbound?p=chemspider&param=16634421,NaN,NaN,0.0,1.2741088867208,3426.9337336991,3177.44360613685,3221.75835770344,3048.47479438952,126.843137384132,150.199078811993,1.65507385300171,0.0061854444123575,408.987715154461,455.565628290329
4.60_504.1947n,CSID16634684,gly-gln-trp-asp,Metabólito Endógeno (HMDB),Yes,C22H28N6O8,NaN,NaN,NaN,36.2,0.8,-4.33761681885387,85.2703527365029,147,0.0920833333333331,"M-H, 2M-H",Fragmento de peptídeo identificado por sequenciamento.,NaN,Oligopeptide,NaN,Yes,Yes,Regras Locais (Peptídeo),http://nonlinear.com/redirect/outbound?p=chemspider&param=16634684,NaN,NaN,0.0,1.2741088867208,3426.9337336991,3177.44360613685,3221.75835770344,3048.47479438952,126.843137384132,150.199078811993,1.65507385300171,0.0061854444123575,408.987715154461,455.565628290329
4.60_504.1947n,CSID16635231,gly-his-glu-tyr,Metabólito Endógeno (HMDB),Yes,C22H28N6O8,NaN,NaN,NaN,36,0,-4.33761681885387,85.2703527365029,147,0.0920833333333331,"M-H, 2M-H",Fragmento de peptídeo identificado por sequenciamento.,NaN,Oligopeptide,NaN,Yes,Yes,Regras Locais (Peptídeo),http://nonlinear.com/redirect/outbound?p=chemspider&param=16635231,NaN,NaN,0.0,1.2741088867208,3426.9337336991,3177.44360613685,3221.75835770344,3048.47479438952,126.843137384132,150.199078811993,1.65507385300171,0.0061854444123575,408.987715154461,455.565628290329
4.60_504.1947n,CSID16635477,gly-his-tyr-glu,Metabólito Endógeno (HMDB),Yes,C22H28N6O8,NaN,NaN,NaN,36,0,-4.33761681885387,85.2703527365029,147,0.0920833333333331,"M-H, 2M-H",Fragmento de peptídeo identificado por sequenciamento.,NaN,Oligopeptide,NaN,Yes,Yes,Regras Locais (Peptídeo),http://nonlinear.com/redirect/outbound?p=chemspider&param=16635477,NaN,NaN,0.0,1.2741088867208,3426.9337336991,3177.44360613685,3221.75835770344,3048.47479438952,126.843137384132,150.199078811993,1.65507385300171,0.0061854444123575,408.987715154461,455.565628290329
4.60_504.1947n,CSID16638731,gly-trp-asn-glu,Metabólito Endógeno (HMDB),Yes,C22H28N6O8,NaN,NaN,NaN,36.2,0.8,-4.33761681885387,85.2703527365029,147,0.0920833333333331,"M-H, 2M-H",Fragmento de peptídeo identificado por sequenciamento.,NaN,Oligopeptide,NaN,Yes,Yes,Regras Locais (Peptídeo),http://nonlinear.com/redirect/outbound?p=chemspider&param=16638731,NaN,NaN,0.0,1.2741088867208,3426.9337336991,3177.44360613685,3221.75835770344,3048.47479438952,126.843137384132,150.199078811993,1.65507385300171,0.0061854444123575,408.987715154461,455.565628290329
4.60_504.1947n,CSID16638752,gly-trp-asp-gln,Metabólito Endógeno (HMDB),Yes,C22H28N6O8,NaN,NaN,NaN,36.2,0.8,-4.33761681885387,85.2703527365029,147,0.0920833333333331,"M-H, 2M-H",Fragmento de peptídeo identificado por sequenciamento.,NaN,Oligopeptide,NaN,Yes,Yes,Regras Locais (Peptídeo),http://nonlinear.com/redirect/outbound?p=chemspider&param=16638752,NaN,NaN,0.0,1.2741088867208,3426.9337336991,3177.44360613685,3221.75835770344,3048.47479438952,126.843137384132,150.199078811993,1.65507385300171,0.0061854444123575,408.987715154461,455.565628290329
4.60_504.1947n,CSID16638788,gly-trp-glu-asn,Metabólito Endógeno (HMDB),Yes,C22H28N6O8,NaN,NaN,NaN,36.2,0.8,-4.33761681885387,85.2703527365029,147,0.0920833333333331,"M-H, 2M-H",Fragmento de peptídeo identificado por sequenciamento.,NaN,Oligopeptide,NaN,Yes,Yes,Regras Locais (Peptídeo),http://nonlinear.com/redirect/outbound?p=chemspider&param=16638788,NaN,NaN,0.0,1.2741088867208,3426.9337336991,3177.44360613685,3221.75835770344,3048.47479438952,126.843137384132,150.199078811993,1.65507385300171,0.0061854444123575,408.987715154461,455.565628290329
4.60_504.1947n,CSID16638809,gly-trp-gln-asp,Metabólito Endógeno (HMDB),Yes,C22H28N6O8,NaN,NaN,NaN,36.2,0.8,-4.33761681885387,85.2703527365029,147,0.0920833333333331,"M-H, 2M-H",Fragmento de peptídeo identificado por sequenciamento.,NaN,Oligopeptide,NaN,Yes,Yes,Regras Locais (Peptídeo),http://nonlinear.com/redirect/outbound?p=chemspider&param=16638809,NaN,NaN,0.0,1.2741088867208,3426.9337336991,3177.44360613685,3221.75835770344,3048.47479438952,126.843137384132,150.199078811993,1.65507385300171,0.0061854444123575,408.987715154461,455.565628290329
4.60_504.1947n,CSID16639194,gly-tyr-glu-his,Metabólito Endógeno (HMDB),Yes,C22H28N6O8,NaN,NaN,NaN,36,0,-4.33761681885387,85.2703527365029,147,0.0920833333333331,"M-H, 2M-H",Fragmento de peptídeo identificado por sequenciamento.,NaN,Oligopeptide,NaN,Yes,Yes,Regras Locais (Peptídeo),http://nonlinear.com/redirect/outbound?p=chemspider&param=16639194,NaN,NaN,0.0,1.2741088867208,3426.9337336991,3177.44360613685,3221.75835770344,3048.47479438952,126.843137384132,150.199078811993,1.65507385300171,0.0061854444123575,408.987715154461,455.565628290329
4.60_504.1947n,CSID16639251,gly-tyr-his-glu,Metabólito Endógeno (HMDB),Yes,C22H28N6O8,NaN,NaN,NaN,36,0,-4.33761681885387,85.2703527365029,147,0.0920833333333331,"M-H, 2M-H",Fragmento de peptídeo identificado por sequenciamento.,NaN,Oligopeptide,NaN,Yes,Yes,Regras Locais (Peptídeo),http://nonlinear.com/redirect/outbound?p=chemspider&param=16639251,NaN,NaN,0.0,1.2741088867208,3426.9337336991,3177.44360613685,3221.75835770344,3048.47479438952,126.843137384132,150.199078811993,1.65507385300171,0.0061854444123575,408.987715154461,455.565628290329
4.60_504.1947n,CSID16639963,his-ala-asp-tyr,Metabólito Endógeno (HMDB),Yes,C22H28N6O8,NaN,NaN,NaN,36,0,-4.33761681885387,85.2703527365029,147,0.0920833333333331,"M-H, 2M-H",Fragmento de peptídeo identificado por sequenciamento.,NaN,Oligopeptide,NaN,Yes,Yes,Regras Locais (Peptídeo),http://nonlinear.com/redirect/outbound?p=chemspider&param=16639963,NaN,NaN,0.0,1.2741088867208,3426.9337336991,3177.44360613685,3221.75835770344,3048.47479438952,126.843137384132,150.199078811993,1.65507385300171,0.0061854444123575,408.987715154461,455.565628290329
4.60_504.1947n,CSID16640248,his-ala-tyr-asp,Metabólito Endógeno (HMDB),Yes,C22H28N6O8,NaN,NaN,NaN,36,0,-4.33761681885387,85.2703527365029,147,0.0920833333333331,"M-H, 2M-H",Fragmento de peptídeo identificado por sequenciamento.,NaN,Oligopeptide,NaN,Yes,Yes,Regras Locais (Peptídeo),http://nonlinear.com/redirect/outbound?p=chemspider&param=16640248,NaN,NaN,0.0,1.2741088867208,3426.9337336991,3177.44360613685,3221.75835770344,3048.47479438952,126.843137384132,150.199078811993,1.65507385300171,0.0061854444123575,408.987715154461,455.565628290329
4.60_504.1947n,CSID16641102,his-asp-ala-tyr,Metabólito Endógeno (HMDB),Yes,C22H28N6O8,NaN,NaN,NaN,36,0,-4.33761681885387,85.2703527365029,147,0.0920833333333331,"M-H, 2M-H",Fragmento de peptídeo identificado por sequenciamento.,NaN,Oligopeptide,NaN,Yes,Yes,Regras Locais (Peptídeo),http://nonlinear.com/redirect/outbound?p=chemspider&param=16641102,NaN,NaN,0.0,1.2741088867208,3426.9337336991,3177.44360613685,3221.75835770344,3048.47479438952,126.843137384132,150.199078811993,1.65507385300171,0.0061854444123575,408.987715154461,455.565628290329
4.60_504.1947n,CSID16641359,his-asp-phe-ser,Metabólito Endógeno (HMDB),Yes,C22H28N6O8,NaN,NaN,NaN,36,0,-4.33761681885387,85.2703527365029,147,0.0920833333333331,"M-H, 2M-H",Fragmento de peptídeo identificado por sequenciamento.,NaN,Oligopeptide,NaN,Yes,Yes,Regras Locais (Peptídeo),http://nonlinear.com/redirect/outbound?p=chemspider&param=16641359,NaN,NaN,0.0,1.2741088867208,3426.9337336991,3177.44360613685,3221.75835770344,3048.47479438952,126.843137384132,150.199078811993,1.65507385300171,0.0061854444123575,408.987715154461,455.565628290329
4.60_504.1947n,CSID16641397,his-asp-ser-phe,Metabólito Endógeno (HMDB),Yes,C22H28N6O8,NaN,NaN,NaN,36,0,-4.33761681885387,85.2703527365029,147,0.0920833333333331,"M-H, 2M-H",Fragmento de peptídeo identificado por sequenciamento.,NaN,Oligopeptide,NaN,Yes,Yes,Regras Locais (Peptídeo),http://nonlinear.com/redirect/outbound?p=chemspider&param=16641397,NaN,NaN,0.0,1.2741088867208,3426.9337336991,3177.44360613685,3221.75835770344,3048.47479438952,126.843137384132,150.199078811993,1.65507385300171,0.0061854444123575,408.987715154461,455.565628290329
4.60_504.1947n,CSID16641444,his-asp-tyr-ala,Metabólito Endógeno (HMDB),Yes,C22H28N6O8,NaN,NaN,NaN,36,0,-4.33761681885387,85.2703527365029,147,0.0920833333333331,"M-H, 2M-H",Fragmento de peptídeo identificado por sequenciamento.,NaN,Oligopeptide,NaN,Yes,Yes,Regras Locais (Peptídeo),http://nonlinear.com/redirect/outbound?p=chemspider&param=16641444,NaN,NaN,0.0,1.2741088867208,3426.9337336991,3177.44360613685,3221.75835770344,3048.47479438952,126.843137384132,150.199078811993,1.65507385300171,0.0061854444123575,408.987715154461,455.565628290329
4.60_504.1947n,CSID16642039,his-glu-gly-tyr,Metabólito Endógeno (HMDB),Yes,C22H28N6O8,NaN,NaN,NaN,36,0,-4.33761681885387,85.2703527365029,147,0.0920833333333331,"M-H, 2M-H",Fragmento de peptídeo identificado por sequenciamento.,NaN,Oligopeptide,NaN,Yes,Yes,Regras Locais (Peptídeo),http://nonlinear.com/redirect/outbound?p=chemspider&param=16642039,NaN,NaN,0.0,1.2741088867208,3426.9337336991,3177.44360613685,3221.75835770344,3048.47479438952,126.843137384132,150.199078811993,1.65507385300171,0.0061854444123575,408.987715154461,455.565628290329
4.60_504.1947n,CSID16642248,his-glu-tyr-gly,Metabólito Endógeno (HMDB),Yes,C22H28N6O8,NaN,NaN,NaN,36,0,-4.33761681885387,85.2703527365029,147,0.0920833333333331,"M-H, 2M-H",Fragmento de peptídeo identificado por sequenciamento.,NaN,Oligopeptide,NaN,Yes,Yes,Regras Locais (Peptídeo),http://nonlinear.com/redirect/outbound?p=chemspider&param=16642248,NaN,NaN,0.0,1.2741088867208,3426.9337336991,3177.44360613685,3221.75835770344,3048.47479438952,126.843137384132,150.199078811993,1.65507385300171,0.0061854444123575,408.987715154461,455.565628290329
4.60_504.1947n,CSID16642799,his-gly-glu-tyr,Metabólito Endógeno (HMDB),Yes,C22H28N6O8,NaN,NaN,NaN,36,0,-4.33761681885387,85.2703527365029,147,0.0920833333333331,"M-H, 2M-H",Fragmento de peptídeo identificado por sequenciamento.,NaN,Oligopeptide,NaN,Yes,Yes,Regras Locais (Peptídeo),http://nonlinear.com/redirect/outbound?p=chemspider&param=16642799,NaN,NaN,0.0,1.2741088867208,3426.9337336991,3177.44360613685,3221.75835770344,3048.47479438952,126.843137384132,150.199078811993,1.65507385300171,0.0061854444123575,408.987715154461,455.565628290329
4.60_504.1947n,CSID16643046,his-gly-tyr-glu,Metabólito Endógeno (HMDB),Yes,C22H28N6O8,NaN,NaN,NaN,36,0,-4.33761681885387,85.2703527365029,147,0.0920833333333331,"M-H, 2M-H",Fragmento de peptídeo identificado por sequenciamento.,NaN,Oligopeptide,NaN,Yes,Yes,Regras Locais (Peptídeo),http://nonlinear.com/redirect/outbound?p=chemspider&param=16643046,NaN,NaN,0.0,1.2741088867208,3426.9337336991,3177.44360613685,3221.75835770344,3048.47479438952,126.843137384132,150.199078811993,1.65507385300171,0.0061854444123575,408.987715154461,455.565628290329
4.60_504.1947n,CSID16645152,his-phe-asp-ser,Metabólito Endógeno (HMDB),Yes,C22H28N6O8,NaN,NaN,NaN,36,0,-4.33761681885387,85.2703527365029,147,0.0920833333333331,"M-H, 2M-H",Fragmento de peptídeo identificado por sequenciamento.,NaN,Oligopeptide,NaN,Yes,Yes,Regras Locais (Peptídeo),http://nonlinear.com/redirect/outbound?p=chemspider&param=16645152,NaN,NaN,0.0,1.2741088867208,3426.9337336991,3177.44360613685,3221.75835770344,3048.47479438952,126.843137384132,150.199078811993,1.65507385300171,0.0061854444123575,408.987715154461,455.565628290329
4.60_504.1947n,CSID16645379,his-phe-ser-asp,Metabólito Endógeno (HMDB),Yes,C22H28N6O8,NaN,NaN,NaN,36,0,-4.33761681885387,85.2703527365029,147,0.0920833333333331,"M-H, 2M-H",Fragmento de peptídeo identificado por sequenciamento.,NaN,Oligopeptide,NaN,Yes,Yes,Regras Locais (Peptídeo),http://nonlinear.com/redirect/outbound?p=chemspider&param=16645379,NaN,NaN,0.0,1.2741088867208,3426.9337336991,3177.44360613685,3221.75835770344,3048.47479438952,126.843137384132,150.199078811993,1.65507385300171,0.0061854444123575,408.987715154461,455.565628290329
4.60_504.1947n,CSID16645941,his-ser-asp-phe,Metabólito Endógeno (HMDB),Yes,C22H28N6O8,NaN,NaN,NaN,36,0,-4.33761681885387,85.2703527365029,147,0.0920833333333331,"M-H, 2M-H",Fragmento de peptídeo identificado por sequenciamento.,NaN,Oligopeptide,NaN,Yes,Yes,Regras Locais (Peptídeo),http://nonlinear.com/redirect/outbound?p=chemspider&param=16645941,NaN,NaN,0.0,1.2741088867208,3426.9337336991,3177.44360613685,3221.75835770344,3048.47479438952,126.843137384132,150.199078811993,1.65507385300171,0.0061854444123575,408.987715154461,455.565628290329
4.60_504.1947n,CSID16646131,his-ser-phe-asp,Metabólito Endógeno (HMDB),Yes,C22H28N6O8,NaN,NaN,NaN,36,0,-4.33761681885387,85.2703527365029,147,0.0920833333333331,"M-H, 2M-H",Fragmento de peptídeo identificado por sequenciamento.,NaN,Oligopeptide,NaN,Yes,Yes,Regras Locais (Peptídeo),http://nonlinear.com/redirect/outbound?p=chemspider&param=16646131,NaN,NaN,0.0,1.2741088867208,3426.9337336991,3177.44360613685,3221.75835770344,3048.47479438952,126.843137384132,150.199078811993,1.65507385300171,0.0061854444123575,408.987715154461,455.565628290329
4.60_504.1947n,CSID16647071,his-tyr-ala-asp,Metabólito Endógeno (HMDB),Yes,C22H28N6O8,NaN,NaN,NaN,36,0,-4.33761681885387,85.2703527365029,147,0.0920833333333331,"M-H, 2M-H",Fragmento de peptídeo identificado por sequenciamento.,NaN,Oligopeptide,NaN,Yes,Yes,Regras Locais (Peptídeo),http://nonlinear.com/redirect/outbound?p=chemspider&param=16647071,NaN,NaN,0.0,1.2741088867208,3426.9337336991,3177.44360613685,3221.75835770344,3048.47479438952,126.843137384132,150.199078811993,1.65507385300171,0.0061854444123575,408.987715154461,455.565628290329
4.60_504.1947n,CSID16647128,his-tyr-asp-ala,Metabólito Endógeno (HMDB),Yes,C22H28N6O8,NaN,NaN,NaN,36,0,-4.33761681885387,85.2703527365029,147,0.0920833333333331,"M-H, 2M-H",Fragmento de peptídeo identificado por sequenciamento.,NaN,Oligopeptide,NaN,Yes,Yes,Regras Locais (Peptídeo),http://nonlinear.com/redirect/outbound?p=chemspider&param=16647128,NaN,NaN,0.0,1.2741088867208,3426.9337336991,3177.44360613685,3221.75835770344,3048.47479438952,126.843137384132,150.199078811993,1.65507385300171,0.0061854444123575,408.987715154461,455.565628290329
4.60_504.1947n,CSID16647175,his-tyr-glu-gly,Metabólito Endógeno (HMDB),Yes,C22H28N6O8,NaN,NaN,NaN,36,0,-4.33761681885387,85.2703527365029,147,0.0920833333333331,"M-H, 2M-H",Fragmento de peptídeo identificado por sequenciamento.,NaN,Oligopeptide,NaN,Yes,Yes,Regras Locais (Peptídeo),http://nonlinear.com/redirect/outbound?p=chemspider&param=16647175,NaN,NaN,0.0,1.2741088867208,3426.9337336991,3177.44360613685,3221.75835770344,3048.47479438952,126.843137384132,150.199078811993,1.65507385300171,0.0061854444123575,408.987715154461,455.565628290329
4.60_504.1947n,CSID16647213,his-tyr-gly-glu,Metabólito Endógeno (HMDB),Yes,C22H28N6O8,NaN,NaN,NaN,36,0,-4.33761681885387,85.2703527365029,147,0.0920833333333331,"M-H, 2M-H",Fragmento de peptídeo identificado por sequenciamento.,NaN,Oligopeptide,NaN,Yes,Yes,Regras Locais (Peptídeo),http://nonlinear.com/redirect/outbound?p=chemspider&param=16647213,NaN,NaN,0.0,1.2741088867208,3426.9337336991,3177.44360613685,3221.75835770344,3048.47479438952,126.843137384132,150.199078811993,1.65507385300171,0.0061854444123575,408.987715154461,455.565628290329
4.60_504.1947n,CSID16681147,phe-asp-his-ser,Metabólito Endógeno (HMDB),Yes,C22H28N6O8,NaN,NaN,NaN,36,0,-4.33761681885387,85.2703527365029,147,0.0920833333333331,"M-H, 2M-H",Fragmento de peptídeo identificado por sequenciamento.,NaN,Oligopeptide,NaN,Yes,Yes,Regras Locais (Peptídeo),http://nonlinear.com/redirect/outbound?p=chemspider&param=16681147,NaN,NaN,0.0,1.2741088867208,3426.9337336991,3177.44360613685,3221.75835770344,3048.47479438952,126.843137384132,150.199078811993,1.65507385300171,0.0061854444123575,408.987715154461,455.565628290329
4.60_504.1947n,CSID16681280,phe-asp-ser-his,Metabólito Endógeno (HMDB),Yes,C22H28N6O8,NaN,NaN,NaN,36,0,-4.33761681885387,85.2703527365029,147,0.0920833333333331,"M-H, 2M-H",Fragmento de peptídeo identificado por sequenciamento.,NaN,Oligopeptide,NaN,Yes,Yes,Regras Locais (Peptídeo),http://nonlinear.com/redirect/outbound?p=chemspider&param=16681280,NaN,NaN,0.0,1.2741088867208,3426.9337336991,3177.44360613685,3221.75835770344,3048.47479438952,126.843137384132,150.199078811993,1.65507385300171,0.0061854444123575,408.987715154461,455.565628290329
4.60_504.1947n,CSID16683036,phe-his-asp-ser,Metabólito Endógeno (HMDB),Yes,C22H28N6O8,NaN,NaN,NaN,36,0,-4.33761681885387,85.2703527365029,147,0.0920833333333331,"M-H, 2M-H",Fragmento de peptídeo identificado por sequenciamento.,NaN,Oligopeptide,NaN,Yes,Yes,Regras Locais (Peptídeo),http://nonlinear.com/redirect/outbound?p=chemspider&param=16683036,NaN,NaN,0.0,1.2741088867208,3426.9337336991,3177.44360613685,3221.75835770344,3048.47479438952,126.843137384132,150.199078811993,1.65507385300171,0.0061854444123575,408.987715154461,455.565628290329
4.60_504.1947n,CSID16683264,phe-his-ser-asp,Metabólito Endógeno (HMDB),Yes,C22H28N6O8,NaN,NaN,NaN,36,0,-4.33761681885387,85.2703527365029,147,0.0920833333333331,"M-H, 2M-H",Fragmento de peptídeo identificado por sequenciamento.,NaN,Oligopeptide,NaN,Yes,Yes,Regras Locais (Peptídeo),http://nonlinear.com/redirect/outbound?p=chemspider&param=16683264,NaN,NaN,0.0,1.2741088867208,3426.9337336991,3177.44360613685,3221.75835770344,3048.47479438952,126.843137384132,150.199078811993,1.65507385300171,0.0061854444123575,408.987715154461,455.565628290329
4.60_504.1947n,CSID16685808,phe-ser-asp-his,Metabólito Endógeno (HMDB),Yes,C22H28N6O8,NaN,NaN,NaN,36,0,-4.33761681885387,85.2703527365029,147,0.0920833333333331,"M-H, 2M-H",Fragmento de peptídeo identificado por sequenciamento.,NaN,Oligopeptide,NaN,Yes,Yes,Regras Locais (Peptídeo),http://nonlinear.com/redirect/outbound?p=chemspider&param=16685808,NaN,NaN,0.0,1.2741088867208,3426.9337336991,3177.44360613685,3221.75835770344,3048.47479438952,126.843137384132,150.199078811993,1.65507385300171,0.0061854444123575,408.987715154461,455.565628290329
4.60_504.1947n,CSID16685903,phe-ser-his-asp,Metabólito Endógeno (HMDB),Yes,C22H28N6O8,NaN,NaN,NaN,36,0,-4.33761681885387,85.2703527365029,147,0.0920833333333331,"M-H, 2M-H",Fragmento de peptídeo identificado por sequenciamento.,NaN,Oligopeptide,NaN,Yes,Yes,Regras Locais (Peptídeo),http://nonlinear.com/redirect/outbound?p=chemspider&param=16685903,NaN,NaN,0.0,1.2741088867208,3426.9337336991,3177.44360613685,3221.75835770344,3048.47479438952,126.843137384132,150.199078811993,1.65507385300171,0.0061854444123575,408.987715154461,455.565628290329
4.60_504.1947n,CSID16697083,ser-asp-his-phe,Metabólito Endógeno (HMDB),Yes,C22H28N6O8,NaN,NaN,NaN,36,0,-4.33761681885387,85.2703527365029,147,0.0920833333333331,"M-H, 2M-H",Fragmento de peptídeo identificado por sequenciamento.,NaN,Oligopeptide,NaN,Yes,Yes,Regras Locais (Peptídeo),http://nonlinear.com/redirect/outbound?p=chemspider&param=16697083,NaN,NaN,0.0,1.2741088867208,3426.9337336991,3177.44360613685,3221.75835770344,3048.47479438952,126.843137384132,150.199078811993,1.65507385300171,0.0061854444123575,408.987715154461,455.565628290329
4.60_504.1947n,CSID16697177,ser-asp-phe-his,Metabólito Endógeno (HMDB),Yes,C22H28N6O8,NaN,NaN,NaN,36,0,-4.33761681885387,85.2703527365029,147,0.0920833333333331,"M-H, 2M-H",Fragmento de peptídeo identificado por sequenciamento.,NaN,Oligopeptide,NaN,Yes,Yes,Regras Locais (Peptídeo),http://nonlinear.com/redirect/outbound?p=chemspider&param=16697177,NaN,NaN,0.0,1.2741088867208,3426.9337336991,3177.44360613685,3221.75835770344,3048.47479438952,126.843137384132,150.199078811993,1.65507385300171,0.0061854444123575,408.987715154461,455.565628290329
4.60_504.1947n,CSID16698982,ser-his-asp-phe,Metabólito Endógeno (HMDB),Yes,C22H28N6O8,NaN,NaN,NaN,36,0,-4.33761681885387,85.2703527365029,147,0.0920833333333331,"M-H, 2M-H",Fragmento de peptídeo identificado por sequenciamento.,NaN,Oligopeptide,NaN,Yes,Yes,Regras Locais (Peptídeo),http://nonlinear.com/redirect/outbound?p=chemspider&param=16698982,NaN,NaN,0.0,1.2741088867208,3426.9337336991,3177.44360613685,3221.75835770344,3048.47479438952,126.843137384132,150.199078811993,1.65507385300171,0.0061854444123575,408.987715154461,455.565628290329
4.60_504.1947n,CSID16699172,ser-his-phe-asp,Metabólito Endógeno (HMDB),Yes,C22H28N6O8,NaN,NaN,NaN,36,0,-4.33761681885387,85.2703527365029,147,0.0920833333333331,"M-H, 2M-H",Fragmento de peptídeo identificado por sequenciamento.,NaN,Oligopeptide,NaN,Yes,Yes,Regras Locais (Peptídeo),http://nonlinear.com/redirect/outbound?p=chemspider&param=16699172,NaN,NaN,0.0,1.2741088867208,3426.9337336991,3177.44360613685,3221.75835770344,3048.47479438952,126.843137384132,150.199078811993,1.65507385300171,0.0061854444123575,408.987715154461,455.565628290329
4.60_504.1947n,CSID16700976,ser-phe-asp-his,Metabólito Endógeno (HMDB),Yes,C22H28N6O8,NaN,NaN,NaN,36,0,-4.33761681885387,85.2703527365029,147,0.0920833333333331,"M-H, 2M-H",Fragmento de peptídeo identificado por sequenciamento.,NaN,Oligopeptide,NaN,Yes,Yes,Regras Locais (Peptídeo),http://nonlinear.com/redirect/outbound?p=chemspider&param=16700976,NaN,NaN,0.0,1.2741088867208,3426.9337336991,3177.44360613685,3221.75835770344,3048.47479438952,126.843137384132,150.199078811993,1.65507385300171,0.0061854444123575,408.987715154461,455.565628290329
4.60_504.1947n,CSID16701071,ser-phe-his-asp,Metabólito Endógeno (HMDB),Yes,C22H28N6O8,NaN,NaN,NaN,36,0,-4.33761681885387,85.2703527365029,147,0.0920833333333331,"M-H, 2M-H",Fragmento de peptídeo identificado por sequenciamento.,NaN,Oligopeptide,NaN,Yes,Yes,Regras Locais (Peptídeo),http://nonlinear.com/redirect/outbound?p=chemspider&param=16701071,NaN,NaN,0.0,1.2741088867208,3426.9337336991,3177.44360613685,3221.75835770344,3048.47479438952,126.843137384132,150.199078811993,1.65507385300171,0.0061854444123575,408.987715154461,455.565628290329
4.60_504.1947n,CSID16711742,trp-ala-asn-asp,Metabólito Endógeno (HMDB),Yes,C22H28N6O8,NaN,NaN,NaN,36.2,0.8,-4.33761681885387,85.2703527365029,147,0.0920833333333331,"M-H, 2M-H",Fragmento de peptídeo identificado por sequenciamento.,NaN,Oligopeptide,NaN,Yes,Yes,Regras Locais (Peptídeo),http://nonlinear.com/redirect/outbound?p=chemspider&param=16711742,NaN,NaN,0.0,1.2741088867208,3426.9337336991,3177.44360613685,3221.75835770344,3048.47479438952,126.843137384132,150.199078811993,1.65507385300171,0.0061854444123575,408.987715154461,455.565628290329
4.60_504.1947n,CSID16711761,trp-ala-asp-asn,Metabólito Endógeno (HMDB),Yes,C22H28N6O8,NaN,NaN,NaN,36.2,0.8,-4.33761681885387,85.2703527365029,147,0.0920833333333331,"M-H, 2M-H",Fragmento de peptídeo identificado por sequenciamento.,NaN,Oligopeptide,NaN,Yes,Yes,Regras Locais (Peptídeo),http://nonlinear.com/redirect/outbound?p=chemspider&param=16711761,NaN,NaN,0.0,1.2741088867208,3426.9337336991,3177.44360613685,3221.75835770344,3048.47479438952,126.843137384132,150.199078811993,1.65507385300171,0.0061854444123575,408.987715154461,455.565628290329
4.60_504.1947n,CSID16712499,trp-asn-ala-asp,Metabólito Endógeno (HMDB),Yes,C22H28N6O8,NaN,NaN,NaN,36.2,0.8,-4.33761681885387,85.2703527365029,147,0.0920833333333331,"M-H, 2M-H",Fragmento de peptídeo identificado por sequenciamento.,NaN,Oligopeptide,NaN,Yes,Yes,Regras Locais (Peptídeo),http://nonlinear.com/redirect/outbound?p=chemspider&param=16712499,NaN,NaN,0.0,1.2741088867208,3426.9337336991,3177.44360613685,3221.75835770344,3048.47479438952,126.843137384132,150.199078811993,1.65507385300171,0.0061854444123575,408.987715154461,455.565628290329
4.60_504.1947n,CSID16712556,trp-asn-asp-ala,Metabólito Endógeno (HMDB),Yes,C22H28N6O8,NaN,NaN,NaN,36.2,0.8,-4.33761681885387,85.2703527365029,147,0.0920833333333331,"M-H, 2M-H",Fragmento de peptídeo identificado por sequenciamento.,NaN,Oligopeptide,NaN,Yes,Yes,Regras Locais (Peptídeo),http://nonlinear.com/redirect/outbound?p=chemspider&param=16712556,NaN,NaN,0.0,1.2741088867208,3426.9337336991,3177.44360613685,3221.75835770344,3048.47479438952,126.843137384132,150.199078811993,1.65507385300171,0.0061854444123575,408.987715154461,455.565628290329
4.60_504.1947n,CSID16712603,trp-asn-glu-gly,Metabólito Endógeno (HMDB),Yes,C22H28N6O8,NaN,NaN,NaN,36.2,0.8,-4.33761681885387,85.2703527365029,147,0.0920833333333331,"M-H, 2M-H",Fragmento de peptídeo identificado por sequenciamento.,NaN,Oligopeptide,NaN,Yes,Yes,Regras Locais (Peptídeo),http://nonlinear.com/redirect/outbound?p=chemspider&param=16712603,NaN,NaN,0.0,1.2741088867208,3426.9337336991,3177.44360613685,3221.75835770344,3048.47479438952,126.843137384132,150.199078811993,1.65507385300171,0.0061854444123575,408.987715154461,455.565628290329
4.60_504.1947n,CSID16712641,trp-asn-gly-glu,Metabólito Endógeno (HMDB),Yes,C22H28N6O8,NaN,NaN,NaN,36.2,0.8,-4.33761681885387,85.2703527365029,147,0.0920833333333331,"M-H, 2M-H",Fragmento de peptídeo identificado por sequenciamento.,NaN,Oligopeptide,NaN,Yes,Yes,Regras Locais (Peptídeo),http://nonlinear.com/redirect/outbound?p=chemspider&param=16712641,NaN,NaN,0.0,1.2741088867208,3426.9337336991,3177.44360613685,3221.75835770344,3048.47479438952,126.843137384132,150.199078811993,1.65507385300171,0.0061854444123575,408.987715154461,455.565628290329
4.60_504.1947n,CSID16712898,trp-asp-ala-asn,Metabólito Endógeno (HMDB),Yes,C22H28N6O8,NaN,NaN,NaN,36.2,0.8,-4.33761681885387,85.2703527365029,147,0.0920833333333331,"M-H, 2M-H",Fragmento de peptídeo identificado por sequenciamento.,NaN,Oligopeptide,NaN,Yes,Yes,Regras Locais (Peptídeo),http://nonlinear.com/redirect/outbound?p=chemspider&param=16712898,NaN,NaN,0.0,1.2741088867208,3426.9337336991,3177.44360613685,3221.75835770344,3048.47479438952,126.843137384132,150.199078811993,1.65507385300171,0.0061854444123575,408.987715154461,455.565628290329
4.60_504.1947n,CSID16712936,trp-asp-asn-ala,Metabólito Endógeno (HMDB),Yes,C22H28N6O8,NaN,NaN,NaN,36.2,0.8,-4.33761681885387,85.2703527365029,147,0.0920833333333331,"M-H, 2M-H",Fragmento de peptídeo identificado por sequenciamento.,NaN,Oligopeptide,NaN,Yes,Yes,Regras Locais (Peptídeo),http://nonlinear.com/redirect/outbound?p=chemspider&param=16712936,NaN,NaN,0.0,1.2741088867208,3426.9337336991,3177.44360613685,3221.75835770344,3048.47479438952,126.843137384132,150.199078811993,1.65507385300171,0.0061854444123575,408.987715154461,455.565628290329
4.60_504.1947n,CSID16713023,trp-asp-gln-gly,Metabólito Endógeno (HMDB),Yes,C22H28N6O8,NaN,NaN,NaN,36.2,0.8,-4.33761681885387,85.2703527365029,147,0.0920833333333331,"M-H, 2M-H",Fragmento de peptídeo identificado por sequenciamento.,NaN,Oligopeptide,NaN,Yes,Yes,Regras Locais (Peptídeo),http://nonlinear.com/redirect/outbound?p=chemspider&param=16713023,NaN,NaN,0.0,1.2741088867208,3426.9337336991,3177.44360613685,3221.75835770344,3048.47479438952,126.843137384132,150.199078811993,1.65507385300171,0.0061854444123575,408.987715154461,455.565628290329
4.60_504.1947n,CSID16713042,trp-asp-gly-gln,Metabólito Endógeno (HMDB),Yes,C22H28N6O8,NaN,NaN,NaN,36.2,0.8,-4.33761681885387,85.2703527365029,147,0.0920833333333331,"M-H, 2M-H",Fragmento de peptídeo identificado por sequenciamento.,NaN,Oligopeptide,NaN,Yes,Yes,Regras Locais (Peptídeo),http://nonlinear.com/redirect/outbound?p=chemspider&param=16713042,NaN,NaN,0.0,1.2741088867208,3426.9337336991,3177.44360613685,3221.75835770344,3048.47479438952,126.843137384132,150.199078811993,1.65507385300171,0.0061854444123575,408.987715154461,455.565628290329
4.60_504.1947n,CSID16713743,trp-glu-asn-gly,Metabólito Endógeno (HMDB),Yes,C22H28N6O8,NaN,NaN,NaN,36.2,0.8,-4.33761681885387,85.2703527365029,147,0.0920833333333331,"M-H, 2M-H",Fragmento de peptídeo identificado por sequenciamento.,NaN,Oligopeptide,NaN,Yes,Yes,Regras Locais (Peptídeo),http://nonlinear.com/redirect/outbound?p=chemspider&param=16713743,NaN,NaN,0.0,1.2741088867208,3426.9337336991,3177.44360613685,3221.75835770344,3048.47479438952,126.843137384132,150.199078811993,1.65507385300171,0.0061854444123575,408.987715154461,455.565628290329
4.60_504.1947n,CSID16713838,trp-glu-gly-asn,Metabólito Endógeno (HMDB),Yes,C22H28N6O8,NaN,NaN,NaN,36.2,0.8,-4.33761681885387,85.2703527365029,147,0.0920833333333331,"M-H, 2M-H",Fragmento de peptídeo identificado por sequenciamento.,NaN,Oligopeptide,NaN,Yes,Yes,Regras Locais (Peptídeo),http://nonlinear.com/redirect/outbound?p=chemspider&param=16713838,NaN,NaN,0.0,1.2741088867208,3426.9337336991,3177.44360613685,3221.75835770344,3048.47479438952,126.843137384132,150.199078811993,1.65507385300171,0.0061854444123575,408.987715154461,455.565628290329
4.60_504.1947n,CSID16714162,trp-gln-asp-gly,Metabólito Endógeno (HMDB),Yes,C22H28N6O8,NaN,NaN,NaN,36.2,0.8,-4.33761681885387,85.2703527365029,147,0.0920833333333331,"M-H, 2M-H",Fragmento de peptídeo identificado por sequenciamento.,NaN,Oligopeptide,NaN,Yes,Yes,Regras Locais (Peptídeo),http://nonlinear.com/redirect/outbound?p=chemspider&param=16714162,NaN,NaN,0.0,1.2741088867208,3426.9337336991,3177.44360613685,3221.75835770344,3048.47479438952,126.843137384132,150.199078811993,1.65507385300171,0.0061854444123575,408.987715154461,455.565628290329
4.60_504.1947n,CSID16714238,trp-gln-gly-asp,Metabólito Endógeno (HMDB),Yes,C22H28N6O8,NaN,NaN,NaN,36.2,0.8,-4.33761681885387,85.2703527365029,147,0.0920833333333331,"M-H, 2M-H",Fragmento de peptídeo identificado por sequenciamento.,NaN,Oligopeptide,NaN,Yes,Yes,Regras Locais (Peptídeo),http://nonlinear.com/redirect/outbound?p=chemspider&param=16714238,NaN,NaN,0.0,1.2741088867208,3426.9337336991,3177.44360613685,3221.75835770344,3048.47479438952,126.843137384132,150.199078811993,1.65507385300171,0.0061854444123575,408.987715154461,455.565628290329
4.60_504.1947n,CSID16714540,trp-gly-asn-glu,Metabólito Endógeno (HMDB),Yes,C22H28N6O8,NaN,NaN,NaN,36.2,0.8,-4.33761681885387,85.2703527365029,147,0.0920833333333331,"M-H, 2M-H",Fragmento de peptídeo identificado por sequenciamento.,NaN,Oligopeptide,NaN,Yes,Yes,Regras Locais (Peptídeo),http://nonlinear.com/redirect/outbound?p=chemspider&param=16714540,NaN,NaN,0.0,1.2741088867208,3426.9337336991,3177.44360613685,3221.75835770344,3048.47479438952,126.843137384132,150.199078811993,1.65507385300171,0.0061854444123575,408.987715154461,455.565628290329
4.60_504.1947n,CSID16714561,trp-gly-asp-gln,Metabólito Endógeno (HMDB),Yes,C22H28N6O8,NaN,NaN,NaN,36.2,0.8,-4.33761681885387,85.2703527365029,147,0.0920833333333331,"M-H, 2M-H",Fragmento de peptídeo identificado por sequenciamento.,NaN,Oligopeptide,NaN,Yes,Yes,Regras Locais (Peptídeo),http://nonlinear.com/redirect/outbound?p=chemspider&param=16714561,NaN,NaN,0.0,1.2741088867208,3426.9337336991,3177.44360613685,3221.75835770344,3048.47479438952,126.843137384132,150.199078811993,1.65507385300171,0.0061854444123575,408.987715154461,455.565628290329
4.60_504.1947n,CSID16714597,trp-gly-glu-asn,Metabólito Endógeno (HMDB),Yes,C22H28N6O8,NaN,NaN,NaN,36.2,0.8,-4.33761681885387,85.2703527365029,147,0.0920833333333331,"M-H, 2M-H",Fragmento de peptídeo identificado por sequenciamento.,NaN,Oligopeptide,NaN,Yes,Yes,Regras Locais (Peptídeo),http://nonlinear.com/redirect/outbound?p=chemspider&param=16714597,NaN,NaN,0.0,1.2741088867208,3426.9337336991,3177.44360613685,3221.75835770344,3048.47479438952,126.843137384132,150.199078811993,1.65507385300171,0.0061854444123575,408.987715154461,455.565628290329
4.60_504.1947n,CSID16714618,trp-gly-gln-asp,Metabólito Endógeno (HMDB),Yes,C22H28N6O8,NaN,NaN,NaN,36.2,0.8,-4.33761681885387,85.2703527365029,147,0.0920833333333331,"M-H, 2M-H",Fragmento de peptídeo identificado por sequenciamento.,NaN,Oligopeptide,NaN,Yes,Yes,Regras Locais (Peptídeo),http://nonlinear.com/redirect/outbound?p=chemspider&param=16714618,NaN,NaN,0.0,1.2741088867208,3426.9337336991,3177.44360613685,3221.75835770344,3048.47479438952,126.843137384132,150.199078811993,1.65507385300171,0.0061854444123575,408.987715154461,455.565628290329
4.60_504.1947n,CSID16719757,tyr-ala-asp-his,Metabólito Endógeno (HMDB),Yes,C22H28N6O8,NaN,NaN,NaN,36,0,-4.33761681885387,85.2703527365029,147,0.0920833333333331,"M-H, 2M-H",Fragmento de peptídeo identificado por sequenciamento.,NaN,Oligopeptide,NaN,Yes,Yes,Regras Locais (Peptídeo),http://nonlinear.com/redirect/outbound?p=chemspider&param=16719757,NaN,NaN,0.0,1.2741088867208,3426.9337336991,3177.44360613685,3221.75835770344,3048.47479438952,126.843137384132,150.199078811993,1.65507385300171,0.0061854444123575,408.987715154461,455.565628290329
4.60_504.1947n,CSID16719851,tyr-ala-his-asp,Metabólito Endógeno (HMDB),Yes,C22H28N6O8,NaN,NaN,NaN,36,0,-4.33761681885387,85.2703527365029,147,0.0920833333333331,"M-H, 2M-H",Fragmento de peptídeo identificado por sequenciamento.,NaN,Oligopeptide,NaN,Yes,Yes,Regras Locais (Peptídeo),http://nonlinear.com/redirect/outbound?p=chemspider&param=16719851,NaN,NaN,0.0,1.2741088867208,3426.9337336991,3177.44360613685,3221.75835770344,3048.47479438952,126.843137384132,150.199078811993,1.65507385300171,0.0061854444123575,408.987715154461,455.565628290329
4.60_504.1947n,CSID16720888,tyr-asp-ala-his,Metabólito Endógeno (HMDB),Yes,C22H28N6O8,NaN,NaN,NaN,36,0,-4.33761681885387,85.2703527365029,147,0.0920833333333331,"M-H, 2M-H",Fragmento de peptídeo identificado por sequenciamento.,NaN,Oligopeptide,NaN,Yes,Yes,Regras Locais (Peptídeo),http://nonlinear.com/redirect/outbound?p=chemspider&param=16720888,NaN,NaN,0.0,1.2741088867208,3426.9337336991,3177.44360613685,3221.75835770344,3048.47479438952,126.843137384132,150.199078811993,1.65507385300171,0.0061854444123575,408.987715154461,455.565628290329
4.60_504.1947n,CSID16721039,tyr-asp-his-ala,Metabólito Endógeno (HMDB),Yes,C22H28N6O8,NaN,NaN,NaN,36,0,-4.33761681885387,85.2703527365029,147,0.0920833333333331,"M-H, 2M-H",Fragmento de peptídeo identificado por sequenciamento.,NaN,Oligopeptide,NaN,Yes,Yes,Regras Locais (Peptídeo),http://nonlinear.com/redirect/outbound?p=chemspider&param=16721039,NaN,NaN,0.0,1.2741088867208,3426.9337336991,3177.44360613685,3221.75835770344,3048.47479438952,126.843137384132,150.199078811993,1.65507385300171,0.0061854444123575,408.987715154461,455.565628290329
4.60_504.1947n,CSID16721825,tyr-glu-gly-his,Metabólito Endógeno (HMDB),Yes,C22H28N6O8,NaN,NaN,NaN,36,0,-4.33761681885387,85.2703527365029,147,0.0920833333333331,"M-H, 2M-H",Fragmento de peptídeo identificado por sequenciamento.,NaN,Oligopeptide,NaN,Yes,Yes,Regras Locais (Peptídeo),http://nonlinear.com/redirect/outbound?p=chemspider&param=16721825,NaN,NaN,0.0,1.2741088867208,3426.9337336991,3177.44360613685,3221.75835770344,3048.47479438952,126.843137384132,150.199078811993,1.65507385300171,0.0061854444123575,408.987715154461,455.565628290329
4.60_504.1947n,CSID16721844,tyr-glu-his-gly,Metabólito Endógeno (HMDB),Yes,C22H28N6O8,NaN,NaN,NaN,36,0,-4.33761681885387,85.2703527365029,147,0.0920833333333331,"M-H, 2M-H",Fragmento de peptídeo identificado por sequenciamento.,NaN,Oligopeptide,NaN,Yes,Yes,Regras Locais (Peptídeo),http://nonlinear.com/redirect/outbound?p=chemspider&param=16721844,NaN,NaN,0.0,1.2741088867208,3426.9337336991,3177.44360613685,3221.75835770344,3048.47479438952,126.843137384132,150.199078811993,1.65507385300171,0.0061854444123575,408.987715154461,455.565628290329
4.60_504.1947n,CSID16722583,tyr-gly-glu-his,Metabólito Endógeno (HMDB),Yes,C22H28N6O8,NaN,NaN,NaN,36,0,-4.33761681885387,85.2703527365029,147,0.0920833333333331,"M-H, 2M-H",Fragmento de peptídeo identificado por sequenciamento.,NaN,Oligopeptide,NaN,Yes,Yes,Regras Locais (Peptídeo),http://nonlinear.com/redirect/outbound?p=chemspider&param=16722583,NaN,NaN,0.0,1.2741088867208,3426.9337336991,3177.44360613685,3221.75835770344,3048.47479438952,126.843137384132,150.199078811993,1.65507385300171,0.0061854444123575,408.987715154461,455.565628290329
4.60_504.1947n,CSID16722635,tyr-gly-his-glu,Metabólito Endógeno (HMDB),Yes,C22H28N6O8,NaN,NaN,NaN,36,0,-4.33761681885387,85.2703527365029,147,0.0920833333333331,"M-H, 2M-H",Fragmento de peptídeo identificado por sequenciamento.,NaN,Oligopeptide,NaN,Yes,Yes,Regras Locais (Peptídeo),http://nonlinear.com/redirect/outbound?p=chemspider&param=16722635,NaN,NaN,0.0,1.2741088867208,3426.9337336991,3177.44360613685,3221.75835770344,3048.47479438952,126.843137384132,150.199078811993,1.65507385300171,0.0061854444123575,408.987715154461,455.565628290329
4.60_504.1947n,CSID16722871,tyr-his-ala-asp,Metabólito Endógeno (HMDB),Yes,C22H28N6O8,NaN,NaN,NaN,36,0,-4.33761681885387,85.2703527365029,147,0.0920833333333331,"M-H, 2M-H",Fragmento de peptídeo identificado por sequenciamento.,NaN,Oligopeptide,NaN,Yes,Yes,Regras Locais (Peptídeo),http://nonlinear.com/redirect/outbound?p=chemspider&param=16722871,NaN,NaN,0.0,1.2741088867208,3426.9337336991,3177.44360613685,3221.75835770344,3048.47479438952,126.843137384132,150.199078811993,1.65507385300171,0.0061854444123575,408.987715154461,455.565628290329
4.60_504.1947n,CSID16722928,tyr-his-asp-ala,Metabólito Endógeno (HMDB),Yes,C22H28N6O8,NaN,NaN,NaN,36,0,-4.33761681885387,85.2703527365029,147,0.0920833333333331,"M-H, 2M-H",Fragmento de peptídeo identificado por sequenciamento.,NaN,Oligopeptide,NaN,Yes,Yes,Regras Locais (Peptídeo),http://nonlinear.com/redirect/outbound?p=chemspider&param=16722928,NaN,NaN,0.0,1.2741088867208,3426.9337336991,3177.44360613685,3221.75835770344,3048.47479438952,126.843137384132,150.199078811993,1.65507385300171,0.0061854444123575,408.987715154461,455.565628290329
4.60_504.1947n,CSID16722975,tyr-his-glu-gly,Metabólito Endógeno (HMDB),Yes,C22H28N6O8,NaN,NaN,NaN,36,0,-4.33761681885387,85.2703527365029,147,0.0920833333333331,"M-H, 2M-H",Fragmento de peptídeo identificado por sequenciamento.,NaN,Oligopeptide,NaN,Yes,Yes,Regras Locais (Peptídeo),http://nonlinear.com/redirect/outbound?p=chemspider&param=16722975,NaN,NaN,0.0,1.2741088867208,3426.9337336991,3177.44360613685,3221.75835770344,3048.47479438952,126.843137384132,150.199078811993,1.65507385300171,0.0061854444123575,408.987715154461,455.565628290329
4.60_504.1947n,CSID16723013,tyr-his-gly-glu,Metabólito Endógeno (HMDB),Yes,C22H28N6O8,NaN,NaN,NaN,36,0,-4.33761681885387,85.2703527365029,147,0.0920833333333331,"M-H, 2M-H",Fragmento de peptídeo identificado por sequenciamento.,NaN,Oligopeptide,NaN,Yes,Yes,Regras Locais (Peptídeo),http://nonlinear.com/redirect/outbound?p=chemspider&param=16723013,NaN,NaN,0.0,1.2741088867208,3426.9337336991,3177.44360613685,3221.75835770344,3048.47479438952,126.843137384132,150.199078811993,1.65507385300171,0.0061854444123575,408.987715154461,455.565628290329
4.60_504.1947n,CSID8089730,Cryptospirolepine,Sintético / Indefinido,NaN,C34H24N4O,CN1C2=CC=CC=C2C=C3C4=C1C5=CC=CC=C5N4C(=O)C36C7=CC=CC=C7N(C8=C6NC9=CC=CC=C98)C,"5,19'-dimethylspiro[10H-indolo[3,2-b]quinoline-11,10'-8,19-diazapentacyclo[9.8.1.02,7.08,20.013,18]icosa-1(20),2,4,6,11,13,15,17-octaene]-9'-one",DRSVXQGELOIOBH-UHFFFAOYSA-N,35.2,0,-0.666434179842982,76.8222902369194,147,0.0920833333333331,"M-H, 2M-H",NaN,NaN,NaN,NaN,No,No,NaN,http://nonlinear.com/redirect/outbound?p=chemspider&param=8089730,NaN,NaN,0.0,1.2741088867208,3426.9337336991,3177.44360613685,3221.75835770344,3048.47479438952,126.843137384132,150.199078811993,1.65507385300171,0.0061854444123575,408.987715154461,455.565628290329
4.60_504.1947n,CSID8350010,Tofacitinib citrate,Sintético / Indefinido,No,C22H28N6O8,C[C@@H]1CCN(C[C@@H]1N(C)C2=NC=NC3=C2C=CN3)C(=O)CC#N.C(C(=O)O)C(CC(=O)O)(C(=O)O)O,"2-hydroxypropane-1,2,3-tricarboxylic acid;3-[(3R,4R)-4-methyl-3-[methyl(7H-pyrrolo[2,3-d]pyrimidin-4-yl)amino]piperidin-1-yl]-3-oxopropanenitrile",SYIKUFDOYJFGBQ-YLAFAASESA-N,36,0,-4.33761681885387,85.2703527365029,147,0.0920833333333331,"M-H, 2M-H",Tofacitinib citrate is a citrate salt obtained by combining equimolar amounts of tofacitinib and citric acid. Used to treat moderately to severely active Rheumatoid Arthritis. It has a role as an antirheumatic drug and an EC 2.7.10.2 (non-specific protein-tyrosine kinase) inhibitor. It contains a tofacitinib.,NaN,Small molecule,4.0,No,No,ChEBI,http://nonlinear.com/redirect/outbound?p=chemspider&param=8350010,NaN,NaN,0.0,1.2741088867208,3426.9337336991,3177.44360613685,3221.75835770344,3048.47479438952,126.843137384132,150.199078811993,1.65507385300171,0.0061854444123575,408.987715154461,455.565628290329
5.32_287.0761n,CSID2054597,"2-(2,4-Difluorophenoxy)-1-methyl-1H-indole-3-carbaldehyde",Sintético / Indefinido,No,C16H11F2NO2,CN1C2=CC=CC=C2C(=C1OC3=C(C=C(C=C3)F)F)C=O,"2-(2,4-difluorophenoxy)-1-methylindole-3-carbaldehyde",RGESBTLCWJTUDK-UHFFFAOYSA-N,45.4,40.5,1.26405692823509,87.8310176727219,5,0.163433333333333,"M-H, 2M-H",NaN,NaN,Small molecule,NaN,No,No,NaN,http://nonlinear.com/redirect/outbound?p=chemspider&param=2054597,NaN,NaN,2239.4810655228,2081.08429289076,1487.53418019435,1529.28628942188,873.637235778486,868.176495179506,1901.20379200383,1692.85567223563,2882.13406496648,2986.66912750204,3067.82738220535,2881.21319556313
5.32_287.0761n,CSID6272964,"2-[(E)-2-(2-Naphthyl)vinyl]-1,3-benzothiazole",Sintético / Indefinido,NaN,C19H13NS,NaN,NaN,NaN,35.6,0,-2.51542336040986,81.1056254720523,5,0.163433333333333,"M-H, 2M-H",NaN,NaN,NaN,NaN,No,No,NaN,http://nonlinear.com/redirect/outbound?p=chemspider&param=6272964,NaN,NaN,2239.4810655228,2081.08429289076,1487.53418019435,1529.28628942188,873.637235778486,868.176495179506,1901.20379200383,1692.85567223563,2882.13406496648,2986.66912750204,3067.82738220535,2881.21319556313
5.32_287.0761n,CSID65791385,"2-Isothiocyanato-1,1′:2′,1″-terphenyl",Sintético / Indefinido,NaN,C19H13NS,NaN,NaN,NaN,35.6,0,-2.51542336040986,81.1056254720523,5,0.163433333333333,"M-H, 2M-H",NaN,NaN,NaN,NaN,No,No,NaN,http://nonlinear.com/redirect/outbound?p=chemspider&param=65791385,NaN,NaN,2239.4810655228,2081.08429289076,1487.53418019435,1529.28628942188,873.637235778486,868.176495179506,1901.20379200383,1692.85567223563,2882.13406496648,2986.66912750204,3067.82738220535,2881.21319556313
5.32_287.0761n,CSID67027595,"(2S,3R,4S,5R)-2-(4-Amino-2-oxo-1(2H)-pyrimidinyl)-3,4-dihydroxy-5-(hydroxymethyl)tetrahydro-2-furancarboxylic acid (non-preferred name)",Sintético / Indefinido,NaN,C10H13N3O7,NaN,NaN,NaN,38.5,3.89,2.77934045866192,91.8697975162236,5,0.163433333333333,"M-H, 2M-H",NaN,NaN,NaN,NaN,No,No,NaN,http://nonlinear.com/redirect/outbound?p=chemspider&param=67027595,NaN,NaN,2239.4810655228,2081.08429289076,1487.53418019435,1529.28628942188,873.637235778486,868.176495179506,1901.20379200383,1692.85567223563,2882.13406496648,2986.66912750204,3067.82738220535,2881.21319556313
5.32_287.0761n,CSID67030408,"N,N-Diethyl-1,3-dimethyl-4,6-dioxo-2-thioxohexahydro-5-pyrimidinecarbothioamide",Sintético / Indefinido,NaN,C11H17N3O2S2,NaN,NaN,NaN,50.4,69.5,-0.247738615459831,82.8848251050946,5,0.163433333333333,"M-H, 2M-H",NaN,NaN,NaN,NaN,No,No,NaN,http://nonlinear.com/redirect/outbound?p=chemspider&param=67030408,NaN,NaN,2239.4810655228,2081.08429289076,1487.53418019435,1529.28628942188,873.637235778486,868.176495179506,1901.20379200383,1692.85567223563,2882.13406496648,2986.66912750204,3067.82738220535,2881.21319556313
9.03_573.2191n,CSID9701850,N-[3-({1-[6-(Cyclopropylamino)-4-pyrimidinyl]-1H-imidazol-2-yl}amino)-4-methylphenyl]-3-(4-methyl-1H-imidazol-1-yl)-5-(trifluoromethyl)benzamide,Sintético / Indefinido,NaN,C29H26F3N9O,NaN,NaN,NaN,35.8,0,-3.7082777997198,83.152339182432,1,0.277633333333334,"M-H2O-H, M-H",NaN,NaN,NaN,NaN,No,No,NaN,http://nonlinear.com/redirect/outbound?p=chemspider&param=9701850,NaN,NaN,1719.05426234986,3654.45888472066,1143.35156472275,2665.26629322665,2221.70294202801,4133.04742693358,1044.00971464716,1793.76223600934,1121.7046499685,2045.48168381731,1183.34430615724,1762.59936111206
6.75_339.1079n,1009531,"N-cyclopentyl-1,2-dimethyl-5-(4-methyl-1,3-thiazol-2-yl)pyrrole-3-sulfonamide",Sintético / Indefinido,NaN,C15H21N3O2S2,NaN,NaN,NaN,36,0,1.11434811554393,81.567884291644,9,0.171283333333333,"M-H, 2M-H",NaN,NaN,NaN,NaN,No,No,NaN,NaN,NaN,NaN,4449.22621469359,3685.35260088886,1170.63106900374,1302.44746689354,449.705496267817,383.960468197911,2137.29083664834,2217.38465457852,318.401663451908,1840.89228577417,2331.91395908883,2185.0763242225
6.75_339.1079n,1027581,"4-[1-(2-methylpropyl)pyrrolo[2,3-b]pyridin-3-yl]sulfonylthiomorpholine",Sintético / Indefinido,NaN,C15H21N3O2S2,NaN,NaN,NaN,36,0,1.11434811554393,81.567884291644,9,0.171283333333333,"M-H, 2M-H",NaN,NaN,NaN,NaN,No,No,NaN,NaN,NaN,NaN,4449.22621469359,3685.35260088886,1170.63106900374,1302.44746689354,449.705496267817,383.960468197911,2137.29083664834,2217.38465457852,318.401663451908,1840.89228577417,2331.91395908883,2185.0763242225
6.75_339.1079n,1088420,"N-[2-(dimethylamino)ethyl]-2-methyl-5-(2-methyl-1,3-thiazol-4-yl)benzenesulfonamide",Sintético / Indefinido,NaN,C15H21N3O2S2,NaN,NaN,NaN,36,0,1.11434811554393,81.567884291644,9,0.171283333333333,"M-H, 2M-H",NaN,NaN,NaN,NaN,No,No,NaN,NaN,NaN,NaN,4449.22621469359,3685.35260088886,1170.63106900374,1302.44746689354,449.705496267817,383.960468197911,2137.29083664834,2217.38465457852,318.401663451908,1840.89228577417,2331.91395908883,2185.0763242225
6.75_339.1079n,992771,"2-(1,5-dimethyl-4-piperidin-1-ylsulfonylpyrrol-2-yl)-4-methyl-1,3-thiazole",Sintético / Indefinido,NaN,C15H21N3O2S2,NaN,NaN,NaN,36,0,1.11434811554393,81.567884291644,9,0.171283333333333,"M-H, 2M-H",NaN,NaN,NaN,NaN,No,No,NaN,NaN,NaN,NaN,4449.22621469359,3685.35260088886,1170.63106900374,1302.44746689354,449.705496267817,383.960468197911,2137.29083664834,2217.38465457852,318.401663451908,1840.89228577417,2331.91395908883,2185.0763242225
6.75_339.1079n,CSID129307408,"(4E)-4-{(2Z)-2-[(4-Amino-1-carboxy-4-oxobutyl)imino]ethylidene}-1,2,3,4-tetrahydro-2,6-pyridinedicarboxylic acid (non-preferred name)",Sintético / Indefinido,NaN,C14H17N3O7,NaN,NaN,NaN,46.3,45.3,3.67675129560138,90.4060646007079,9,0.171283333333333,"M-H, 2M-H",NaN,NaN,NaN,NaN,No,No,NaN,http://nonlinear.com/redirect/outbound?p=chemspider&param=129307408,NaN,NaN,4449.22621469359,3685.35260088886,1170.63106900374,1302.44746689354,449.705496267817,383.960468197911,2137.29083664834,2217.38465457852,318.401663451908,1840.89228577417,2331.91395908883,2185.0763242225
6.75_339.1079n,CSID30791219,Vulgaxanthin-I,Sintético / Indefinido,NaN,C14H17N3O7,C\1[C@H](NC(=C/C1=C/C=N[C@@H](CCC(=O)N)C(=O)O)C(=O)O)C(=O)O,"(2S,4E)-4-[2-[(1S)-4-amino-1-carboxy-4-oxobutyl]iminoethylidene]-2,3-dihydro-1H-pyridine-2,6-dicarboxylic acid",PDBJJFJKNSKTSW-MEWJKSKXSA-N,46.3,45.3,3.67675129560138,90.4060646007079,9,0.171283333333333,"M-H, 2M-H",Vulgaxanthin-I is a non-proteinogenic alpha-amino acid.,NaN,NaN,NaN,No,No,ChEBI,http://nonlinear.com/redirect/outbound?p=chemspider&param=30791219,NaN,NaN,4449.22621469359,3685.35260088886,1170.63106900374,1302.44746689354,449.705496267817,383.960468197911,2137.29083664834,2217.38465457852,318.401663451908,1840.89228577417,2331.91395908883,2185.0763242225
6.75_339.1079n,CSID4474640,"2,6-Pyridinedicarboxylic acid, 4-(((4-amino-1-carboxy-4-oxobutyl)imino)ethylidene)-1,2,3,4-tetrahydro-",Sintético / Indefinido,NaN,C14H17N3O7,C\1[C@H](NC(=C/C1=C/C=N[C@@H](CCC(=O)N)C(=O)O)C(=O)O)C(=O)O,"(2S,4E)-4-[2-[(1S)-4-amino-1-carboxy-4-oxobutyl]iminoethylidene]-2,3-dihydro-1H-pyridine-2,6-dicarboxylic acid",PDBJJFJKNSKTSW-MEWJKSKXSA-N,37.2,0,3.67675129560138,90.4060646007079,9,0.171283333333333,"M-H, 2M-H",Vulgaxanthin-I is a non-proteinogenic alpha-amino acid.,NaN,NaN,NaN,No,No,ChEBI,http://nonlinear.com/redirect/outbound?p=chemspider&param=4474640,NaN,NaN,4449.22621469359,3685.35260088886,1170.63106900374,1302.44746689354,449.705496267817,383.960468197911,2137.29083664834,2217.38465457852,318.401663451908,1840.89228577417,2331.91395908883,2185.0763242225
6.75_339.1079n,CSID67498139,"N-{3-[(4,6-Diamino-1,3,5-triazin-2-yl)amino]-1,4-dioxo-1,4-dihydro-2-naphthalenyl}acetamide",Sintético / Indefinido,NaN,C15H13N7O3,NaN,NaN,NaN,50.6,64.5,-0.26596007378504,89.0346985523302,9,0.171283333333333,"M-H, 2M-H",NaN,NaN,NaN,NaN,No,No,NaN,http://nonlinear.com/redirect/outbound?p=chemspider&param=67498139,NaN,NaN,4449.22621469359,3685.35260088886,1170.63106900374,1302.44746689354,449.705496267817,383.960468197911,2137.29083664834,2217.38465457852,318.401663451908,1840.89228577417,2331.91395908883,2185.0763242225
6.75_339.1079n,HMDB29840,Vulgaxanthin I,Sintético / Indefinido,NaN,C14H17N3O7,C\1[C@H](NC(=C/C1=C/C=N[C@@H](CCC(=O)N)C(=O)O)C(=O)O)C(=O)O,"(2S,4E)-4-[2-[(1S)-4-amino-1-carboxy-4-oxobutyl]iminoethylidene]-2,3-dihydro-1H-pyridine-2,6-dicarboxylic acid",PDBJJFJKNSKTSW-MEWJKSKXSA-N,45.2,40,3.67705648072448,90.4060646007079,9,0.171283333333333,"M-H, 2M-H",Vulgaxanthin-I is a non-proteinogenic alpha-amino acid.,NaN,NaN,NaN,No,No,ChEBI,http://nonlinear.com/redirect/outbound?p=hmdb&param=HMDB29840,NaN,NaN,4449.22621469359,3685.35260088886,1170.63106900374,1302.44746689354,449.705496267817,383.960468197911,2137.29083664834,2217.38465457852,318.401663451908,1840.89228577417,2331.91395908883,2185.0763242225
10.01_483.3142n,1004044,1-[4-methyl-2-(4-methylpiperazin-1-yl)quinolin-6-yl]-3-[3-(4-propylpiperazin-1-yl)propyl]thiourea,Sintético / Indefinido,NaN,C26H41N7S,NaN,NaN,NaN,35.9,0,-0.46438183732694,79.8375183845249,3,0.149183333333333,"M-H2O-H, M-H",NaN,NaN,NaN,NaN,No,No,NaN,NaN,NaN,NaN,5383.10695319616,4369.54602882687,4130.1851196682,3440.50600872841,7343.70973821836,6204.82968544539,3526.05149655821,2969.69516861643,3280.64426916805,3654.02221437947,3545.34877589398,3295.79283275432
10.01_483.3142n,999192,1-[2-(4-ethylpiperazin-1-yl)-4-methylquinolin-6-yl]-3-[3-(4-ethylpiperazin-1-yl)propyl]thiourea,Sintético / Indefinido,NaN,C26H41N7S,NaN,NaN,NaN,35.9,0,-0.46438183732694,79.8375183845249,3,0.149183333333333,"M-H2O-H, M-H",NaN,NaN,NaN,NaN,No,No,NaN,NaN,NaN,NaN,5383.10695319616,4369.54602882687,4130.1851196682,3440.50600872841,7343.70973821836,6204.82968544539,3526.05149655821,2969.69516861643,3280.64426916805,3654.02221437947,3545.34877589398,3295.79283275432
10.01_483.3142n,CSID35036396,"N,N-Dihexyl-5-(4,4,5,5-tetramethyl-1,3,2-dioxaborolan-2-yl)-2-(trifluoromethyl)benzamide",Sintético / Indefinido,NaN,C26H41BF3NO3,B1(OC(C(O1)(C)C)(C)C)C2=CC(=C(C=C2)C(F)(F)F)C(=O)N(CCCCCC)CCCCCC,"N,N-dihexyl-5-(4,4,5,5-tetramethyl-1,3,2-dioxaborolan-2-yl)-2-(trifluoromethyl)benzamide",MJTUOQQKFYNJKX-UHFFFAOYSA-N,22.7,0,2.13506711878878,16.2096528382767,3,0.149183333333333,"M-H2O-H, M-H",NaN,NaN,NaN,NaN,No,No,NaN,http://nonlinear.com/redirect/outbound?p=chemspider&param=35036396,NaN,NaN,5383.10695319616,4369.54602882687,4130.1851196682,3440.50600872841,7343.70973821836,6204.82968544539,3526.05149655821,2969.69516861643,3280.64426916805,3654.02221437947,3545.34877589398,3295.79283275432
10.90_592.2617n,CSID16629914,gln-pro-trp-tyr,Metabólito Endógeno (HMDB),Yes,C30H36N6O7,NaN,NaN,NaN,43.8,30.3,-4.72364644880567,94.2917751966369,30,0.171283333333333,"M-H, 2M-H",Fragmento de peptídeo identificado por sequenciamento.,NaN,Oligopeptide,NaN,Yes,Yes,Regras Locais (Peptídeo),http://nonlinear.com/redirect/outbound?p=chemspider&param=16629914,NaN,NaN,17014.5064668468,13930.9050099649,17191.0397119448,17782.466360085,20205.1963884002,20405.5538145709,19762.5503260932,17567.4185209557,8470.88077959194,8720.66376115157,40043.8354456883,35716.7105661664
10.90_592.2617n,CSID16629933,gln-pro-tyr-trp,Metabólito Endógeno (HMDB),Yes,C30H36N6O7,NaN,NaN,NaN,43.8,30.3,-4.72364644880567,94.2917751966369,30,0.171283333333333,"M-H, 2M-H",Fragmento de peptídeo identificado por sequenciamento.,NaN,Oligopeptide,NaN,Yes,Yes,Regras Locais (Peptídeo),http://nonlinear.com/redirect/outbound?p=chemspider&param=16629933,NaN,NaN,17014.5064668468,13930.9050099649,17191.0397119448,17782.466360085,20205.1963884002,20405.5538145709,19762.5503260932,17567.4185209557,8470.88077959194,8720.66376115157,40043.8354456883,35716.7105661664
10.90_592.2617n,CSID16631054,gln-trp-pro-tyr,Metabólito Endógeno (HMDB),Yes,C30H36N6O7,NaN,NaN,NaN,43.8,30.3,-4.72364644880567,94.2917751966369,30,0.171283333333333,"M-H, 2M-H",Fragmento de peptídeo identificado por sequenciamento.,NaN,Oligopeptide,NaN,Yes,Yes,Regras Locais (Peptídeo),http://nonlinear.com/redirect/outbound?p=chemspider&param=16631054,NaN,NaN,17014.5064668468,13930.9050099649,17191.0397119448,17782.466360085,20205.1963884002,20405.5538145709,19762.5503260932,17567.4185209557,8470.88077959194,8720.66376115157,40043.8354456883,35716.7105661664
10.90_592.2617n,CSID16631130,gln-trp-tyr-pro,Metabólito Endógeno (HMDB),Yes,C30H36N6O7,NaN,NaN,NaN,55.4,88,-4.72364644880567,94.2917751966369,30,0.171283333333333,"M-H, 2M-H",Fragmento de peptídeo identificado por sequenciamento.,NaN,Oligopeptide,NaN,Yes,Yes,Regras Locais (Peptídeo),http://nonlinear.com/redirect/outbound?p=chemspider&param=16631130,NaN,NaN,17014.5064668468,13930.9050099649,17191.0397119448,17782.466360085,20205.1963884002,20405.5538145709,19762.5503260932,17567.4185209557,8470.88077959194,8720.66376115157,40043.8354456883,35716.7105661664
10.90_592.2617n,CSID16631453,gln-tyr-pro-trp,Metabólito Endógeno (HMDB),Yes,C30H36N6O7,NaN,NaN,NaN,43.8,30.3,-4.72364644880567,94.2917751966369,30,0.171283333333333,"M-H, 2M-H",Fragmento de peptídeo identificado por sequenciamento.,NaN,Oligopeptide,NaN,Yes,Yes,Regras Locais (Peptídeo),http://nonlinear.com/redirect/outbound?p=chemspider&param=16631453,NaN,NaN,17014.5064668468,13930.9050099649,17191.0397119448,17782.466360085,20205.1963884002,20405.5538145709,19762.5503260932,17567.4185209557,8470.88077959194,8720.66376115157,40043.8354456883,35716.7105661664
10.90_592.2617n,CSID16631510,gln-tyr-trp-pro,Metabólito Endógeno (HMDB),Yes,C30H36N6O7,NaN,NaN,NaN,55.4,88,-4.72364644880567,94.2917751966369,30,0.171283333333333,"M-H, 2M-H",Fragmento de peptídeo identificado por sequenciamento.,NaN,Oligopeptide,NaN,Yes,Yes,Regras Locais (Peptídeo),http://nonlinear.com/redirect/outbound?p=chemspider&param=16631510,NaN,NaN,17014.5064668468,13930.9050099649,17191.0397119448,17782.466360085,20205.1963884002,20405.5538145709,19762.5503260932,17567.4185209557,8470.88077959194,8720.66376115157,40043.8354456883,35716.7105661664
10.90_592.2617n,CSID16690485,pro-gln-trp-tyr,Metabólito Endógeno (HMDB),Yes,C30H36N6O7,NaN,NaN,NaN,43.8,30.3,-4.72364644880567,94.2917751966369,30,0.171283333333333,"M-H, 2M-H",Fragmento de peptídeo identificado por sequenciamento.,NaN,Oligopeptide,NaN,Yes,Yes,Regras Locais (Peptídeo),http://nonlinear.com/redirect/outbound?p=chemspider&param=16690485,NaN,NaN,17014.5064668468,13930.9050099649,17191.0397119448,17782.466360085,20205.1963884002,20405.5538145709,19762.5503260932,17567.4185209557,8470.88077959194,8720.66376115157,40043.8354456883,35716.7105661664
10.90_592.2617n,CSID16690504,pro-gln-tyr-trp,Metabólito Endógeno (HMDB),Yes,C30H36N6O7,NaN,NaN,NaN,43.8,30.3,-4.72364644880567,94.2917751966369,30,0.171283333333333,"M-H, 2M-H",Fragmento de peptídeo identificado por sequenciamento.,NaN,Oligopeptide,NaN,Yes,Yes,Regras Locais (Peptídeo),http://nonlinear.com/redirect/outbound?p=chemspider&param=16690504,NaN,NaN,17014.5064668468,13930.9050099649,17191.0397119448,17782.466360085,20205.1963884002,20405.5538145709,19762.5503260932,17567.4185209557,8470.88077959194,8720.66376115157,40043.8354456883,35716.7105661664
10.90_592.2617n,CSID16694651,pro-trp-gln-tyr,Metabólito Endógeno (HMDB),Yes,C30H36N6O7,NaN,NaN,NaN,43.8,30.3,-4.72364644880567,94.2917751966369,30,0.171283333333333,"M-H, 2M-H",Fragmento de peptídeo identificado por sequenciamento.,NaN,Oligopeptide,NaN,Yes,Yes,Regras Locais (Peptídeo),http://nonlinear.com/redirect/outbound?p=chemspider&param=16694651,NaN,NaN,17014.5064668468,13930.9050099649,17191.0397119448,17782.466360085,20205.1963884002,20405.5538145709,19762.5503260932,17567.4185209557,8470.88077959194,8720.66376115157,40043.8354456883,35716.7105661664
10.90_592.2617n,CSID16694879,pro-trp-tyr-gln,Metabólito Endógeno (HMDB),Yes,C30H36N6O7,NaN,NaN,NaN,43.8,30.3,-4.72364644880567,94.2917751966369,30,0.171283333333333,"M-H, 2M-H",Fragmento de peptídeo identificado por sequenciamento.,NaN,Oligopeptide,NaN,Yes,Yes,Regras Locais (Peptídeo),http://nonlinear.com/redirect/outbound?p=chemspider&param=16694879,NaN,NaN,17014.5064668468,13930.9050099649,17191.0397119448,17782.466360085,20205.1963884002,20405.5538145709,19762.5503260932,17567.4185209557,8470.88077959194,8720.66376115157,40043.8354456883,35716.7105661664
10.90_592.2617n,CSID16695050,pro-tyr-gln-trp,Metabólito Endógeno (HMDB),Yes,C30H36N6O7,NaN,NaN,NaN,43.8,30.3,-4.72364644880567,94.2917751966369,30,0.171283333333333,"M-H, 2M-H",Fragmento de peptídeo identificado por sequenciamento.,NaN,Oligopeptide,NaN,Yes,Yes,Regras Locais (Peptídeo),http://nonlinear.com/redirect/outbound?p=chemspider&param=16695050,NaN,NaN,17014.5064668468,13930.9050099649,17191.0397119448,17782.466360085,20205.1963884002,20405.5538145709,19762.5503260932,17567.4185209557,8470.88077959194,8720.66376115157,40043.8354456883,35716.7105661664
10.90_592.2617n,CSID16695259,pro-tyr-trp-gln,Metabólito Endógeno (HMDB),Yes,C30H36N6O7,NaN,NaN,NaN,43.8,30.3,-4.72364644880567,94.2917751966369,30,0.171283333333333,"M-H, 2M-H",Fragmento de peptídeo identificado por sequenciamento.,NaN,Oligopeptide,NaN,Yes,Yes,Regras Locais (Peptídeo),http://nonlinear.com/redirect/outbound?p=chemspider&param=16695259,NaN,NaN,17014.5064668468,13930.9050099649,17191.0397119448,17782.466360085,20205.1963884002,20405.5538145709,19762.5503260932,17567.4185209557,8470.88077959194,8720.66376115157,40043.8354456883,35716.7105661664
10.90_592.2617n,CSID16710460,thr-thr-trp-trp,Metabólito Endógeno (HMDB),Yes,C30H36N6O7,NaN,NaN,NaN,43.8,30.4,-4.72364644880567,94.2917751966369,30,0.171283333333333,"M-H, 2M-H",Fragmento de peptídeo identificado por sequenciamento.,NaN,Oligopeptide,NaN,Yes,Yes,Regras Locais (Peptídeo),http://nonlinear.com/redirect/outbound?p=chemspider&param=16710460,NaN,NaN,17014.5064668468,13930.9050099649,17191.0397119448,17782.466360085,20205.1963884002,20405.5538145709,19762.5503260932,17567.4185209557,8470.88077959194,8720.66376115157,40043.8354456883,35716.7105661664
10.90_592.2617n,CSID16710840,thr-trp-thr-trp,Metabólito Endógeno (HMDB),Yes,C30H36N6O7,NaN,NaN,NaN,43.8,30.4,-4.72364644880567,94.2917751966369,30,0.171283333333333,"M-H, 2M-H",Fragmento de peptídeo identificado por sequenciamento.,NaN,Oligopeptide,NaN,Yes,Yes,Regras Locais (Peptídeo),http://nonlinear.com/redirect/outbound?p=chemspider&param=16710840,NaN,NaN,17014.5064668468,13930.9050099649,17191.0397119448,17782.466360085,20205.1963884002,20405.5538145709,19762.5503260932,17567.4185209557,8470.88077959194,8720.66376115157,40043.8354456883,35716.7105661664
10.90_592.2617n,CSID16710859,thr-trp-trp-thr,Metabólito Endógeno (HMDB),Yes,C30H36N6O7,NaN,NaN,NaN,43.9,30.5,-4.72364644880567,94.2917751966369,30,0.171283333333333,"M-H, 2M-H",Fragmento de peptídeo identificado por sequenciamento.,NaN,Oligopeptide,NaN,Yes,Yes,Regras Locais (Peptídeo),http://nonlinear.com/redirect/outbound?p=chemspider&param=16710859,NaN,NaN,17014.5064668468,13930.9050099649,17191.0397119448,17782.466360085,20205.1963884002,20405.5538145709,19762.5503260932,17567.4185209557,8470.88077959194,8720.66376115157,40043.8354456883,35716.7105661664
10.90_592.2617n,CSID16714393,trp-gln-pro-tyr,Metabólito Endógeno (HMDB),Yes,C30H36N6O7,NaN,NaN,NaN,43.8,30.3,-4.72364644880567,94.2917751966369,30,0.171283333333333,"M-H, 2M-H",Fragmento de peptídeo identificado por sequenciamento.,NaN,Oligopeptide,NaN,Yes,Yes,Regras Locais (Peptídeo),http://nonlinear.com/redirect/outbound?p=chemspider&param=16714393,NaN,NaN,17014.5064668468,13930.9050099649,17191.0397119448,17782.466360085,20205.1963884002,20405.5538145709,19762.5503260932,17567.4185209557,8470.88077959194,8720.66376115157,40043.8354456883,35716.7105661664
10.90_592.2617n,CSID16714469,trp-gln-tyr-pro,Metabólito Endógeno (HMDB),Yes,C30H36N6O7,NaN,NaN,NaN,55.4,88,-4.72364644880567,94.2917751966369,30,0.171283333333333,"M-H, 2M-H",Fragmento de peptídeo identificado por sequenciamento.,NaN,Oligopeptide,NaN,Yes,Yes,Regras Locais (Peptídeo),http://nonlinear.com/redirect/outbound?p=chemspider&param=16714469,NaN,NaN,17014.5064668468,13930.9050099649,17191.0397119448,17782.466360085,20205.1963884002,20405.5538145709,19762.5503260932,17567.4185209557,8470.88077959194,8720.66376115157,40043.8354456883,35716.7105661664
10.90_592.2617n,CSID16717428,trp-pro-gln-tyr,Metabólito Endógeno (HMDB),Yes,C30H36N6O7,NaN,NaN,NaN,43.8,30.3,-4.72364644880567,94.2917751966369,30,0.171283333333333,"M-H, 2M-H",Fragmento de peptídeo identificado por sequenciamento.,NaN,Oligopeptide,NaN,Yes,Yes,Regras Locais (Peptídeo),http://nonlinear.com/redirect/outbound?p=chemspider&param=16717428,NaN,NaN,17014.5064668468,13930.9050099649,17191.0397119448,17782.466360085,20205.1963884002,20405.5538145709,19762.5503260932,17567.4185209557,8470.88077959194,8720.66376115157,40043.8354456883,35716.7105661664
10.90_592.2617n,CSID16717656,trp-pro-tyr-gln,Metabólito Endógeno (HMDB),Yes,C30H36N6O7,NaN,NaN,NaN,43.8,30.3,-4.72364644880567,94.2917751966369,30,0.171283333333333,"M-H, 2M-H",Fragmento de peptídeo identificado por sequenciamento.,NaN,Oligopeptide,NaN,Yes,Yes,Regras Locais (Peptídeo),http://nonlinear.com/redirect/outbound?p=chemspider&param=16717656,NaN,NaN,17014.5064668468,13930.9050099649,17191.0397119448,17782.466360085,20205.1963884002,20405.5538145709,19762.5503260932,17567.4185209557,8470.88077959194,8720.66376115157,40043.8354456883,35716.7105661664
10.90_592.2617n,CSID16718427,trp-thr-thr-trp,Metabólito Endógeno (HMDB),Yes,C30H36N6O7,NaN,NaN,NaN,43.8,30.4,-4.72364644880567,94.2917751966369,30,0.171283333333333,"M-H, 2M-H",Fragmento de peptídeo identificado por sequenciamento.,NaN,Oligopeptide,NaN,Yes,Yes,Regras Locais (Peptídeo),http://nonlinear.com/redirect/outbound?p=chemspider&param=16718427,NaN,NaN,17014.5064668468,13930.9050099649,17191.0397119448,17782.466360085,20205.1963884002,20405.5538145709,19762.5503260932,17567.4185209557,8470.88077959194,8720.66376115157,40043.8354456883,35716.7105661664
10.90_592.2617n,CSID16718446,trp-thr-trp-thr,Metabólito Endógeno (HMDB),Yes,C30H36N6O7,NaN,NaN,NaN,43.9,30.5,-4.72364644880567,94.2917751966369,30,0.171283333333333,"M-H, 2M-H",Fragmento de peptídeo identificado por sequenciamento.,NaN,Oligopeptide,NaN,Yes,Yes,Regras Locais (Peptídeo),http://nonlinear.com/redirect/outbound?p=chemspider&param=16718446,NaN,NaN,17014.5064668468,13930.9050099649,17191.0397119448,17782.466360085,20205.1963884002,20405.5538145709,19762.5503260932,17567.4185209557,8470.88077959194,8720.66376115157,40043.8354456883,35716.7105661664
10.90_592.2617n,CSID16718826,trp-trp-thr-thr,Metabólito Endógeno (HMDB),Yes,C30H36N6O7,NaN,NaN,NaN,43.9,30.5,-4.72364644880567,94.2917751966369,30,0.171283333333333,"M-H, 2M-H",Fragmento de peptídeo identificado por sequenciamento.,NaN,Oligopeptide,NaN,Yes,Yes,Regras Locais (Peptídeo),http://nonlinear.com/redirect/outbound?p=chemspider&param=16718826,NaN,NaN,17014.5064668468,13930.9050099649,17191.0397119448,17782.466360085,20205.1963884002,20405.5538145709,19762.5503260932,17567.4185209557,8470.88077959194,8720.66376115157,40043.8354456883,35716.7105661664
10.90_592.2617n,CSID16719024,trp-tyr-gln-pro,Metabólito Endógeno (HMDB),Yes,C30H36N6O7,NaN,NaN,NaN,55.4,88,-4.72364644880567,94.2917751966369,30,0.171283333333333,"M-H, 2M-H",Fragmento de peptídeo identificado por sequenciamento.,NaN,Oligopeptide,NaN,Yes,Yes,Regras Locais (Peptídeo),http://nonlinear.com/redirect/outbound?p=chemspider&param=16719024,NaN,NaN,17014.5064668468,13930.9050099649,17191.0397119448,17782.466360085,20205.1963884002,20405.5538145709,19762.5503260932,17567.4185209557,8470.88077959194,8720.66376115157,40043.8354456883,35716.7105661664
10.90_592.2617n,CSID16719176,trp-tyr-pro-gln,Metabólito Endógeno (HMDB),Yes,C30H36N6O7,NaN,NaN,NaN,43.8,30.3,-4.72364644880567,94.2917751966369,30,0.171283333333333,"M-H, 2M-H",Fragmento de peptídeo identificado por sequenciamento.,NaN,Oligopeptide,NaN,Yes,Yes,Regras Locais (Peptídeo),http://nonlinear.com/redirect/outbound?p=chemspider&param=16719176,NaN,NaN,17014.5064668468,13930.9050099649,17191.0397119448,17782.466360085,20205.1963884002,20405.5538145709,19762.5503260932,17567.4185209557,8470.88077959194,8720.66376115157,40043.8354456883,35716.7105661664
10.90_592.2617n,CSID16722373,tyr-gln-pro-trp,Metabólito Endógeno (HMDB),Yes,C30H36N6O7,NaN,NaN,NaN,43.8,30.3,-4.72364644880567,94.2917751966369,30,0.171283333333333,"M-H, 2M-H",Fragmento de peptídeo identificado por sequenciamento.,NaN,Oligopeptide,NaN,Yes,Yes,Regras Locais (Peptídeo),http://nonlinear.com/redirect/outbound?p=chemspider&param=16722373,NaN,NaN,17014.5064668468,13930.9050099649,17191.0397119448,17782.466360085,20205.1963884002,20405.5538145709,19762.5503260932,17567.4185209557,8470.88077959194,8720.66376115157,40043.8354456883,35716.7105661664
10.90_592.2617n,CSID16722430,tyr-gln-trp-pro,Metabólito Endógeno (HMDB),Yes,C30H36N6O7,NaN,NaN,NaN,55.4,88,-4.72364644880567,94.2917751966369,30,0.171283333333333,"M-H, 2M-H",Fragmento de peptídeo identificado por sequenciamento.,NaN,Oligopeptide,NaN,Yes,Yes,Regras Locais (Peptídeo),http://nonlinear.com/redirect/outbound?p=chemspider&param=16722430,NaN,NaN,17014.5064668468,13930.9050099649,17191.0397119448,17782.466360085,20205.1963884002,20405.5538145709,19762.5503260932,17567.4185209557,8470.88077959194,8720.66376115157,40043.8354456883,35716.7105661664
10.90_592.2617n,CSID16725401,tyr-pro-gln-trp,Metabólito Endógeno (HMDB),Yes,C30H36N6O7,NaN,NaN,NaN,43.8,30.3,-4.72364644880567,94.2917751966369,30,0.171283333333333,"M-H, 2M-H",Fragmento de peptídeo identificado por sequenciamento.,NaN,Oligopeptide,NaN,Yes,Yes,Regras Locais (Peptídeo),http://nonlinear.com/redirect/outbound?p=chemspider&param=16725401,NaN,NaN,17014.5064668468,13930.9050099649,17191.0397119448,17782.466360085,20205.1963884002,20405.5538145709,19762.5503260932,17567.4185209557,8470.88077959194,8720.66376115157,40043.8354456883,35716.7105661664
10.90_592.2617n,CSID16725610,tyr-pro-trp-gln,Metabólito Endógeno (HMDB),Yes,C30H36N6O7,NaN,NaN,NaN,43.8,30.3,-4.72364644880567,94.2917751966369,30,0.171283333333333,"M-H, 2M-H",Fragmento de peptídeo identificado por sequenciamento.,NaN,Oligopeptide,NaN,Yes,Yes,Regras Locais (Peptídeo),http://nonlinear.com/redirect/outbound?p=chemspider&param=16725610,NaN,NaN,17014.5064668468,13930.9050099649,17191.0397119448,17782.466360085,20205.1963884002,20405.5538145709,19762.5503260932,17567.4185209557,8470.88077959194,8720.66376115157,40043.8354456883,35716.7105661664
10.90_592.2617n,CSID16726595,tyr-trp-gln-pro,Metabólito Endógeno (HMDB),Yes,C30H36N6O7,NaN,NaN,NaN,55.4,88,-4.72364644880567,94.2917751966369,30,0.171283333333333,"M-H, 2M-H",Fragmento de peptídeo identificado por sequenciamento.,NaN,Oligopeptide,NaN,Yes,Yes,Regras Locais (Peptídeo),http://nonlinear.com/redirect/outbound?p=chemspider&param=16726595,NaN,NaN,17014.5064668468,13930.9050099649,17191.0397119448,17782.466360085,20205.1963884002,20405.5538145709,19762.5503260932,17567.4185209557,8470.88077959194,8720.66376115157,40043.8354456883,35716.7105661664
10.90_592.2617n,CSID16726746,tyr-trp-pro-gln,Metabólito Endógeno (HMDB),Yes,C30H36N6O7,NaN,NaN,NaN,43.8,30.3,-4.72364644880567,94.2917751966369,30,0.171283333333333,"M-H, 2M-H",Fragmento de peptídeo identificado por sequenciamento.,NaN,Oligopeptide,NaN,Yes,Yes,Regras Locais (Peptídeo),http://nonlinear.com/redirect/outbound?p=chemspider&param=16726746,NaN,NaN,17014.5064668468,13930.9050099649,17191.0397119448,17782.466360085,20205.1963884002,20405.5538145709,19762.5503260932,17567.4185209557,8470.88077959194,8720.66376115157,40043.8354456883,35716.7105661664
11.53_844.5041n,CSID24723139,"1,1′,1″-(1,3,5,7,9,11,13,15,17,19,21-Tricosaundecayne-23,23,23-triyl)tris[3,5-bis(2-methyl-2-propanyl)benzene]",Sintético / Indefinido,NaN,C65H64,NaN,NaN,NaN,30.2,0,3.93762526175492,55.41091289198,1,0.0920666666666659,"M-H2O-H, M-H",NaN,NaN,NaN,NaN,No,No,NaN,http://nonlinear.com/redirect/outbound?p=chemspider&param=24723139,NaN,NaN,7.33843994140733,0.0,45.8908997774237,22.2348021268827,34.3619477954076,17.3341063857125,48.4547718827596,35.9290177451408,13.0536193847708,0.0,62.4281315207546,49.0195311307855
9.03_174.0135n,CSID10498074,"3-amino-6-nitro-1,2,4,5-tetrazine 2,4-dioxide",Sintético / Indefinido,NaN,C2H2N6O4,C1(=[N+](N=C(N=[N+]1[O-])[N+](=O)[O-])[O-])N,"6-nitro-2,4-dioxido-1,2,4,5-tetrazine-2,4-diium-3-amine",LXQWSRMZLIWECR-UHFFFAOYSA-N,38.8,0.0733,-1.41466945938355,95.6450866119548,11,0.234816666666667,"M-H, 2M-H",NaN,NaN,NaN,NaN,No,No,NaN,http://nonlinear.com/redirect/outbound?p=chemspider&param=10498074,NaN,NaN,932.758890692369,597.247379931579,549.004023219198,404.63368726206,1474.5572105771,1115.18873886288,427.327384147463,323.909780346772,574.477691948557,454.55181109552,518.729706232212,404.787509891981
9.03_174.0135n,CSID2059019,"2,6-Difluoro-4-hydroxybenzoic acid",Sintético / Indefinido,NaN,C7H4F2O3,C1=C(C=C(C(=C1F)C(=O)O)F)O,"2,6-difluoro-4-hydroxybenzoic acid",NFIQGYBXSJQLSR-UHFFFAOYSA-N,37.7,0.266,3.77459514133865,92.8566425727022,11,0.234816666666667,"M-H, 2M-H",NaN,NaN,NaN,NaN,No,No,NaN,http://nonlinear.com/redirect/outbound?p=chemspider&param=2059019,NaN,NaN,932.758890692369,597.247379931579,549.004023219198,404.63368726206,1474.5572105771,1115.18873886288,427.327384147463,323.909780346772,574.477691948557,454.55181109552,518.729706232212,404.787509891981
9.03_174.0135n,CSID2059542,"2,3-Difluoro-4-hydroxybenzoic acid",Sintético / Indefinido,NaN,C7H4F2O3,C1=CC(=C(C(=C1C(=O)O)F)F)O,"2,3-difluoro-4-hydroxybenzoic acid",XIZIDHMVDRRFBT-UHFFFAOYSA-N,37.7,0.266,3.77459514133865,92.8566425727022,11,0.234816666666667,"M-H, 2M-H",NaN,NaN,NaN,NaN,No,No,NaN,http://nonlinear.com/redirect/outbound?p=chemspider&param=2059542,NaN,NaN,932.758890692369,597.247379931579,549.004023219198,404.63368726206,1474.5572105771,1115.18873886288,427.327384147463,323.909780346772,574.477691948557,454.55181109552,518.729706232212,404.787509891981
9.03_174.0135n,CSID2389189,"5-(Dinitromethylene)-2,5-dihydro-1H-tetrazole",Sintético / Indefinido,NaN,C2H2N6O4,NaN,NaN,NaN,38.8,0,-1.41466945938355,95.6450866119548,11,0.234816666666667,"M-H, 2M-H",NaN,NaN,NaN,NaN,No,No,NaN,http://nonlinear.com/redirect/outbound?p=chemspider&param=2389189,NaN,NaN,932.758890692369,597.247379931579,549.004023219198,404.63368726206,1474.5572105771,1115.18873886288,427.327384147463,323.909780346772,574.477691948557,454.55181109552,518.729706232212,404.787509891981
9.03_174.0135n,CSID29371971,"4,5-Dinitro-1H-1,2,3-triazol-1-amine",Sintético / Indefinido,NaN,C2H2N6O4,NaN,NaN,NaN,38.8,0,-1.41466945938355,95.6450866119548,11,0.234816666666667,"M-H, 2M-H",NaN,NaN,NaN,NaN,No,No,NaN,http://nonlinear.com/redirect/outbound?p=chemspider&param=29371971,NaN,NaN,932.758890692369,597.247379931579,549.004023219198,404.63368726206,1474.5572105771,1115.18873886288,427.327384147463,323.909780346772,574.477691948557,454.55181109552,518.729706232212,404.787509891981
9.03_174.0135n,CSID5759259,5-(Dinitromethyl)-2H-tetrazole,Sintético / Indefinido,NaN,C2H2N6O4,NaN,NaN,NaN,38.8,0,-1.41466945938355,95.6450866119548,11,0.234816666666667,"M-H, 2M-H",NaN,NaN,NaN,NaN,No,No,NaN,http://nonlinear.com/redirect/outbound?p=chemspider&param=5759259,NaN,NaN,932.758890692369,597.247379931579,549.004023219198,404.63368726206,1474.5572105771,1115.18873886288,427.327384147463,323.909780346772,574.477691948557,454.55181109552,518.729706232212,404.787509891981
9.03_174.0135n,CSID67162883,"N,3-Dinitro-1H-1,2,4-triazol-5-amine",Sintético / Indefinido,NaN,C2H2N6O4,NaN,NaN,NaN,38.8,0.0491,-1.41466945938355,95.6450866119548,11,0.234816666666667,"M-H, 2M-H",NaN,NaN,NaN,NaN,No,No,NaN,http://nonlinear.com/redirect/outbound?p=chemspider&param=67162883,NaN,NaN,932.758890692369,597.247379931579,549.004023219198,404.63368726206,1474.5572105771,1115.18873886288,427.327384147463,323.909780346772,574.477691948557,454.55181109552,518.729706232212,404.787509891981
9.03_174.0135n,CSID67165411,"Thieno[2,3-g][1]benzofuran",Sintético / Indefinido,NaN,C10H6OS,NaN,NaN,NaN,36.7,0.724,-2.46630788165454,85.7465828544031,11,0.234816666666667,"M-H, 2M-H",NaN,NaN,NaN,NaN,No,No,NaN,http://nonlinear.com/redirect/outbound?p=chemspider&param=67165411,NaN,NaN,932.758890692369,597.247379931579,549.004023219198,404.63368726206,1474.5572105771,1115.18873886288,427.327384147463,323.909780346772,574.477691948557,454.55181109552,518.729706232212,404.787509891981
9.03_174.0135n,CSID67165714,"[1]Benzothieno[3,2-b]furan",Sintético / Indefinido,NaN,C10H6OS,C1=CC=C2C(=C1)C3=C(S2)C=CO3,"[1]benzothiolo[3,2-b]furan",BGXIGKBSRUBOHX-UHFFFAOYSA-N,36.7,0.724,-2.46630788165454,85.7465828544031,11,0.234816666666667,"M-H, 2M-H",NaN,NaN,NaN,NaN,No,No,NaN,http://nonlinear.com/redirect/outbound?p=chemspider&param=67165714,NaN,NaN,932.758890692369,597.247379931579,549.004023219198,404.63368726206,1474.5572105771,1115.18873886288,427.327384147463,323.909780346772,574.477691948557,454.55181109552,518.729706232212,404.787509891981
9.03_174.0135n,CSID67168325,"6-Nitro-1,2,3,4-tetrazin-5-amine 1,3-dioxide",Sintético / Indefinido,NaN,C2H2N6O4,NaN,NaN,NaN,38.8,0.165,-1.41466945938355,95.6450866119548,11,0.234816666666667,"M-H, 2M-H",NaN,NaN,NaN,NaN,No,No,NaN,http://nonlinear.com/redirect/outbound?p=chemspider&param=67168325,NaN,NaN,932.758890692369,597.247379931579,549.004023219198,404.63368726206,1474.5572105771,1115.18873886288,427.327384147463,323.909780346772,574.477691948557,454.55181109552,518.729706232212,404.787509891981
9.03_174.0135n,CSID9291681,"Thieno[3,2-b][1]benzofuran",Sintético / Indefinido,NaN,C10H6OS,NaN,NaN,NaN,36.6,0,-2.46630788165454,85.7465828544031,11,0.234816666666667,"M-H, 2M-H",NaN,NaN,NaN,NaN,No,No,NaN,http://nonlinear.com/redirect/outbound?p=chemspider&param=9291681,NaN,NaN,932.758890692369,597.247379931579,549.004023219198,404.63368726206,1474.5572105771,1115.18873886288,427.327384147463,323.909780346772,574.477691948557,454.55181109552,518.729706232212,404.787509891981
9.02_767.4565n,CSID10307337,Cyclo(L-alloisoleucyl-L-prolyl-L-leucyl-L-isoleucyl-L-phenylalanyl-L-seryl-L-prolyl),Sintético / Indefinido,NaN,C40H61N7O8,NaN,NaN,NaN,35.4,3.31,-2.21313322632582,76.243237327928,1,0.277633333333334,"M-H2O-H, M-H",NaN,NaN,NaN,NaN,No,No,NaN,http://nonlinear.com/redirect/outbound?p=chemspider&param=10307337,NaN,NaN,1968.83132833157,1668.08330953114,1241.58824362982,1283.31132098941,2342.73454939193,2184.67833778523,1146.51572548292,1102.68522910572,1164.86944797514,1242.1595169696,1458.37256620141,1456.83991408935
2.85_564.1427n,CSID176798,RAZAXABAN HYDROCHLORIDE,Sintético / Indefinido,No,C24H20ClF4N8O2,CN(C)CC1=NC=CN1C2=CC(=C(C=C2)NC(=O)C3=CC(=NN3C4=CC5=C(C=C4)ON=C5N)C(F)(F)F)F.Cl,"1-(3-amino-1,2-benzoxazol-5-yl)-N-[4-[2-[(dimethylamino)methyl]imidazol-1-yl]-2-fluorophenyl]-3-(trifluoromethyl)pyrazole-5-carboxamide;hydrochloride",CASCTHHMARGRLB-UHFFFAOYSA-N,32.9,0,2.72427849475206,67.8316157721789,2,0.306183333333334,"M-H, 2M-H",NaN,NaN,Small molecule,-1.0,No,No,NaN,http://nonlinear.com/redirect/outbound?p=chemspider&param=176798,NaN,NaN,13920.5938233625,14124.9186102639,34623.2622637617,34121.8959537745,29016.0669889176,29038.7946068303,23692.3556308524,24503.1304660072,27760.5564986508,28153.7833739458,31145.7872000874,31523.7043769124
2.85_564.1427n,CSID8501026,Thelephorin A,Produto Natural,Yes,C33H24O9,C1=CC=C(C=C1)CC(=O)OC2=C(C(=C(C(=C2C3=CC=C(C=C3)O)O)OC(=O)C4=CC=C(C=C4)O)C5=CC=C(C=C5)O)O,"[2,5-dihydroxy-3,6-bis(4-hydroxyphenyl)-4-(2-phenylacetyl)oxyphenyl] 4-hydroxybenzoate",GPJNBFKFWGAZQB-UHFFFAOYSA-N,36.1,0,1.27073986906705,82.2135110735888,2,0.306183333333334,"M-H, 2M-H",Thelephorin A is a carbonyl compound.,NaN,NaN,NaN,No,No,ChEBI,http://nonlinear.com/redirect/outbound?p=chemspider&param=8501026,NaN,NaN,13920.5938233625,14124.9186102639,34623.2622637617,34121.8959537745,29016.0669889176,29038.7946068303,23692.3556308524,24503.1304660072,27760.5564986508,28153.7833739458,31145.7872000874,31523.7043769124
0.78_341.1028m/z,1002999,"2-ethyl-5-(5-quinolin-2-yl-1,2,4-oxadiazol-3-yl)-1,3-benzoxazole",Sintético / Indefinido,NaN,C20H14N4O2,NaN,NaN,NaN,35.1,0,-4.74450047654166,80.7875935969715,234,0.0778000000000001,M-H,NaN,NaN,NaN,NaN,No,No,NaN,NaN,NaN,NaN,460.812941577486,438.609730355136,550.811813115506,580.007965087744,425.204114914147,381.714297596972,382.220977782967,354.268205566905,435.8355102539,382.079471906557,369.718236627076,341.921630757389
0.78_341.1028m/z,1004120,"4-[[2-(4-methoxyphenyl)imidazo[1,2-a]pyrazin-3-yl]amino]benzoic acid",Sintético / Indefinido,NaN,C20H16N4O3,NaN,NaN,NaN,35.1,0,-4.50720485005596,80.5771566010241,234,0.0778000000000001,M-H2O-H,NaN,NaN,NaN,NaN,No,No,NaN,NaN,NaN,NaN,460.812941577486,438.609730355136,550.811813115506,580.007965087744,425.204114914147,381.714297596972,382.220977782967,354.268205566905,435.8355102539,382.079471906557,369.718236627076,341.921630757389
0.78_341.1028m/z,1008186,"1-[[3-(4-methylphenyl)-1,2,4-oxadiazol-5-yl]methyl]-4-phenylpyrazine-2,3-dione",Sintético / Indefinido,NaN,C20H16N4O3,NaN,NaN,NaN,35.1,0,-4.50720485005596,80.5771566010241,234,0.0778000000000001,M-H2O-H,NaN,NaN,NaN,NaN,No,No,NaN,NaN,NaN,NaN,460.812941577486,438.609730355136,550.811813115506,580.007965087744,425.204114914147,381.714297596972,382.220977782967,354.268205566905,435.8355102539,382.079471906557,369.718236627076,341.921630757389
0.78_341.1028m/z,1008915,"2-(1,3-benzodioxol-5-yl)-N-(2-methoxyphenyl)imidazo[1,2-a]pyrazin-3-amine",Sintético / Indefinido,No,C20H16N4O3,COC1=CC=CC=C1NC2=C(N=C3N2C=CN=C3)C4=CC5=C(C=C4)OCO5,"2-(1,3-benzodioxol-5-yl)-N-(2-methoxyphenyl)imidazo[1,2-a]pyrazin-3-amine",SRMGXBPXORHLQN-UHFFFAOYSA-N,35.1,0,-4.50720485005596,80.5771566010241,234,0.0778000000000001,M-H2O-H,NaN,NaN,Unknown,NaN,No,No,NaN,NaN,NaN,NaN,460.812941577486,438.609730355136,550.811813115506,580.007965087744,425.204114914147,381.714297596972,382.220977782967,354.268205566905,435.8355102539,382.079471906557,369.718236627076,341.921630757389
0.78_341.1028m/z,1010196,"2-ethyl-5-(5-isoquinolin-1-yl-1,2,4-oxadiazol-3-yl)-1,3-benzoxazole",Sintético / Indefinido,NaN,C20H14N4O2,NaN,NaN,NaN,35.1,0,-4.74450047654166,80.7875935969715,234,0.0778000000000001,M-H,NaN,NaN,NaN,NaN,No,No,NaN,NaN,NaN,NaN,460.812941577486,438.609730355136,550.811813115506,580.007965087744,425.204114914147,381.714297596972,382.220977782967,354.268205566905,435.8355102539,382.079471906557,369.718236627076,341.921630757389
0.78_341.1028m/z,1013631,"4-[3-(2,3-dihydro-1,4-benzodioxin-6-ylamino)imidazo[1,2-a]pyrimidin-2-yl]phenol",Sintético / Indefinido,No,C20H16N4O3,C1COC2=C(O1)C=CC(=C2)NC3=C(N=C4N3C=CC=N4)C5=CC=C(C=C5)O,"4-[3-(2,3-dihydro-1,4-benzodioxin-6-ylamino)imidazo[1,2-a]pyrimidin-2-yl]phenol",KHSKNUHXDDCAFX-UHFFFAOYSA-N,35.1,0,-4.50720485005596,80.5771566010241,234,0.0778000000000001,M-H2O-H,"4-[3-(2,3-dihydro-1,4-benzodioxin-6-ylamino)-2-imidazo[1,2-a]pyrimidinyl]phenol is a member of imidazoles.",NaN,Small molecule,NaN,No,No,ChEBI,NaN,NaN,NaN,460.812941577486,438.609730355136,550.811813115506,580.007965087744,425.204114914147,381.714297596972,382.220977782967,354.268205566905,435.8355102539,382.079471906557,369.718236627076,341.921630757389
0.78_341.1028m/z,1015164,"2-[4-(3-methyl-1,2,4-oxadiazol-5-yl)-2-oxoquinolin-1-yl]-N-phenylacetamide",Sintético / Indefinido,NaN,C20H16N4O3,NaN,NaN,NaN,35.1,0,-4.50720484989811,80.5771566010241,234,0.0778000000000001,M-H2O-H,NaN,NaN,NaN,NaN,No,No,NaN,NaN,NaN,NaN,460.812941577486,438.609730355136,550.811813115506,580.007965087744,425.204114914147,381.714297596972,382.220977782967,354.268205566905,435.8355102539,382.079471906557,369.718236627076,341.921630757389
0.78_341.1028m/z,1015470,"N-(2-methoxyphenyl)-2-(5-quinolin-6-yl-1,3,4-oxadiazol-2-yl)acetamide",Sintético / Indefinido,NaN,C20H16N4O3,NaN,NaN,NaN,35.1,0,-4.50720485005596,80.5771566010241,234,0.0778000000000001,M-H2O-H,NaN,NaN,NaN,NaN,No,No,NaN,NaN,NaN,NaN,460.812941577486,438.609730355136,550.811813115506,580.007965087744,425.204114914147,381.714297596972,382.220977782967,354.268205566905,435.8355102539,382.079471906557,369.718236627076,341.921630757389
0.78_341.1028m/z,1017259,"3-[3-(3-ethoxyphenyl)-1,2,4-oxadiazol-5-yl]-1-phenylpyridazin-4-one",Sintético / Indefinido,NaN,C20H16N4O3,CCOC1=CC=CC(=C1)C2=NOC(=N2)C3=NN(C=CC3=O)C4=CC=CC=C4,"3-[3-(3-ethoxyphenyl)-1,2,4-oxadiazol-5-yl]-1-phenylpyridazin-4-one",KLUFSJKZAKARFW-UHFFFAOYSA-N,35.1,0,-4.50720485005596,80.5771566010241,234,0.0778000000000001,M-H2O-H,NaN,NaN,NaN,NaN,No,No,NaN,NaN,NaN,NaN,460.812941577486,438.609730355136,550.811813115506,580.007965087744,425.204114914147,381.714297596972,382.220977782967,354.268205566905,435.8355102539,382.079471906557,369.718236627076,341.921630757389
0.78_341.1028m/z,1018463,"methyl 3-[[2-(3-hydroxyphenyl)imidazo[1,2-a]pyrazin-3-yl]amino]benzoate",Sintético / Indefinido,NaN,C20H16N4O3,NaN,NaN,NaN,35.1,0,-4.50720484989811,80.5771566010241,234,0.0778000000000001,M-H2O-H,NaN,NaN,NaN,NaN,No,No,NaN,NaN,NaN,NaN,460.812941577486,438.609730355136,550.811813115506,580.007965087744,425.204114914147,381.714297596972,382.220977782967,354.268205566905,435.8355102539,382.079471906557,369.718236627076,341.921630757389
0.78_341.1028m/z,1018656,"methyl 2-[[2-(3-hydroxyphenyl)imidazo[1,2-a]pyrazin-3-yl]amino]benzoate",Sintético / Indefinido,NaN,C20H16N4O3,NaN,NaN,NaN,35.1,0,-4.50720484989811,80.5771566010241,234,0.0778000000000001,M-H2O-H,NaN,NaN,NaN,NaN,No,No,NaN,NaN,NaN,NaN,460.812941577486,438.609730355136,550.811813115506,580.007965087744,425.204114914147,381.714297596972,382.220977782967,354.268205566905,435.8355102539,382.079471906557,369.718236627076,341.921630757389
0.78_341.1028m/z,1019645,"3-[3-(4-ethoxyphenyl)-1,2,4-oxadiazol-5-yl]-1-phenylpyridazin-4-one",Sintético / Indefinido,NaN,C20H16N4O3,CCOC1=CC=C(C=C1)C2=NOC(=N2)C3=NN(C=CC3=O)C4=CC=CC=C4,"3-[3-(4-ethoxyphenyl)-1,2,4-oxadiazol-5-yl]-1-phenylpyridazin-4-one",TVVHOWFDIGTGMW-UHFFFAOYSA-N,35.1,0,-4.50720485005596,80.5771566010241,234,0.0778000000000001,M-H2O-H,NaN,NaN,NaN,NaN,No,No,NaN,NaN,NaN,NaN,460.812941577486,438.609730355136,550.811813115506,580.007965087744,425.204114914147,381.714297596972,382.220977782967,354.268205566905,435.8355102539,382.079471906557,369.718236627076,341.921630757389
0.78_341.1028m/z,1019657,"3-[3-(4-methoxyphenyl)-1,2,4-oxadiazol-5-yl]-1-(4-methylphenyl)pyridazin-4-one",Sintético / Indefinido,NaN,C20H16N4O3,NaN,NaN,NaN,35.1,0,-4.50720485005596,80.5771566010241,234,0.0778000000000001,M-H2O-H,NaN,NaN,NaN,NaN,No,No,NaN,NaN,NaN,NaN,460.812941577486,438.609730355136,550.811813115506,580.007965087744,425.204114914147,381.714297596972,382.220977782967,354.268205566905,435.8355102539,382.079471906557,369.718236627076,341.921630757389
0.78_341.1028m/z,1022474,"1-(2-methylphenyl)-4-[(3-phenyl-1,2,4-oxadiazol-5-yl)methyl]pyrazine-2,3-dione",Sintético / Indefinido,NaN,C20H16N4O3,CC1=CC=CC=C1N2C=CN(C(=O)C2=O)CC3=NC(=NO3)C4=CC=CC=C4,"1-(2-methylphenyl)-4-[(3-phenyl-1,2,4-oxadiazol-5-yl)methyl]pyrazine-2,3-dione",LHFDUSOTVUUYFM-UHFFFAOYSA-N,35.1,0,-4.50720485005596,80.5771566010241,234,0.0778000000000001,M-H2O-H,NaN,NaN,NaN,NaN,No,No,NaN,NaN,NaN,NaN,460.812941577486,438.609730355136,550.811813115506,580.007965087744,425.204114914147,381.714297596972,382.220977782967,354.268205566905,435.8355102539,382.079471906557,369.718236627076,341.921630757389
0.78_341.1028m/z,1024972,"N-(4-methoxyphenyl)-2-(5-quinolin-6-yl-1,3,4-oxadiazol-2-yl)acetamide",Sintético / Indefinido,NaN,C20H16N4O3,NaN,NaN,NaN,35.1,0,-4.50720485005596,80.5771566010241,234,0.0778000000000001,M-H2O-H,NaN,NaN,NaN,NaN,No,No,NaN,NaN,NaN,NaN,460.812941577486,438.609730355136,550.811813115506,580.007965087744,425.204114914147,381.714297596972,382.220977782967,354.268205566905,435.8355102539,382.079471906557,369.718236627076,341.921630757389
0.78_341.1028m/z,1026597,"1-(4-methoxyphenyl)-3-[3-(4-methylphenyl)-1,2,4-oxadiazol-5-yl]pyridazin-4-one",Sintético / Indefinido,NaN,C20H16N4O3,NaN,NaN,NaN,35.1,0,-4.50720485005596,80.5771566010241,234,0.0778000000000001,M-H2O-H,NaN,NaN,NaN,NaN,No,No,NaN,NaN,NaN,NaN,460.812941577486,438.609730355136,550.811813115506,580.007965087744,425.204114914147,381.714297596972,382.220977782967,354.268205566905,435.8355102539,382.079471906557,369.718236627076,341.921630757389
0.78_341.1028m/z,1027861,"3-[[2-(4-methoxyphenyl)imidazo[1,2-a]pyrazin-3-yl]amino]benzoic acid",Sintético / Indefinido,NaN,C20H16N4O3,NaN,NaN,NaN,35.1,0,-4.50720485005596,80.5771566010241,234,0.0778000000000001,M-H2O-H,NaN,NaN,NaN,NaN,No,No,NaN,NaN,NaN,NaN,460.812941577486,438.609730355136,550.811813115506,580.007965087744,425.204114914147,381.714297596972,382.220977782967,354.268205566905,435.8355102539,382.079471906557,369.718236627076,341.921630757389
0.78_341.1028m/z,1027899,"4-[3-(2-methoxyanilino)imidazo[1,2-a]pyrazin-2-yl]benzoic acid",Sintético / Indefinido,NaN,C20H16N4O3,NaN,NaN,NaN,35.1,0,-4.50720485005596,80.5771566010241,234,0.0778000000000001,M-H2O-H,NaN,NaN,NaN,NaN,No,No,NaN,NaN,NaN,NaN,460.812941577486,438.609730355136,550.811813115506,580.007965087744,425.204114914147,381.714297596972,382.220977782967,354.268205566905,435.8355102539,382.079471906557,369.718236627076,341.921630757389
0.78_341.1028m/z,1033703,"2-[[3-(3-methoxyphenyl)-1,2,4-oxadiazol-5-yl]methyl]-6-phenylpyridazin-3-one",Sintético / Indefinido,NaN,C20H16N4O3,COC1=CC=CC(=C1)C2=NOC(=N2)CN3C(=O)C=CC(=N3)C4=CC=CC=C4,"2-[[3-(3-methoxyphenyl)-1,2,4-oxadiazol-5-yl]methyl]-6-phenylpyridazin-3-one",ILUAITUGSOKILK-UHFFFAOYSA-N,35.1,0,-4.50720485005596,80.5771566010241,234,0.0778000000000001,M-H2O-H,NaN,NaN,NaN,NaN,No,No,NaN,NaN,NaN,NaN,460.812941577486,438.609730355136,550.811813115506,580.007965087744,425.204114914147,381.714297596972,382.220977782967,354.268205566905,435.8355102539,382.079471906557,369.718236627076,341.921630757389
0.78_341.1028m/z,1048834,"2-(1,3-dioxoisoindol-2-yl)-N-(5-methyl-2-phenylpyrazol-3-yl)acetamide",Sintético / Indefinido,NaN,C20H16N4O3,CC1=NN(C(=C1)NC(=O)CN2C(=O)C3=CC=CC=C3C2=O)C4=CC=CC=C4,"2-(1,3-dioxoisoindol-2-yl)-N-(5-methyl-2-phenylpyrazol-3-yl)acetamide",GNNZYSAXITXABW-UHFFFAOYSA-N,35.1,0,-4.50720484989811,80.5771566010241,234,0.0778000000000001,M-H2O-H,NaN,NaN,NaN,NaN,No,No,NaN,NaN,NaN,NaN,460.812941577486,438.609730355136,550.811813115506,580.007965087744,425.204114914147,381.714297596972,382.220977782967,354.268205566905,435.8355102539,382.079471906557,369.718236627076,341.921630757389
0.78_341.1028m/z,1050780,"2-(1,2-benzoxazol-3-yl)-N-[3-(6-methylpyridazin-3-yl)oxyphenyl]acetamide",Sintético / Indefinido,NaN,C20H16N4O3,CC1=NN=C(C=C1)OC2=CC=CC(=C2)NC(=O)CC3=NOC4=CC=CC=C43,"2-(1,2-benzoxazol-3-yl)-N-[3-(6-methylpyridazin-3-yl)oxyphenyl]acetamide",HEUJYJLTIVFRCK-UHFFFAOYSA-N,35.1,0,-4.50720484989811,80.5771566010241,234,0.0778000000000001,M-H2O-H,NaN,NaN,NaN,NaN,No,No,NaN,NaN,NaN,NaN,460.812941577486,438.609730355136,550.811813115506,580.007965087744,425.204114914147,381.714297596972,382.220977782967,354.268205566905,435.8355102539,382.079471906557,369.718236627076,341.921630757389
0.78_341.1028m/z,1076115,"2-[[3-(4-methoxyphenyl)-1,2,4-oxadiazol-5-yl]methyl]-6-phenylpyridazin-3-one",Sintético / Indefinido,NaN,C20H16N4O3,COC1=CC=C(C=C1)C2=NOC(=N2)CN3C(=O)C=CC(=N3)C4=CC=CC=C4,"2-[[3-(4-methoxyphenyl)-1,2,4-oxadiazol-5-yl]methyl]-6-phenylpyridazin-3-one",LIHYLTVVOIWMND-UHFFFAOYSA-N,35.1,0,-4.50720485005596,80.5771566010241,234,0.0778000000000001,M-H2O-H,NaN,NaN,NaN,NaN,No,No,NaN,NaN,NaN,NaN,460.812941577486,438.609730355136,550.811813115506,580.007965087744,425.204114914147,381.714297596972,382.220977782967,354.268205566905,435.8355102539,382.079471906557,369.718236627076,341.921630757389
0.78_341.1028m/z,1078554,"6-(4-methoxyphenyl)-2-[(3-phenyl-1,2,4-oxadiazol-5-yl)methyl]pyridazin-3-one",Sintético / Indefinido,NaN,C20H16N4O3,NaN,NaN,NaN,35.1,0,-4.50720485005596,80.5771566010241,234,0.0778000000000001,M-H2O-H,NaN,NaN,NaN,NaN,No,No,NaN,NaN,NaN,NaN,460.812941577486,438.609730355136,550.811813115506,580.007965087744,425.204114914147,381.714297596972,382.220977782967,354.268205566905,435.8355102539,382.079471906557,369.718236627076,341.921630757389
0.78_341.1028m/z,1090320,"6-(3-methoxyphenyl)-2-[(3-phenyl-1,2,4-oxadiazol-5-yl)methyl]pyridazin-3-one",Sintético / Indefinido,NaN,C20H16N4O3,NaN,NaN,NaN,35.1,0,-4.50720485005596,80.5771566010241,234,0.0778000000000001,M-H2O-H,NaN,NaN,NaN,NaN,No,No,NaN,NaN,NaN,NaN,460.812941577486,438.609730355136,550.811813115506,580.007965087744,425.204114914147,381.714297596972,382.220977782967,354.268205566905,435.8355102539,382.079471906557,369.718236627076,341.921630757389
0.78_341.1028m/z,1099047,"7-(1-benzofuran-2-yl)-2-(2-methoxyphenyl)-[1,2,4]triazolo[1,5-a]pyrimidine",Sintético / Indefinido,NaN,C20H14N4O2,COC1=CC=CC=C1C2=NN3C(=CC=NC3=N2)C4=CC5=CC=CC=C5O4,"7-(1-benzofuran-2-yl)-2-(2-methoxyphenyl)-[1,2,4]triazolo[1,5-a]pyrimidine",AUFHFNVHWDGHMG-UHFFFAOYSA-N,35.1,0,-4.74450047670782,80.7875935969715,234,0.0778000000000001,M-H,NaN,NaN,NaN,NaN,No,No,NaN,NaN,NaN,NaN,460.812941577486,438.609730355136,550.811813115506,580.007965087744,425.204114914147,381.714297596972,382.220977782967,354.268205566905,435.8355102539,382.079471906557,369.718236627076,341.921630757389
0.78_341.1028m/z,43931,ISOTECTORIGENIN TRIMETHYL ETHER,Produto Natural,Yes,C19H18O6,COC1=CC=C(C=C1)C2=COC3=C(C2=O)C(=CC(=C3OC)OC)OC,"5,7,8-trimethoxy-3-(4-methoxyphenyl)chromen-4-one",KCISFICQVCMQEX-UHFFFAOYSA-N,36.2,0,-0.835216877365058,82.0341051585441,234,0.0778000000000001,M-H,"5,7,8-trimethoxy-3-(4-methoxyphenyl)-1-benzopyran-4-one is a member of 4'-methoxyisoflavones and a member of 7-methoxyisoflavones.",NaN,Small molecule,NaN,No,No,ChEBI,NaN,NaN,NaN,460.812941577486,438.609730355136,550.811813115506,580.007965087744,425.204114914147,381.714297596972,382.220977782967,354.268205566905,435.8355102539,382.079471906557,369.718236627076,341.921630757389
0.78_341.1028m/z,48527,Zapotin,Produto Natural,Yes,C19H18O6,COC1=C(C(=CC=C1)OC)C2=CC(=O)C3=C(O2)C=CC(=C3OC)OC,"2-(2,6-dimethoxyphenyl)-5,6-dimethoxychromen-4-one",PBQMALAAFQMDSP-UHFFFAOYSA-N,36.2,0,-0.835216877531214,82.0341051585441,234,0.0778000000000001,M-H,Zapotin is an ether and a member of flavonoids.,NaN,Small molecule,NaN,No,No,ChEBI,NaN,NaN,NaN,460.812941577486,438.609730355136,550.811813115506,580.007965087744,425.204114914147,381.714297596972,382.220977782967,354.268205566905,435.8355102539,382.079471906557,369.718236627076,341.921630757389
0.78_341.1028m/z,49592,"Scutellarein 5,6,7,4'-tetramethyl ether",Produto Natural,Yes,C19H18O6,COC1=CC=C(C=C1)C2=CC(=O)C3=C(C(=C(C=C3O2)OC)OC)OC,"5,6,7-trimethoxy-2-(4-methoxyphenyl)chromen-4-one",URSUMOWUGDXZHU-UHFFFAOYSA-N,36.2,0,-0.835216877531214,82.0341051585441,234,0.0778000000000001,M-H,"4',5,6,7-tetramethoxyflavone is a tetramethoxyflavone that is the tetra-O-methyl derivative of scutellarein. It has a role as an antimutagen and a plant metabolite. It is functionally related to a scutellarein.",NaN,Small molecule,NaN,No,No,ChEBI,NaN,NaN,NaN,460.812941577486,438.609730355136,550.811813115506,580.007965087744,425.204114914147,381.714297596972,382.220977782967,354.268205566905,435.8355102539,382.079471906557,369.718236627076,341.921630757389
0.78_341.1028m/z,96118,"5,6,7-trimethoxy-2-(4-methoxyphenyl)chromen-4-one",Produto Natural,Yes,C19H18O6,COC1=CC=C(C=C1)C2=CC(=O)C3=C(C(=C(C=C3O2)OC)OC)OC,"5,6,7-trimethoxy-2-(4-methoxyphenyl)chromen-4-one",URSUMOWUGDXZHU-UHFFFAOYSA-N,36.2,0,-0.835216877531214,82.0341051585441,234,0.0778000000000001,M-H,"4',5,6,7-tetramethoxyflavone is a tetramethoxyflavone that is the tetra-O-methyl derivative of scutellarein. It has a role as an antimutagen and a plant metabolite. It is functionally related to a scutellarein.",NaN,Small molecule,NaN,No,No,ChEBI,http://nonlinear.com/redirect/outbound?p=pubchemc&param=96118,NaN,NaN,460.812941577486,438.609730355136,550.811813115506,580.007965087744,425.204114914147,381.714297596972,382.220977782967,354.268205566905,435.8355102539,382.079471906557,369.718236627076,341.921630757389
0.78_341.1028m/z,985211,"(3R,6aR,7S,12aS)-5,6,6a,7,8-Pentahydroxy-3-methyl-2,3,4,5,6,6a,7,12a-octahydro-1,12-tetraphenedione",Sintético / Indefinido,NaN,C19H20O7,NaN,NaN,NaN,36.2,0,-0.793433611271152,81.8210990423586,234,0.0778000000000001,M-H2O-H,NaN,NaN,NaN,NaN,No,No,NaN,NaN,NaN,NaN,460.812941577486,438.609730355136,550.811813115506,580.007965087744,425.204114914147,381.714297596972,382.220977782967,354.268205566905,435.8355102539,382.079471906557,369.718236627076,341.921630757389
0.78_341.1028m/z,985290,"2,3a,7b,12-Tetrahydroxy-5-methyl-3a,4,5,6,7a,7b-hexahydro-2H-tetrapheno[6a,7-b]oxirene-7,8(3H,12bH)-dione",Sintético / Indefinido,NaN,C19H20O7,NaN,NaN,NaN,36.2,0,-0.793433611271152,81.8210990423586,234,0.0778000000000001,M-H2O-H,NaN,NaN,NaN,NaN,No,No,NaN,NaN,NaN,NaN,460.812941577486,438.609730355136,550.811813115506,580.007965087744,425.204114914147,381.714297596972,382.220977782967,354.268205566905,435.8355102539,382.079471906557,369.718236627076,341.921630757389
0.78_341.1028m/z,993037,"4-[3-(3-oxo-4-propyl-1,4-benzoxazin-6-yl)-1,2,4-oxadiazol-5-yl]benzonitrile",Sintético / Indefinido,NaN,C20H16N4O3,NaN,NaN,NaN,35.1,0,-4.50720485005596,80.5771566010241,234,0.0778000000000001,M-H2O-H,NaN,NaN,NaN,NaN,No,No,NaN,NaN,NaN,NaN,460.812941577486,438.609730355136,550.811813115506,580.007965087744,425.204114914147,381.714297596972,382.220977782967,354.268205566905,435.8355102539,382.079471906557,369.718236627076,341.921630757389
0.78_341.1028m/z,993876,"1-[[3-(2-methylphenyl)-1,2,4-oxadiazol-5-yl]methyl]-4-phenylpyrazine-2,3-dione",Sintético / Indefinido,NaN,C20H16N4O3,NaN,NaN,NaN,35.1,0,-4.50720484989811,80.5771566010241,234,0.0778000000000001,M-H2O-H,NaN,NaN,NaN,NaN,No,No,NaN,NaN,NaN,NaN,460.812941577486,438.609730355136,550.811813115506,580.007965087744,425.204114914147,381.714297596972,382.220977782967,354.268205566905,435.8355102539,382.079471906557,369.718236627076,341.921630757389
0.78_341.1028m/z,994601,"4-[3-(3-methoxyanilino)imidazo[1,2-a]pyrazin-2-yl]benzoic acid",Sintético / Indefinido,NaN,C20H16N4O3,COC1=CC=CC(=C1)NC2=C(N=C3N2C=CN=C3)C4=CC=C(C=C4)C(=O)O,"4-[3-(3-methoxyanilino)imidazo[1,2-a]pyrazin-2-yl]benzoic acid",IDMVHWWBHBZJNF-UHFFFAOYSA-N,35.1,0,-4.50720485005596,80.5771566010241,234,0.0778000000000001,M-H2O-H,NaN,NaN,NaN,NaN,No,No,NaN,NaN,NaN,NaN,460.812941577486,438.609730355136,550.811813115506,580.007965087744,425.204114914147,381.714297596972,382.220977782967,354.268205566905,435.8355102539,382.079471906557,369.718236627076,341.921630757389
0.78_341.1028m/z,995114,"1-[(3-phenyl-1,2,4-oxadiazol-5-yl)methyl]-3-prop-2-enylquinazoline-2,4-dione",Sintético / Indefinido,NaN,C20H16N4O3,NaN,NaN,NaN,35.1,0,-4.50720484989811,80.5771566010241,234,0.0778000000000001,M-H2O-H,NaN,NaN,NaN,NaN,No,No,NaN,NaN,NaN,NaN,460.812941577486,438.609730355136,550.811813115506,580.007965087744,425.204114914147,381.714297596972,382.220977782967,354.268205566905,435.8355102539,382.079471906557,369.718236627076,341.921630757389
0.78_341.1028m/z,996268,"1-[[3-(3-methylphenyl)-1,2,4-oxadiazol-5-yl]methyl]-4-phenylpyrazine-2,3-dione",Sintético / Indefinido,NaN,C20H16N4O3,NaN,NaN,NaN,35.1,0,-4.50720484989811,80.5771566010241,234,0.0778000000000001,M-H2O-H,NaN,NaN,NaN,NaN,No,No,NaN,NaN,NaN,NaN,460.812941577486,438.609730355136,550.811813115506,580.007965087744,425.204114914147,381.714297596972,382.220977782967,354.268205566905,435.8355102539,382.079471906557,369.718236627076,341.921630757389
0.78_341.1028m/z,CSID10128234,GOYAZENSOLIDE,Produto Natural,Yes,C19H20O7,CC(=C)C(=O)O[C@H]1C[C@@]2(C(=O)C=C(O2)/C(=C\[C@@H]3[C@@H]1C(=C)C(=O)O3)/CO)C,"[(2Z,4R,8R,9S,11R)-2-(hydroxymethyl)-11-methyl-7-methylidene-6,12-dioxo-5,14-dioxatricyclo[9.2.1.04,8]tetradeca-1(13),2-dien-9-yl] 2-methylprop-2-enoate",HTMCLLSRQWRPTN-OKMRAYSCSA-N,36.2,0,-0.793493812975749,81.8210990423586,234,0.0778000000000001,M-H2O-H,NaN,NaN,Small molecule,NaN,No,No,NaN,http://nonlinear.com/redirect/outbound?p=chemspider&param=10128234,NaN,NaN,460.812941577486,438.609730355136,550.811813115506,580.007965087744,425.204114914147,381.714297596972,382.220977782967,354.268205566905,435.8355102539,382.079471906557,369.718236627076,341.921630757389
0.78_341.1028m/z,CSID10160812,"4,6,8-Trihydroxy-1-methoxy-2-(3-methyl-2-buten-1-yl)-9H-xanthen-9-one",Sintético / Indefinido,NaN,C19H18O6,NaN,NaN,NaN,36.2,0,-0.834355693911672,82.0341051585441,234,0.0778000000000001,M-H,NaN,NaN,NaN,NaN,No,No,NaN,http://nonlinear.com/redirect/outbound?p=chemspider&param=10160812,NaN,NaN,460.812941577486,438.609730355136,550.811813115506,580.007965087744,425.204114914147,381.714297596972,382.220977782967,354.268205566905,435.8355102539,382.079471906557,369.718236627076,341.921630757389
0.78_341.1028m/z,CSID10195100,clauslactone H,Produto Natural,Yes,C19H20O7,CC1(CC(OC1=O)CC2(C(O2)COC3=CC4=C(C=C3)C=CC(=O)O4)C)O,7-[[3-[(4-hydroxy-4-methyl-5-oxooxolan-2-yl)methyl]-3-methyloxiran-2-yl]methoxy]chromen-2-one,UMYAEKVHXDURJS-UHFFFAOYSA-N,36.2,0,-0.793493812975749,81.8210990423586,234,0.0778000000000001,M-H2O-H,NaN,NaN,Small molecule,NaN,No,No,NaN,http://nonlinear.com/redirect/outbound?p=chemspider&param=10195100,NaN,NaN,460.812941577486,438.609730355136,550.811813115506,580.007965087744,425.204114914147,381.714297596972,382.220977782967,354.268205566905,435.8355102539,382.079471906557,369.718236627076,341.921630757389
0.78_341.1028m/z,CSID10195115,Excavacoumarin G,Sintético / Indefinido,NaN,C19H20O7,NaN,NaN,NaN,36.2,0,-0.793493812975749,81.8210990423586,234,0.0778000000000001,M-H2O-H,NaN,NaN,NaN,NaN,No,No,NaN,http://nonlinear.com/redirect/outbound?p=chemspider&param=10195115,NaN,NaN,460.812941577486,438.609730355136,550.811813115506,580.007965087744,425.204114914147,381.714297596972,382.220977782967,354.268205566905,435.8355102539,382.079471906557,369.718236627076,341.921630757389
0.78_341.1028m/z,CSID10219127,Morusignin D,Sintético / Indefinido,NaN,C19H18O6,NaN,NaN,NaN,36.2,0,-0.834355693911672,82.0341051585441,234,0.0778000000000001,M-H,NaN,NaN,NaN,NaN,No,No,NaN,http://nonlinear.com/redirect/outbound?p=chemspider&param=10219127,NaN,NaN,460.812941577486,438.609730355136,550.811813115506,580.007965087744,425.204114914147,381.714297596972,382.220977782967,354.268205566905,435.8355102539,382.079471906557,369.718236627076,341.921630757389
0.78_341.1028m/z,CSID10242763,clauslactone F,Produto Natural,Yes,C19H18O6,CC1(C(O1)COC2=CC3=C(C=C2)C=CC(=O)O3)CC4CC(=C)C(=O)O4,7-[[3-methyl-3-[(4-methylidene-5-oxooxolan-2-yl)methyl]oxiran-2-yl]methoxy]chromen-2-one,BSQOZNKTJBOYCC-UHFFFAOYSA-N,36.2,0,-0.834355693911672,82.0341051585441,234,0.0778000000000001,M-H,NaN,NaN,Small molecule,NaN,No,No,NaN,http://nonlinear.com/redirect/outbound?p=chemspider&param=10242763,NaN,NaN,460.812941577486,438.609730355136,550.811813115506,580.007965087744,425.204114914147,381.714297596972,382.220977782967,354.268205566905,435.8355102539,382.079471906557,369.718236627076,341.921630757389
0.78_341.1028m/z,CSID10242764,7-({(2E)-4-[4-Hydroxy-4-(hydroxymethyl)-5-oxotetrahydro-2-furanyl]-3-methyl-2-buten-1-yl}oxy)-2H-chromen-2-one,Sintético / Indefinido,NaN,C19H20O7,NaN,NaN,NaN,36.2,0,-0.793493812975749,81.8210990423586,234,0.0778000000000001,M-H2O-H,NaN,NaN,NaN,NaN,No,No,NaN,http://nonlinear.com/redirect/outbound?p=chemspider&param=10242764,NaN,NaN,460.812941577486,438.609730355136,550.811813115506,580.007965087744,425.204114914147,381.714297596972,382.220977782967,354.268205566905,435.8355102539,382.079471906557,369.718236627076,341.921630757389
0.78_341.1028m/z,CSID10273348,annulin A,Produto Natural,Yes,C19H20O7,CCC1=C(C2=C(C=C1C)C(=O)C3=C(C2=O)C(OC3(C)C)(C(=O)OC)O)O,"methyl 6-ethyl-3,5-dihydroxy-1,1,7-trimethyl-4,9-dioxobenzo[f][2]benzofuran-3-carboxylate",YRVWWGFREKZPIN-UHFFFAOYSA-N,36.2,0,-0.793493812975749,81.8210990423586,234,0.0778000000000001,M-H2O-H,NaN,NaN,Small molecule,NaN,No,No,NaN,http://nonlinear.com/redirect/outbound?p=chemspider&param=10273348,NaN,NaN,460.812941577486,438.609730355136,550.811813115506,580.007965087744,425.204114914147,381.714297596972,382.220977782967,354.268205566905,435.8355102539,382.079471906557,369.718236627076,341.921630757389
0.78_341.1028m/z,CSID10290194,Elaeocyanidin,Sintético / Indefinido,NaN,C19H20O7,CC1(C2=C(C(=C(C=C2[C@@H]3[C@@H](O1)CC4=C(C=C(C=C4O3)O)O)O)OC)O)C,"(6aS,12aR)-3-methoxy-5,5-dimethyl-7,12a-dihydro-6aH-isochromeno[4,3-b]chromene-2,4,8,10-tetrol",UEYVPAAGIXRIKF-WMLDXEAASA-N,36.2,0,-0.793493812975749,81.8210990423586,234,0.0778000000000001,M-H2O-H,NaN,NaN,NaN,NaN,No,No,NaN,http://nonlinear.com/redirect/outbound?p=chemspider&param=10290194,NaN,NaN,460.812941577486,438.609730355136,550.811813115506,580.007965087744,425.204114914147,381.714297596972,382.220977782967,354.268205566905,435.8355102539,382.079471906557,369.718236627076,341.921630757389
0.78_341.1028m/z,CSID10305924,"2-(3,4-Dimethoxyphenyl)-6-hydroxy-5,7-dimethoxy-2,3-dihydro-4H-chromen-4-one",Sintético / Indefinido,NaN,C19H20O7,NaN,NaN,NaN,36.2,0,-0.793493812975749,81.8210990423586,234,0.0778000000000001,M-H2O-H,NaN,NaN,NaN,NaN,No,No,NaN,http://nonlinear.com/redirect/outbound?p=chemspider&param=10305924,NaN,NaN,460.812941577486,438.609730355136,550.811813115506,580.007965087744,425.204114914147,381.714297596972,382.220977782967,354.268205566905,435.8355102539,382.079471906557,369.718236627076,341.921630757389
0.78_341.1028m/z,CSID10421090,"1,3,8-Trihydroxy-6-(2-hydroxypentyl)-9,10-anthraquinone",Sintético / Indefinido,NaN,C19H18O6,NaN,NaN,NaN,36.2,0,-0.834355693911672,82.0341051585441,234,0.0778000000000001,M-H,NaN,NaN,NaN,NaN,No,No,NaN,http://nonlinear.com/redirect/outbound?p=chemspider&param=10421090,NaN,NaN,460.812941577486,438.609730355136,550.811813115506,580.007965087744,425.204114914147,381.714297596972,382.220977782967,354.268205566905,435.8355102539,382.079471906557,369.718236627076,341.921630757389
0.78_341.1028m/z,CSID10421097,Methyl 5-ethoxy-4-methoxy-2-[4-(methoxycarbonyl)phenoxy]benzoate,Sintético / Indefinido,NaN,C19H20O7,NaN,NaN,NaN,36.2,0,-0.793493812975749,81.8210990423586,234,0.0778000000000001,M-H2O-H,NaN,NaN,NaN,NaN,No,No,NaN,http://nonlinear.com/redirect/outbound?p=chemspider&param=10421097,NaN,NaN,460.812941577486,438.609730355136,550.811813115506,580.007965087744,425.204114914147,381.714297596972,382.220977782967,354.268205566905,435.8355102539,382.079471906557,369.718236627076,341.921630757389
0.78_341.1028m/z,CSID109529,"5,6,7,8-Tetramethoxyflavone",Sintético / Indefinido,NaN,C19H18O6,COC1=C(C(=C(C2=C1C(=O)C=C(O2)C3=CC=CC=C3)OC)OC)OC,"5,6,7,8-tetramethoxy-2-phenylchromen-4-one",HLBQIAYRCJIRCQ-UHFFFAOYSA-N,36.2,0,-0.834355693911672,82.0341051585441,234,0.0778000000000001,M-H,NaN,NaN,NaN,NaN,No,No,NaN,http://nonlinear.com/redirect/outbound?p=chemspider&param=109529,NaN,NaN,460.812941577486,438.609730355136,550.811813115506,580.007965087744,425.204114914147,381.714297596972,382.220977782967,354.268205566905,435.8355102539,382.079471906557,369.718236627076,341.921630757389
0.78_341.1028m/z,CSID113385636,"(3S,4R,8S,9R,12S)-9-Hydroxy-5,10-bis(methylene)-6,14-dioxo-7,13-dioxatricyclo[10.2.1.0~4,8~]pentadec-1(15)-en-3-yl methacrylate",Sintético / Indefinido,NaN,C19H20O7,NaN,NaN,NaN,36.2,0,-0.793493812975749,81.8210990423586,234,0.0778000000000001,M-H2O-H,NaN,NaN,NaN,NaN,No,No,NaN,http://nonlinear.com/redirect/outbound?p=chemspider&param=113385636,NaN,NaN,460.812941577486,438.609730355136,550.811813115506,580.007965087744,425.204114914147,381.714297596972,382.220977782967,354.268205566905,435.8355102539,382.079471906557,369.718236627076,341.921630757389
0.78_341.1028m/z,CSID113385639,"[(3S,8R,9E,12R)-3-Hydroxy-10-methyl-6,14-dioxo-7,13-dioxatricyclo[10.2.1.0~4,8~]pentadeca-1(15),4,9-trien-5-yl]methyl methacrylate",Sintético / Indefinido,NaN,C19H20O7,NaN,NaN,NaN,36.2,0,-0.793493812975749,81.8210990423586,234,0.0778000000000001,M-H2O-H,NaN,NaN,NaN,NaN,No,No,NaN,http://nonlinear.com/redirect/outbound?p=chemspider&param=113385639,NaN,NaN,460.812941577486,438.609730355136,550.811813115506,580.007965087744,425.204114914147,381.714297596972,382.220977782967,354.268205566905,435.8355102539,382.079471906557,369.718236627076,341.921630757389
0.78_341.1028m/z,CSID113385688,"(1R,2R,4S,5R,6S,9R,10S,12R,13E,16R,17R)-13-Ethylidene-5-hydroxy-17-isopropenyl-16-methyl-3,8,11,15-tetraoxahexacyclo[8.5.1.1~6,9~.0~1,12~.0~2,4~.0~5,16~]heptadecane-7,14-dione",Sintético / Indefinido,NaN,C19H20O7,NaN,NaN,NaN,36.2,0,-0.793493812975749,81.8210990423586,234,0.0778000000000001,M-H2O-H,NaN,NaN,NaN,NaN,No,No,NaN,http://nonlinear.com/redirect/outbound?p=chemspider&param=113385688,NaN,NaN,460.812941577486,438.609730355136,550.811813115506,580.007965087744,425.204114914147,381.714297596972,382.220977782967,354.268205566905,435.8355102539,382.079471906557,369.718236627076,341.921630757389
0.78_341.1028m/z,CSID129307546,"3,4a,7,8-Tetrahydroxy-3-methyl-3,4,4a,12b-tetrahydro-1,6(2H,5H)-tetraphenedione",Sintético / Indefinido,NaN,C19H18O6,NaN,NaN,NaN,36.2,0,-0.834355693911672,82.0341051585441,234,0.0778000000000001,M-H,NaN,NaN,NaN,NaN,No,No,NaN,http://nonlinear.com/redirect/outbound?p=chemspider&param=129307546,NaN,NaN,460.812941577486,438.609730355136,550.811813115506,580.007965087744,425.204114914147,381.714297596972,382.220977782967,354.268205566905,435.8355102539,382.079471906557,369.718236627076,341.921630757389
0.78_341.1028m/z,CSID13077920,N-(4-Biphenylyl)-6-nitro-4-quinazolinamine,Sintético / Indefinido,NaN,C20H14N4O2,NaN,NaN,NaN,35.1,0,-4.74535604108403,80.7875935969715,234,0.0778000000000001,M-H,NaN,NaN,NaN,NaN,No,No,NaN,http://nonlinear.com/redirect/outbound?p=chemspider&param=13077920,NaN,NaN,460.812941577486,438.609730355136,550.811813115506,580.007965087744,425.204114914147,381.714297596972,382.220977782967,354.268205566905,435.8355102539,382.079471906557,369.718236627076,341.921630757389
0.78_341.1028m/z,CSID135195,"2-(2,4-Dimethoxyphenyl)-5,7-dimethoxy-4H-chromen-4-one",Sintético / Indefinido,NaN,C19H18O6,NaN,NaN,NaN,36.2,0,-0.834355693911672,82.0341051585441,234,0.0778000000000001,M-H,NaN,NaN,NaN,NaN,No,No,NaN,http://nonlinear.com/redirect/outbound?p=chemspider&param=135195,NaN,NaN,460.812941577486,438.609730355136,550.811813115506,580.007965087744,425.204114914147,381.714297596972,382.220977782967,354.268205566905,435.8355102539,382.079471906557,369.718236627076,341.921630757389
0.78_341.1028m/z,CSID144827,"7-Methoxy-3-(2,4,5-trimethoxyphenyl)-4H-chromen-4-one",Sintético / Indefinido,NaN,C19H18O6,NaN,NaN,NaN,36.2,0,-0.834355693911672,82.0341051585441,234,0.0778000000000001,M-H,NaN,NaN,NaN,NaN,No,No,NaN,http://nonlinear.com/redirect/outbound?p=chemspider&param=144827,NaN,NaN,460.812941577486,438.609730355136,550.811813115506,580.007965087744,425.204114914147,381.714297596972,382.220977782967,354.268205566905,435.8355102539,382.079471906557,369.718236627076,341.921630757389
0.78_341.1028m/z,CSID146680,"2-Hydroxy-4-[(2-hydroxy-4-methoxy-3,6-dimethylbenzoyl)oxy]-3,6-dimethylbenzoic acid",Produto Natural,Yes,C19H20O7,CC1=CC(=C(C(=C1C(=O)OC2=C(C(=C(C(=C2)C)C(=O)O)O)C)O)C)OC,"2-hydroxy-4-(2-hydroxy-4-methoxy-3,6-dimethylbenzoyl)oxy-3,6-dimethylbenzoic acid",NMKBRSYSHBPUPY-UHFFFAOYSA-N,36.2,0,-0.793493812975749,81.8210990423586,234,0.0778000000000001,M-H2O-H,Barbatic acid is a carbonyl compound.,NaN,Small molecule,NaN,No,No,ChEBI,http://nonlinear.com/redirect/outbound?p=chemspider&param=146680,NaN,NaN,460.812941577486,438.609730355136,550.811813115506,580.007965087744,425.204114914147,381.714297596972,382.220977782967,354.268205566905,435.8355102539,382.079471906557,369.718236627076,341.921630757389
0.78_341.1028m/z,CSID15261328,"Tetrazolo[1,5-a]quinazoline",Sintético / Indefinido,NaN,C8H5N5,C1=CC=C2C(=C1)C=NC3=NN=NN23,"tetrazolo[1,5-a]quinazoline",NYVSCRIHGBZXQD-UHFFFAOYSA-N,37.7,0,3.10590578619663,92.1236699889247,234,0.0778000000000001,2M-H,NaN,NaN,NaN,NaN,No,No,NaN,http://nonlinear.com/redirect/outbound?p=chemspider&param=15261328,NaN,NaN,460.812941577486,438.609730355136,550.811813115506,580.007965087744,425.204114914147,381.714297596972,382.220977782967,354.268205566905,435.8355102539,382.079471906557,369.718236627076,341.921630757389
0.78_341.1028m/z,CSID156139,VERNODALIN,Produto Natural,Yes,C19H20O7,C=C[C@]12C[C@@H]([C@@H]3[C@@H]([C@H]1C(=C)C(=O)OC2)OC(=O)C3=C)OC(=O)C(=C)CO,"[(3aR,4S,5aR,9aR,9bR)-5a-ethenyl-3,9-dimethylidene-2,8-dioxo-3a,4,5,6,9a,9b-hexahydrofuro[2,3-f]isochromen-4-yl] 2-(hydroxymethyl)prop-2-enoate",ZSXNBLOPYIJLQV-WSVVRNJXSA-N,36.2,0,-0.793493812975749,81.8210990423586,234,0.0778000000000001,M-H2O-H,Vernodalin is a carbonyl compound.,NaN,Small molecule,NaN,No,No,ChEBI,http://nonlinear.com/redirect/outbound?p=chemspider&param=156139,NaN,NaN,460.812941577486,438.609730355136,550.811813115506,580.007965087744,425.204114914147,381.714297596972,382.220977782967,354.268205566905,435.8355102539,382.079471906557,369.718236627076,341.921630757389
0.78_341.1028m/z,CSID17214309,Hyrtinadine A,Produto Natural,Yes,C20H14N4O2,C1=CC2=C(C=C1O)C(=CN2)C3=CN=C(N=C3)C4=CNC5=C4C=C(C=C5)O,3-[2-(5-hydroxy-1H-indol-3-yl)pyrimidin-5-yl]-1H-indol-5-ol,BCHVDGBLKXHBKK-UHFFFAOYSA-N,45.9,54.4,-4.74535604108403,80.7875935969715,234,0.0778000000000001,M-H,NaN,NaN,Small molecule,NaN,No,No,NaN,http://nonlinear.com/redirect/outbound?p=chemspider&param=17214309,NaN,NaN,460.812941577486,438.609730355136,550.811813115506,580.007965087744,425.204114914147,381.714297596972,382.220977782967,354.268205566905,435.8355102539,382.079471906557,369.718236627076,341.921630757389
0.78_341.1028m/z,CSID2109725,"N,N′-Di(8-quinolinyl)ethanediamide",Sintético / Indefinido,NaN,C20H14N4O2,NaN,NaN,NaN,35.1,0,-4.74535604108403,80.7875935969715,234,0.0778000000000001,M-H,NaN,NaN,NaN,NaN,No,No,NaN,http://nonlinear.com/redirect/outbound?p=chemspider&param=2109725,NaN,NaN,460.812941577486,438.609730355136,550.811813115506,580.007965087744,425.204114914147,381.714297596972,382.220977782967,354.268205566905,435.8355102539,382.079471906557,369.718236627076,341.921630757389
0.78_341.1028m/z,CSID217358,"5,6,7,4′-Tetramethoxyisoflavone",Produto Natural,Yes,C19H18O6,COC1=CC=C(C=C1)C2=COC3=CC(=C(C(=C3C2=O)OC)OC)OC,"5,6,7-trimethoxy-3-(4-methoxyphenyl)chromen-4-one",OVIIKCVNNUKDMQ-UHFFFAOYSA-N,36.2,0,-0.834355693911672,82.0341051585441,234,0.0778000000000001,M-H,"5,6,7,4'-tetramethoxyisoflavone is a member of the class of 4'-methoxyisoflavones that is 4'-methoxyisoflavone that is also substituted by methoxy groups at positions 5, 6, 7. It is a member of 4'-methoxyisoflavones and a member of 7-methoxyisoflavones. It is functionally related to an isoflavone.",NaN,Small molecule,NaN,No,No,ChEBI,http://nonlinear.com/redirect/outbound?p=chemspider&param=217358,NaN,NaN,460.812941577486,438.609730355136,550.811813115506,580.007965087744,425.204114914147,381.714297596972,382.220977782967,354.268205566905,435.8355102539,382.079471906557,369.718236627076,341.921630757389
0.78_341.1028m/z,CSID217622,"2-(4-Hydroxyphenyl)-5,6,7,8-tetramethoxy-2,3-dihydro-4H-chromen-4-one",Produto Natural,Yes,C19H20O7,COC1=C(C(=C(C2=C1C(=O)CC(O2)C3=CC=C(C=C3)O)OC)OC)OC,"2-(4-hydroxyphenyl)-5,6,7,8-tetramethoxy-2,3-dihydrochromen-4-one",LLAJMCLDOPZLSR-UHFFFAOYSA-N,36.2,0,-0.793493812975749,81.8210990423586,234,0.0778000000000001,M-H2O-H,"2,3-dihydro-2-(4-hydroxyphenyl)-5,6,7,8-tetramethoxy-4H-1-benzopyran-4-one is a methoxyflavanone that is flavanone substituted by methoxy groups at positions 5, 6, 7 and 8 and a hydroxy group at position 4'. It is a member of 4'-hydroxyflavanones, a methoxyflavanone and a monohydroxyflavanone. It is functionally related to a flavanone.",NaN,Small molecule,NaN,No,No,ChEBI,http://nonlinear.com/redirect/outbound?p=chemspider&param=217622,NaN,NaN,460.812941577486,438.609730355136,550.811813115506,580.007965087744,425.204114914147,381.714297596972,382.220977782967,354.268205566905,435.8355102539,382.079471906557,369.718236627076,341.921630757389
0.78_341.1028m/z,CSID23311194,"(1R,3R,5R,6S,10R,11S)-3-Methyl-9-methylene-8,14-dioxo-4,7,15-trioxatetracyclo[11.2.1.0~3,5~.0~6,10~]hexadec-13(16)-en-11-yl methacrylate",Sintético / Indefinido,NaN,C19H20O7,NaN,NaN,NaN,36.2,0,-0.793493812975749,81.8210990423586,234,0.0778000000000001,M-H2O-H,NaN,NaN,NaN,NaN,No,No,NaN,http://nonlinear.com/redirect/outbound?p=chemspider&param=23311194,NaN,NaN,460.812941577486,438.609730355136,550.811813115506,580.007965087744,425.204114914147,381.714297596972,382.220977782967,354.268205566905,435.8355102539,382.079471906557,369.718236627076,341.921630757389
0.78_341.1028m/z,CSID2340962,"(6aS,12aS)-2,3,9-Trimethoxy-6a,12a-dihydrochromeno[3,4-b]chromen-12(6H)-one",Sintético / Indefinido,NaN,C19H18O6,NaN,NaN,NaN,36.2,0,-0.834355693911672,82.0341051585441,234,0.0778000000000001,M-H,NaN,NaN,NaN,NaN,No,No,NaN,http://nonlinear.com/redirect/outbound?p=chemspider&param=2340962,NaN,NaN,460.812941577486,438.609730355136,550.811813115506,580.007965087744,425.204114914147,381.714297596972,382.220977782967,354.268205566905,435.8355102539,382.079471906557,369.718236627076,341.921630757389
0.78_341.1028m/z,CSID244782,"tetrazolo(1,5-c)quinazoline",Sintético / Indefinido,NaN,C8H5N5,C1=CC=C2C(=C1)C3=NN=NN3C=N2,"tetrazolo[1,5-c]quinazoline",UAJHVYQFWYYUJY-UHFFFAOYSA-N,37.7,0,3.10590578619663,92.1236699889247,234,0.0778000000000001,2M-H,NaN,NaN,NaN,NaN,No,No,NaN,http://nonlinear.com/redirect/outbound?p=chemspider&param=244782,NaN,NaN,460.812941577486,438.609730355136,550.811813115506,580.007965087744,425.204114914147,381.714297596972,382.220977782967,354.268205566905,435.8355102539,382.079471906557,369.718236627076,341.921630757389
0.78_341.1028m/z,CSID24633354,SCUTEFLORIN A,Produto Natural,Yes,C19H18O6,CC(=CC(=O)O[C@H]1C(=O)C2=C(C=C3C(=C2)C=CC(=O)O3)OC1(C)C)C,"[(3R)-2,2-dimethyl-4,8-dioxo-3H-pyrano[3,2-g]chromen-3-yl] 3-methylbut-2-enoate",FTSNOUCXBBPRJQ-SFHVURJKSA-N,36.2,0,-0.834355693911672,82.0341051585441,234,0.0778000000000001,M-H,NaN,NaN,Small molecule,NaN,No,No,NaN,http://nonlinear.com/redirect/outbound?p=chemspider&param=24633354,NaN,NaN,460.812941577486,438.609730355136,550.811813115506,580.007965087744,425.204114914147,381.714297596972,382.220977782967,354.268205566905,435.8355102539,382.079471906557,369.718236627076,341.921630757389
0.78_341.1028m/z,CSID24777349,imidazopyridopyrimidine,Sintético / Indefinido,NaN,C8H5N5,C1=C2C(=NC3=CN=CN=C31)N=CN2,"2,4,6,10,12-pentazatricyclo[7.4.0.03,7]trideca-1(13),2,4,7,9,11-hexaene",NRSIXGGRIGWASP-UHFFFAOYSA-N,37.7,0,3.10590578619663,92.1236699889247,234,0.0778000000000001,2M-H,NaN,NaN,NaN,NaN,No,No,NaN,http://nonlinear.com/redirect/outbound?p=chemspider&param=24777349,NaN,NaN,460.812941577486,438.609730355136,550.811813115506,580.007965087744,425.204114914147,381.714297596972,382.220977782967,354.268205566905,435.8355102539,382.079471906557,369.718236627076,341.921630757389
0.78_341.1028m/z,CSID24842554,"(2R,3R,8S,10R)-2-(3,4-Dihydroxyphenyl)-10-methyl-3,4,9,10-tetrahydro-2H,8H-pyrano[2,3-f]chromene-3,5,8-triol",Sintético / Indefinido,NaN,C19H20O7,NaN,NaN,NaN,36.2,0,-0.793493812975749,81.8210990423586,234,0.0778000000000001,M-H2O-H,NaN,NaN,NaN,NaN,No,No,NaN,http://nonlinear.com/redirect/outbound?p=chemspider&param=24842554,NaN,NaN,460.812941577486,438.609730355136,550.811813115506,580.007965087744,425.204114914147,381.714297596972,382.220977782967,354.268205566905,435.8355102539,382.079471906557,369.718236627076,341.921630757389
0.78_341.1028m/z,CSID24842555,"(2R,3R,8R,10S)-2-(3,4-Dihydroxyphenyl)-10-methyl-3,4,9,10-tetrahydro-2H,8H-pyrano[2,3-f]chromene-3,5,8-triol",Sintético / Indefinido,NaN,C19H20O7,NaN,NaN,NaN,36.2,0,-0.793493812975749,81.8210990423586,234,0.0778000000000001,M-H2O-H,NaN,NaN,NaN,NaN,No,No,NaN,http://nonlinear.com/redirect/outbound?p=chemspider&param=24842555,NaN,NaN,460.812941577486,438.609730355136,550.811813115506,580.007965087744,425.204114914147,381.714297596972,382.220977782967,354.268205566905,435.8355102539,382.079471906557,369.718236627076,341.921630757389
0.78_341.1028m/z,CSID24843021,"3,4,9,10-Tetramethoxy-6a,11a-dihydro-6H-[1]benzofuro[3,2-c]chromen-8-ol",Sintético / Indefinido,NaN,C19H20O7,NaN,NaN,NaN,36.2,0,-0.793493812975749,81.8210990423586,234,0.0778000000000001,M-H2O-H,NaN,NaN,NaN,NaN,No,No,NaN,http://nonlinear.com/redirect/outbound?p=chemspider&param=24843021,NaN,NaN,460.812941577486,438.609730355136,550.811813115506,580.007965087744,425.204114914147,381.714297596972,382.220977782967,354.268205566905,435.8355102539,382.079471906557,369.718236627076,341.921630757389
0.78_341.1028m/z,CSID24843067,"3,8,9,10-Tetramethoxy-6H-[1]benzofuro[3,2-c]chromene",Sintético / Indefinido,NaN,C19H18O6,COC1=CC2=C(C=C1)C3=C(CO2)C4=CC(=C(C(=C4O3)OC)OC)OC,"3,8,9,10-tetramethoxy-6H-[1]benzofuro[3,2-c]chromene",POIDJPZIKAENEO-UHFFFAOYSA-N,36.2,0,-0.834355693911672,82.0341051585441,234,0.0778000000000001,M-H,NaN,NaN,NaN,NaN,No,No,NaN,http://nonlinear.com/redirect/outbound?p=chemspider&param=24843067,NaN,NaN,460.812941577486,438.609730355136,550.811813115506,580.007965087744,425.204114914147,381.714297596972,382.220977782967,354.268205566905,435.8355102539,382.079471906557,369.718236627076,341.921630757389
0.78_341.1028m/z,CSID24843195,cerrosillin,Sintético / Indefinido,NaN,C19H18O6,COC1=C(C2=C(C=C1)OC(=CC2=O)C3=CC(=CC(=C3)OC)OC)OC,"2-(3,5-dimethoxyphenyl)-5,6-dimethoxychromen-4-one",OVNSWJOCOLCOSB-UHFFFAOYSA-N,36.2,0,-0.834355693911672,82.0341051585441,234,0.0778000000000001,M-H,NaN,NaN,NaN,NaN,No,No,NaN,http://nonlinear.com/redirect/outbound?p=chemspider&param=24843195,NaN,NaN,460.812941577486,438.609730355136,550.811813115506,580.007965087744,425.204114914147,381.714297596972,382.220977782967,354.268205566905,435.8355102539,382.079471906557,369.718236627076,341.921630757389
0.78_341.1028m/z,CSID24843212,"2-(2,5-Dimethoxyphenyl)-5,7-dimethoxy-4H-chromen-4-one",Sintético / Indefinido,NaN,C19H18O6,NaN,NaN,NaN,36.2,0,-0.834355693911672,82.0341051585441,234,0.0778000000000001,M-H,NaN,NaN,NaN,NaN,No,No,NaN,http://nonlinear.com/redirect/outbound?p=chemspider&param=24843212,NaN,NaN,460.812941577486,438.609730355136,550.811813115506,580.007965087744,425.204114914147,381.714297596972,382.220977782967,354.268205566905,435.8355102539,382.079471906557,369.718236627076,341.921630757389
0.78_341.1028m/z,CSID24845349,"5-Hydroxy-2-(4-hydroxyphenyl)-3,7-dimethoxy-6,8-dimethyl-4H-chromen-4-one",Sintético / Indefinido,NaN,C19H18O6,NaN,NaN,NaN,36.2,0,-0.834355693911672,82.0341051585441,234,0.0778000000000001,M-H,NaN,NaN,NaN,NaN,No,No,NaN,http://nonlinear.com/redirect/outbound?p=chemspider&param=24845349,NaN,NaN,460.812941577486,438.609730355136,550.811813115506,580.007965087744,425.204114914147,381.714297596972,382.220977782967,354.268205566905,435.8355102539,382.079471906557,369.718236627076,341.921630757389
0.78_341.1028m/z,CSID24845352,"5-Hydroxy-3,7-dimethoxy-2-(4-methoxyphenyl)-6-methyl-4H-chromen-4-one",Sintético / Indefinido,NaN,C19H18O6,NaN,NaN,NaN,36.2,0,-0.834355693911672,82.0341051585441,234,0.0778000000000001,M-H,NaN,NaN,NaN,NaN,No,No,NaN,http://nonlinear.com/redirect/outbound?p=chemspider&param=24845352,NaN,NaN,460.812941577486,438.609730355136,550.811813115506,580.007965087744,425.204114914147,381.714297596972,382.220977782967,354.268205566905,435.8355102539,382.079471906557,369.718236627076,341.921630757389
0.78_341.1028m/z,CSID24845643,"3,5,7,8-Tetramethoxy-2-phenyl-4H-chromen-4-one",Sintético / Indefinido,NaN,C19H18O6,NaN,NaN,NaN,36.2,0,-0.834355693911672,82.0341051585441,234,0.0778000000000001,M-H,NaN,NaN,NaN,NaN,No,No,NaN,http://nonlinear.com/redirect/outbound?p=chemspider&param=24845643,NaN,NaN,460.812941577486,438.609730355136,550.811813115506,580.007965087744,425.204114914147,381.714297596972,382.220977782967,354.268205566905,435.8355102539,382.079471906557,369.718236627076,341.921630757389
0.78_341.1028m/z,CSID24846024,"(2E)-1-(2,5-Dihydroxy-3,4,6-trimethoxyphenyl)-3-(4-methoxyphenyl)-2-propen-1-one",Sintético / Indefinido,NaN,C19H20O7,NaN,NaN,NaN,36.2,0,-0.793493812975749,81.8210990423586,234,0.0778000000000001,M-H2O-H,NaN,NaN,NaN,NaN,No,No,NaN,http://nonlinear.com/redirect/outbound?p=chemspider&param=24846024,NaN,NaN,460.812941577486,438.609730355136,550.811813115506,580.007965087744,425.204114914147,381.714297596972,382.220977782967,354.268205566905,435.8355102539,382.079471906557,369.718236627076,341.921630757389
0.78_341.1028m/z,CSID24846036,"1-(1,3-Benzodioxol-5-yl)-3-(2,4-dimethoxyphenyl)-2-methyl-1,3-propanedione",Sintético / Indefinido,NaN,C19H18O6,NaN,NaN,NaN,36.2,0,-0.834355693911672,82.0341051585441,234,0.0778000000000001,M-H,NaN,NaN,NaN,NaN,No,No,NaN,http://nonlinear.com/redirect/outbound?p=chemspider&param=24846036,NaN,NaN,460.812941577486,438.609730355136,550.811813115506,580.007965087744,425.204114914147,381.714297596972,382.220977782967,354.268205566905,435.8355102539,382.079471906557,369.718236627076,341.921630757389
0.78_341.1028m/z,CSID24846193,"(2E)-2-(3,4-Dimethoxybenzylidene)-4,6-dimethoxy-1-benzofuran-3(2H)-one",Sintético / Indefinido,NaN,C19H18O6,NaN,NaN,NaN,36.2,0,-0.834355693911672,82.0341051585441,234,0.0778000000000001,M-H,NaN,NaN,NaN,NaN,No,No,NaN,http://nonlinear.com/redirect/outbound?p=chemspider&param=24846193,NaN,NaN,460.812941577486,438.609730355136,550.811813115506,580.007965087744,425.204114914147,381.714297596972,382.220977782967,354.268205566905,435.8355102539,382.079471906557,369.718236627076,341.921630757389
0.78_341.1028m/z,CSID24846495,"5,7-Dihydroxy-2-(3-hydroxy-4,5-dimethoxyphenyl)-6,8-dimethyl-2,3-dihydro-4H-chromen-4-one",Sintético / Indefinido,NaN,C19H20O7,NaN,NaN,NaN,36.2,0,-0.793493812975749,81.8210990423586,234,0.0778000000000001,M-H2O-H,NaN,NaN,NaN,NaN,No,No,NaN,http://nonlinear.com/redirect/outbound?p=chemspider&param=24846495,NaN,NaN,460.812941577486,438.609730355136,550.811813115506,580.007965087744,425.204114914147,381.714297596972,382.220977782967,354.268205566905,435.8355102539,382.079471906557,369.718236627076,341.921630757389
0.78_341.1028m/z,CSID24846542,"5-Hydroxy-7-methoxy-2-(2,4,6-trimethoxyphenyl)-2,3-dihydro-4H-chromen-4-one",Sintético / Indefinido,NaN,C19H20O7,NaN,NaN,NaN,36.2,0,-0.793493812975749,81.8210990423586,234,0.0778000000000001,M-H2O-H,NaN,NaN,NaN,NaN,No,No,NaN,http://nonlinear.com/redirect/outbound?p=chemspider&param=24846542,NaN,NaN,460.812941577486,438.609730355136,550.811813115506,580.007965087744,425.204114914147,381.714297596972,382.220977782967,354.268205566905,435.8355102539,382.079471906557,369.718236627076,341.921630757389
0.78_341.1028m/z,CSID24846581,"5-Hydroxy-7-methoxy-2-(3,4,5-trimethoxyphenyl)-2,3-dihydro-4H-chromen-4-one",Sintético / Indefinido,NaN,C19H20O7,NaN,NaN,NaN,36.2,0,-0.793493812975749,81.8210990423586,234,0.0778000000000001,M-H2O-H,NaN,NaN,NaN,NaN,No,No,NaN,http://nonlinear.com/redirect/outbound?p=chemspider&param=24846581,NaN,NaN,460.812941577486,438.609730355136,550.811813115506,580.007965087744,425.204114914147,381.714297596972,382.220977782967,354.268205566905,435.8355102539,382.079471906557,369.718236627076,341.921630757389
0.78_341.1028m/z,CSID24846602,"2-(3,4-Dimethoxyphenyl)-5-hydroxy-6,7-dimethoxy-2,3-dihydro-4H-chromen-4-one",Sintético / Indefinido,NaN,C19H20O7,NaN,NaN,NaN,36.2,0,-0.793493812975749,81.8210990423586,234,0.0778000000000001,M-H2O-H,NaN,NaN,NaN,NaN,No,No,NaN,http://nonlinear.com/redirect/outbound?p=chemspider&param=24846602,NaN,NaN,460.812941577486,438.609730355136,550.811813115506,580.007965087744,425.204114914147,381.714297596972,382.220977782967,354.268205566905,435.8355102539,382.079471906557,369.718236627076,341.921630757389
0.78_341.1028m/z,CSID24846603,"(2S)-2-(4-Hydroxy-3-methoxyphenyl)-5,6,7-trimethoxy-2,3-dihydro-4H-chromen-4-one",Sintético / Indefinido,NaN,C19H20O7,NaN,NaN,NaN,36.2,0,-0.793493812975749,81.8210990423586,234,0.0778000000000001,M-H2O-H,NaN,NaN,NaN,NaN,No,No,NaN,http://nonlinear.com/redirect/outbound?p=chemspider&param=24846603,NaN,NaN,460.812941577486,438.609730355136,550.811813115506,580.007965087744,425.204114914147,381.714297596972,382.220977782967,354.268205566905,435.8355102539,382.079471906557,369.718236627076,341.921630757389
0.78_341.1028m/z,CSID24846639,"5-Hydroxy-6,7,8-trimethoxy-2-(4-methoxyphenyl)-2,3-dihydro-4H-chromen-4-one",Sintético / Indefinido,NaN,C19H20O7,NaN,NaN,NaN,36.2,0,-0.793493812975749,81.8210990423586,234,0.0778000000000001,M-H2O-H,NaN,NaN,NaN,NaN,No,No,NaN,http://nonlinear.com/redirect/outbound?p=chemspider&param=24846639,NaN,NaN,460.812941577486,438.609730355136,550.811813115506,580.007965087744,425.204114914147,381.714297596972,382.220977782967,354.268205566905,435.8355102539,382.079471906557,369.718236627076,341.921630757389
0.78_341.1028m/z,CSID25053323,evelynin,Produto Natural,Yes,C19H20O7,COC1=C(C=C(C=C1)C(=O)CCC2=C(C(=O)C(=CC2=O)OC)OC)OC,"2-[3-(3,4-dimethoxyphenyl)-3-oxopropyl]-3,5-dimethoxycyclohexa-2,5-diene-1,4-dione",RESAUZHVVYGGHO-UHFFFAOYSA-N,36.2,0,-0.793493812975749,81.8210990423586,234,0.0778000000000001,M-H2O-H,NaN,NaN,Small molecule,NaN,No,No,NaN,http://nonlinear.com/redirect/outbound?p=chemspider&param=25053323,NaN,NaN,460.812941577486,438.609730355136,550.811813115506,580.007965087744,425.204114914147,381.714297596972,382.220977782967,354.268205566905,435.8355102539,382.079471906557,369.718236627076,341.921630757389
0.78_341.1028m/z,CSID26394006,(+)-sesamin monocatechol,Produto Natural,Yes,C19H18O6,C1[C@H]2[C@H](CO[C@@H]2C3=CC4=C(C=C3)OCO4)[C@H](O1)C5=CC(=C(C=C5)O)O,"4-[(3S,3aR,6S,6aR)-6-(1,3-benzodioxol-5-yl)-1,3,3a,4,6,6a-hexahydrofuro[3,4-c]furan-3-yl]benzene-1,2-diol",CGEORJKFOZSMEZ-MBZVMHRFSA-N,36.2,0,-0.834355693911672,82.0341051585441,234,0.0778000000000001,M-H,"(+)-sesamin monocatechol is a catechol resulting from the hydrolysis of one of the two methylene acetal groups in (+)-sesamin. Found as a product of (+)-sesamin in rat liver homogenate and also produced from sesamin by an enzyme (SesA) found in Sinomonas species. no. 22 growing on sesamin. It is a lignan, a member of catechols, a member of benzodioxoles and a furofuran. It is functionally related to a (+)-sesamin.",NaN,Small molecule,NaN,No,No,ChEBI,http://nonlinear.com/redirect/outbound?p=chemspider&param=26394006,NaN,NaN,460.812941577486,438.609730355136,550.811813115506,580.007965087744,425.204114914147,381.714297596972,382.220977782967,354.268205566905,435.8355102539,382.079471906557,369.718236627076,341.921630757389
0.78_341.1028m/z,CSID26996386,"1H-[1,2,3]Triazolo[4,5-h]quinazoline",Sintético / Indefinido,NaN,C8H5N5,NaN,NaN,NaN,37.7,0,3.10590578619663,92.1236699889247,234,0.0778000000000001,2M-H,NaN,NaN,NaN,NaN,No,No,NaN,http://nonlinear.com/redirect/outbound?p=chemspider&param=26996386,NaN,NaN,460.812941577486,438.609730355136,550.811813115506,580.007965087744,425.204114914147,381.714297596972,382.220977782967,354.268205566905,435.8355102539,382.079471906557,369.718236627076,341.921630757389
0.78_341.1028m/z,CSID278898,"2,3,9-Trimethoxy-6a,12a-dihydrochromeno[3,4-b]chromen-12(6H)-one",Sintético / Indefinido,NaN,C19H18O6,NaN,NaN,NaN,36.2,0,-0.834355693911672,82.0341051585441,234,0.0778000000000001,M-H,NaN,NaN,NaN,NaN,No,No,NaN,http://nonlinear.com/redirect/outbound?p=chemspider&param=278898,NaN,NaN,460.812941577486,438.609730355136,550.811813115506,580.007965087744,425.204114914147,381.714297596972,382.220977782967,354.268205566905,435.8355102539,382.079471906557,369.718236627076,341.921630757389
0.78_341.1028m/z,CSID28283091,"4,11-Dihydroxy-6,9-dimethoxy-5,6,6a,12a-tetrahydro-12H-benzo[a]xanthen-12-one",Sintético / Indefinido,NaN,C19H18O6,NaN,NaN,NaN,36.2,0,-0.834355693911672,82.0341051585441,234,0.0778000000000001,M-H,NaN,NaN,NaN,NaN,No,No,NaN,http://nonlinear.com/redirect/outbound?p=chemspider&param=28283091,NaN,NaN,460.812941577486,438.609730355136,550.811813115506,580.007965087744,425.204114914147,381.714297596972,382.220977782967,354.268205566905,435.8355102539,382.079471906557,369.718236627076,341.921630757389
0.78_341.1028m/z,CSID28283818,"(2Z,4R,8R,9S)-2-(Hydroxymethyl)-11-methyl-7-methylene-6,12-dioxo-5,14-dioxatricyclo[9.2.1.0~4,8~]tetradeca-1(13),2-dien-9-yl methacrylate",Sintético / Indefinido,NaN,C19H20O7,NaN,NaN,NaN,36.2,0,-0.793493812975749,81.8210990423586,234,0.0778000000000001,M-H2O-H,NaN,NaN,NaN,NaN,No,No,NaN,http://nonlinear.com/redirect/outbound?p=chemspider&param=28283818,NaN,NaN,460.812941577486,438.609730355136,550.811813115506,580.007965087744,425.204114914147,381.714297596972,382.220977782967,354.268205566905,435.8355102539,382.079471906557,369.718236627076,341.921630757389
0.78_341.1028m/z,CSID28284104,"(3S,4R)-4-(1,3-Benzodioxol-5-ylmethyl)-3-[hydroxy(4-hydroxyphenyl)methyl]dihydro-2(3H)-furanone",Sintético / Indefinido,NaN,C19H18O6,NaN,NaN,NaN,36.2,0,-0.834355693911672,82.0341051585441,234,0.0778000000000001,M-H,NaN,NaN,NaN,NaN,No,No,NaN,http://nonlinear.com/redirect/outbound?p=chemspider&param=28284104,NaN,NaN,460.812941577486,438.609730355136,550.811813115506,580.007965087744,425.204114914147,381.714297596972,382.220977782967,354.268205566905,435.8355102539,382.079471906557,369.718236627076,341.921630757389
0.78_341.1028m/z,CSID28284133,"1,2,5-Trihydroxy-3-methoxy-4-(3-methyl-2-buten-1-yl)-9H-xanthen-9-one",Sintético / Indefinido,NaN,C19H18O6,NaN,NaN,NaN,36.2,0,-0.834355693911672,82.0341051585441,234,0.0778000000000001,M-H,NaN,NaN,NaN,NaN,No,No,NaN,http://nonlinear.com/redirect/outbound?p=chemspider&param=28284133,NaN,NaN,460.812941577486,438.609730355136,550.811813115506,580.007965087744,425.204114914147,381.714297596972,382.220977782967,354.268205566905,435.8355102539,382.079471906557,369.718236627076,341.921630757389
0.78_341.1028m/z,CSID28285755,"7,10-Dihydroxy-12-methoxy-2,2-dimethyl-3,4-dihydro-2H,6H-pyrano[3,2-b]xanthen-6-one",Sintético / Indefinido,NaN,C19H18O6,NaN,NaN,NaN,36.2,0,-0.834355693911672,82.0341051585441,234,0.0778000000000001,M-H,NaN,NaN,NaN,NaN,No,No,NaN,http://nonlinear.com/redirect/outbound?p=chemspider&param=28285755,NaN,NaN,460.812941577486,438.609730355136,550.811813115506,580.007965087744,425.204114914147,381.714297596972,382.220977782967,354.268205566905,435.8355102539,382.079471906557,369.718236627076,341.921630757389
0.78_341.1028m/z,CSID28285830,"1,3,5-Trihydroxy-6-methoxy-7-(3-methyl-2-buten-1-yl)-9H-xanthen-9-one",Sintético / Indefinido,NaN,C19H18O6,NaN,NaN,NaN,36.2,0,-0.834355693911672,82.0341051585441,234,0.0778000000000001,M-H,NaN,NaN,NaN,NaN,No,No,NaN,http://nonlinear.com/redirect/outbound?p=chemspider&param=28285830,NaN,NaN,460.812941577486,438.609730355136,550.811813115506,580.007965087744,425.204114914147,381.714297596972,382.220977782967,354.268205566905,435.8355102539,382.079471906557,369.718236627076,341.921630757389
0.78_341.1028m/z,CSID28286496,"2,4,8-Trihydroxy-3-methoxy-1-(3-methyl-2-buten-1-yl)-9H-xanthen-9-one",Sintético / Indefinido,NaN,C19H18O6,NaN,NaN,NaN,36.2,0,-0.834355693911672,82.0341051585441,234,0.0778000000000001,M-H,NaN,NaN,NaN,NaN,No,No,NaN,http://nonlinear.com/redirect/outbound?p=chemspider&param=28286496,NaN,NaN,460.812941577486,438.609730355136,550.811813115506,580.007965087744,425.204114914147,381.714297596972,382.220977782967,354.268205566905,435.8355102539,382.079471906557,369.718236627076,341.921630757389
0.78_341.1028m/z,CSID28286867,"(3E)-3-(3-Hydroxy-4-methoxybenzylidene)-6,7-dimethoxy-2,3-dihydro-4H-chromen-4-one",Sintético / Indefinido,NaN,C19H18O6,NaN,NaN,NaN,36.2,0,-0.834355693911672,82.0341051585441,234,0.0778000000000001,M-H,NaN,NaN,NaN,NaN,No,No,NaN,http://nonlinear.com/redirect/outbound?p=chemspider&param=28286867,NaN,NaN,460.812941577486,438.609730355136,550.811813115506,580.007965087744,425.204114914147,381.714297596972,382.220977782967,354.268205566905,435.8355102539,382.079471906557,369.718236627076,341.921630757389
0.78_341.1028m/z,CSID28287269,"2-(3,5-Dihydroxyphenyl)-7,7-dimethyl-6,7-dihydro-5H-furo[3,2-g]chromene-5,6-diol",Sintético / Indefinido,NaN,C19H18O6,NaN,NaN,NaN,36.2,0,-0.834355693911672,82.0341051585441,234,0.0778000000000001,M-H,NaN,NaN,NaN,NaN,No,No,NaN,http://nonlinear.com/redirect/outbound?p=chemspider&param=28287269,NaN,NaN,460.812941577486,438.609730355136,550.811813115506,580.007965087744,425.204114914147,381.714297596972,382.220977782967,354.268205566905,435.8355102539,382.079471906557,369.718236627076,341.921630757389
0.78_341.1028m/z,CSID28288221,"(3E,3aS,4S,8bS)-4-Hydroxy-7,8-dimethyl-3-{[(4-methyl-5-oxo-2,5-dihydro-2-furanyl)oxy]methylene}-3,3a,4,8b-tetrahydro-2H-indeno[1,2-b]furan-2-one",Sintético / Indefinido,NaN,C19H18O6,NaN,NaN,NaN,36.2,0,-0.834355693911672,82.0341051585441,234,0.0778000000000001,M-H,NaN,NaN,NaN,NaN,No,No,NaN,http://nonlinear.com/redirect/outbound?p=chemspider&param=28288221,NaN,NaN,460.812941577486,438.609730355136,550.811813115506,580.007965087744,425.204114914147,381.714297596972,382.220977782967,354.268205566905,435.8355102539,382.079471906557,369.718236627076,341.921630757389
0.78_341.1028m/z,CSID28288246,SCUTEFLORIN A,Produto Natural,Yes,C19H18O6,CC(=CC(=O)O[C@H]1C(=O)C2=C(C=C3C(=C2)C=CC(=O)O3)OC1(C)C)C,"[(3R)-2,2-dimethyl-4,8-dioxo-3H-pyrano[3,2-g]chromen-3-yl] 3-methylbut-2-enoate",FTSNOUCXBBPRJQ-SFHVURJKSA-N,36.2,0,-0.834355693911672,82.0341051585441,234,0.0778000000000001,M-H,NaN,NaN,Small molecule,NaN,No,No,NaN,http://nonlinear.com/redirect/outbound?p=chemspider&param=28288246,NaN,NaN,460.812941577486,438.609730355136,550.811813115506,580.007965087744,425.204114914147,381.714297596972,382.220977782967,354.268205566905,435.8355102539,382.079471906557,369.718236627076,341.921630757389
0.78_341.1028m/z,CSID28288411,"(1E,3R,4S)-4-Hydroxy-1-[(2R,3S,3aS,7aS)-3-hydroxy-5-oxo-3,3a,5,7a-tetrahydro-2H-furo[3,2-b]pyran-2-yl]-1-penten-3-yl benzoate",Sintético / Indefinido,NaN,C19H20O7,NaN,NaN,NaN,36.2,0,-0.793493812975749,81.8210990423586,234,0.0778000000000001,M-H2O-H,NaN,NaN,NaN,NaN,No,No,NaN,http://nonlinear.com/redirect/outbound?p=chemspider&param=28288411,NaN,NaN,460.812941577486,438.609730355136,550.811813115506,580.007965087744,425.204114914147,381.714297596972,382.220977782967,354.268205566905,435.8355102539,382.079471906557,369.718236627076,341.921630757389
0.78_341.1028m/z,CSID28288601,"1,3,7-Trihydroxy-6-methoxy-4-(2-methyl-3-buten-2-yl)-9H-xanthen-9-one",Sintético / Indefinido,NaN,C19H18O6,NaN,NaN,NaN,36.2,0,-0.834355693911672,82.0341051585441,234,0.0778000000000001,M-H,NaN,NaN,NaN,NaN,No,No,NaN,http://nonlinear.com/redirect/outbound?p=chemspider&param=28288601,NaN,NaN,460.812941577486,438.609730355136,550.811813115506,580.007965087744,425.204114914147,381.714297596972,382.220977782967,354.268205566905,435.8355102539,382.079471906557,369.718236627076,341.921630757389
0.78_341.1028m/z,CSID28289536,"1,3,5-Trihydroxy-4-methoxy-2-(3-methyl-2-buten-1-yl)-9H-xanthen-9-one",Sintético / Indefinido,NaN,C19H18O6,NaN,NaN,NaN,36.2,0,-0.834355693911672,82.0341051585441,234,0.0778000000000001,M-H,NaN,NaN,NaN,NaN,No,No,NaN,http://nonlinear.com/redirect/outbound?p=chemspider&param=28289536,NaN,NaN,460.812941577486,438.609730355136,550.811813115506,580.007965087744,425.204114914147,381.714297596972,382.220977782967,354.268205566905,435.8355102539,382.079471906557,369.718236627076,341.921630757389
0.78_341.1028m/z,CSID28295232,"1,5,8-Trihydroxy-3-methoxy-2-prenylxanthone",Sintético / Indefinido,NaN,C19H18O6,CC(=CCC1=C(C=C2C(=C1O)C(=O)C3=C(C=CC(=C3O2)O)O)OC)C,"1,5,8-trihydroxy-3-methoxy-2-(3-methylbut-2-enyl)xanthen-9-one",AAANZTDKTFGJLZ-UHFFFAOYSA-N,36.2,0,-0.834355693911672,82.0341051585441,234,0.0778000000000001,M-H,"1,5,8-Trihydroxy-3-methyl-2-prenylxanthone is a member of xanthones.",NaN,NaN,NaN,No,No,ChEBI,http://nonlinear.com/redirect/outbound?p=chemspider&param=28295232,NaN,NaN,460.812941577486,438.609730355136,550.811813115506,580.007965087744,425.204114914147,381.714297596972,382.220977782967,354.268205566905,435.8355102539,382.079471906557,369.718236627076,341.921630757389
0.78_341.1028m/z,CSID28424480,"1,4,6-Trihydroxy-5-methoxy-7-prenylxanthone",Produto Natural,Yes,C19H18O6,CC(=CCC1=CC2=C(C(=C1O)OC)OC3=C(C=CC(=C3C2=O)O)O)C,"1,4,6-trihydroxy-5-methoxy-7-(3-methylbut-2-enyl)xanthen-9-one",XOFZQNNUVXEIJS-UHFFFAOYSA-N,36.2,0,-0.834355693911672,82.0341051585441,234,0.0778000000000001,M-H,"1,4,6-Trihydroxy-5-methoxy-7-prenylxanthone is a member of xanthones.",NaN,Small molecule,NaN,No,No,ChEBI,http://nonlinear.com/redirect/outbound?p=chemspider&param=28424480,NaN,NaN,460.812941577486,438.609730355136,550.811813115506,580.007965087744,425.204114914147,381.714297596972,382.220977782967,354.268205566905,435.8355102539,382.079471906557,369.718236627076,341.921630757389
0.78_341.1028m/z,CSID28580134,"3H-Imidazo[4′,5′:4,5]pyrido[2,3-d]pyrimidine",Sintético / Indefinido,NaN,C8H5N5,C1=C2C3=C(C=NC2=NC=N1)NC=N3,"3,5,8,10,12-pentazatricyclo[7.4.0.02,6]trideca-1(13),2(6),3,7,9,11-hexaene",NWGCHYGAEFGWLW-UHFFFAOYSA-N,37.7,0,3.10590578619663,92.1236699889247,234,0.0778000000000001,2M-H,NaN,NaN,NaN,NaN,No,No,NaN,http://nonlinear.com/redirect/outbound?p=chemspider&param=28580134,NaN,NaN,460.812941577486,438.609730355136,550.811813115506,580.007965087744,425.204114914147,381.714297596972,382.220977782967,354.268205566905,435.8355102539,382.079471906557,369.718236627076,341.921630757389
0.78_341.1028m/z,CSID28605421,2-{[1-(Benzyloxy)-1-oxo-2-propanyl]oxy}-2-oxoethyl benzoate,Sintético / Indefinido,NaN,C19H18O6,NaN,NaN,NaN,36.2,0,-0.834355693911672,82.0341051585441,234,0.0778000000000001,M-H,NaN,NaN,NaN,NaN,No,No,NaN,http://nonlinear.com/redirect/outbound?p=chemspider&param=28605421,NaN,NaN,460.812941577486,438.609730355136,550.811813115506,580.007965087744,425.204114914147,381.714297596972,382.220977782967,354.268205566905,435.8355102539,382.079471906557,369.718236627076,341.921630757389
0.78_341.1028m/z,CSID28605424,3-[2-(Benzyloxy)-2-oxoethoxy]-3-oxopropyl benzoate,Sintético / Indefinido,NaN,C19H18O6,NaN,NaN,NaN,36.2,0,-0.834355693911672,82.0341051585441,234,0.0778000000000001,M-H,NaN,NaN,NaN,NaN,No,No,NaN,http://nonlinear.com/redirect/outbound?p=chemspider&param=28605424,NaN,NaN,460.812941577486,438.609730355136,550.811813115506,580.007965087744,425.204114914147,381.714297596972,382.220977782967,354.268205566905,435.8355102539,382.079471906557,369.718236627076,341.921630757389
0.78_341.1028m/z,CSID29321288,"1H-[1,2,3]Triazolo[4,5-f]phthalazine",Sintético / Indefinido,NaN,C8H5N5,NaN,NaN,NaN,37.7,0,3.10590578619663,92.1236699889247,234,0.0778000000000001,2M-H,NaN,NaN,NaN,NaN,No,No,NaN,http://nonlinear.com/redirect/outbound?p=chemspider&param=29321288,NaN,NaN,460.812941577486,438.609730355136,550.811813115506,580.007965087744,425.204114914147,381.714297596972,382.220977782967,354.268205566905,435.8355102539,382.079471906557,369.718236627076,341.921630757389
0.78_341.1028m/z,CSID29781257,"2H-[1,2,3]Triazolo[4,5-f]quinoxaline",Sintético / Indefinido,NaN,C8H5N5,C1=CC2=NNN=C2C3=NC=CN=C31,"2H-triazolo[4,5-f]quinoxaline",XSJMOLCRLLDSFM-UHFFFAOYSA-N,37.7,0,3.10590578619663,92.1236699889247,234,0.0778000000000001,2M-H,NaN,NaN,NaN,NaN,No,No,NaN,http://nonlinear.com/redirect/outbound?p=chemspider&param=29781257,NaN,NaN,460.812941577486,438.609730355136,550.811813115506,580.007965087744,425.204114914147,381.714297596972,382.220977782967,354.268205566905,435.8355102539,382.079471906557,369.718236627076,341.921630757389
0.78_341.1028m/z,CSID29784799,"(1S,4R)-1-Hydroxy-4-(1H-indol-3-ylmethyl)-2H-pyrazino[2,1-b]quinazoline-3,6(1H,4H)-dione",Sintético / Indefinido,NaN,C20H16N4O3,NaN,NaN,NaN,35.1,0,-4.50611911231003,80.5771566010241,234,0.0778000000000001,M-H2O-H,NaN,NaN,NaN,NaN,No,No,NaN,http://nonlinear.com/redirect/outbound?p=chemspider&param=29784799,NaN,NaN,460.812941577486,438.609730355136,550.811813115506,580.007965087744,425.204114914147,381.714297596972,382.220977782967,354.268205566905,435.8355102539,382.079471906557,369.718236627076,341.921630757389
0.78_341.1028m/z,CSID30791353,"(3R,4aR)-3,4a,7,8-Tetrahydroxy-3-methyl-3,4,4a,12b-tetrahydro-1,6(2H,5H)-tetraphenedione",Sintético / Indefinido,NaN,C19H18O6,NaN,NaN,NaN,36.2,0,-0.834355693911672,82.0341051585441,234,0.0778000000000001,M-H,NaN,NaN,NaN,NaN,No,No,NaN,http://nonlinear.com/redirect/outbound?p=chemspider&param=30791353,NaN,NaN,460.812941577486,438.609730355136,550.811813115506,580.007965087744,425.204114914147,381.714297596972,382.220977782967,354.268205566905,435.8355102539,382.079471906557,369.718236627076,341.921630757389
0.78_341.1028m/z,CSID30830023,garcimangostanol,Sintético / Indefinido,NaN,C19H18O6,NaN,NaN,NaN,36.2,0,-0.834355693911672,82.0341051585441,234,0.0778000000000001,M-H,NaN,NaN,NaN,NaN,No,No,NaN,http://nonlinear.com/redirect/outbound?p=chemspider&param=30830023,NaN,NaN,460.812941577486,438.609730355136,550.811813115506,580.007965087744,425.204114914147,381.714297596972,382.220977782967,354.268205566905,435.8355102539,382.079471906557,369.718236627076,341.921630757389
0.78_341.1028m/z,CSID3250580,"3′,4′,7,8-TETRAMETHOXYFLAVONE",Produto Natural,Yes,C19H18O6,COC1=C(C=C(C=C1)C2=CC(=O)C3=C(O2)C(=C(C=C3)OC)OC)OC,"2-(3,4-dimethoxyphenyl)-7,8-dimethoxychromen-4-one",ZRLWYUNKZNRQLO-UHFFFAOYSA-N,36.2,0,-0.834355693911672,82.0341051585441,234,0.0778000000000001,M-H,NaN,NaN,Small molecule,NaN,No,No,NaN,http://nonlinear.com/redirect/outbound?p=chemspider&param=3250580,NaN,NaN,460.812941577486,438.609730355136,550.811813115506,580.007965087744,425.204114914147,381.714297596972,382.220977782967,354.268205566905,435.8355102539,382.079471906557,369.718236627076,341.921630757389
0.78_341.1028m/z,CSID35013830,"5-Hydroxy-6-methylene-16-oxo-15-oxapentacyclo[9.3.2.1~5,8~.0~1,10~.0~2,8~]heptadec-12-ene-9,11-dicarboxylic acid",Sintético / Indefinido,NaN,C19H20O7,NaN,NaN,NaN,36.2,0,-0.793493812975749,81.8210990423586,234,0.0778000000000001,M-H2O-H,NaN,NaN,NaN,NaN,No,No,NaN,http://nonlinear.com/redirect/outbound?p=chemspider&param=35013830,NaN,NaN,460.812941577486,438.609730355136,550.811813115506,580.007965087744,425.204114914147,381.714297596972,382.220977782967,354.268205566905,435.8355102539,382.079471906557,369.718236627076,341.921630757389
0.78_341.1028m/z,CSID35015123,"8-(2-Acetoxy-2-propanyl)-2-oxo-8,9-dihydro-2H-furo[2,3-h]chromen-9-yl propionate",Sintético / Indefinido,NaN,C19H20O7,NaN,NaN,NaN,36.2,0,-0.793493812975749,81.8210990423586,234,0.0778000000000001,M-H2O-H,NaN,NaN,NaN,NaN,No,No,NaN,http://nonlinear.com/redirect/outbound?p=chemspider&param=35015123,NaN,NaN,460.812941577486,438.609730355136,550.811813115506,580.007965087744,425.204114914147,381.714297596972,382.220977782967,354.268205566905,435.8355102539,382.079471906557,369.718236627076,341.921630757389
0.78_341.1028m/z,CSID35031653,"4-[(1S,4S)-4-(1,3-Benzodioxol-5-yl)tetrahydro-1H,3H-furo[3,4-c]furan-1-yl]-1,2-benzenediol",Sintético / Indefinido,NaN,C19H18O6,NaN,NaN,NaN,36.2,0,-0.834355693911672,82.0341051585441,234,0.0778000000000001,M-H,NaN,NaN,NaN,NaN,No,No,NaN,http://nonlinear.com/redirect/outbound?p=chemspider&param=35031653,NaN,NaN,460.812941577486,438.609730355136,550.811813115506,580.007965087744,425.204114914147,381.714297596972,382.220977782967,354.268205566905,435.8355102539,382.079471906557,369.718236627076,341.921630757389
0.78_341.1028m/z,CSID407003,"2-(3,4-Dimethoxyphenyl)-3-hydroxy-5,7-dimethoxy-2,3-dihydro-4H-chromen-4-one",Produto Natural,Yes,C19H20O7,COC1=C(C=C(C=C1)C2C(C(=O)C3=C(O2)C=C(C=C3OC)OC)O)OC,"2-(3,4-dimethoxyphenyl)-3-hydroxy-5,7-dimethoxy-2,3-dihydrochromen-4-one",LLNVRFWIUJTITA-UHFFFAOYSA-N,36.2,0,-0.793493812975749,81.8210990423586,234,0.0778000000000001,M-H2O-H,NaN,NaN,Small molecule,NaN,No,No,NaN,http://nonlinear.com/redirect/outbound?p=chemspider&param=407003,NaN,NaN,460.812941577486,438.609730355136,550.811813115506,580.007965087744,425.204114914147,381.714297596972,382.220977782967,354.268205566905,435.8355102539,382.079471906557,369.718236627076,341.921630757389
0.78_341.1028m/z,CSID414290,"3,5,6,7-Tetramethoxy-2-phenyl-4H-chromen-4-one",Sintético / Indefinido,NaN,C19H18O6,COC1=C(C(=C2C(=C1)OC(=C(C2=O)OC)C3=CC=CC=C3)OC)OC,"3,5,6,7-tetramethoxy-2-phenylchromen-4-one",YOZUDFLREPPXIO-UHFFFAOYSA-N,36.2,0,-0.834355693911672,82.0341051585441,234,0.0778000000000001,M-H,NaN,NaN,NaN,NaN,No,No,NaN,http://nonlinear.com/redirect/outbound?p=chemspider&param=414290,NaN,NaN,460.812941577486,438.609730355136,550.811813115506,580.007965087744,425.204114914147,381.714297596972,382.220977782967,354.268205566905,435.8355102539,382.079471906557,369.718236627076,341.921630757389
0.78_341.1028m/z,CSID4475774,Ophiopogonanone E,Produto Natural,Yes,C19H20O7,CC1=C(C2=C(C(=C1O)OC)OCC(C2=O)CC3=C(C=C(C=C3)OC)O)O,"5,7-dihydroxy-3-[(2-hydroxy-4-methoxyphenyl)methyl]-8-methoxy-6-methyl-2,3-dihydrochromen-4-one",FMFZMWWKEGLLRS-UHFFFAOYSA-N,36.2,0,-0.793493812975749,81.8210990423586,234,0.0778000000000001,M-H2O-H,NaN,NaN,Small molecule,NaN,No,No,NaN,http://nonlinear.com/redirect/outbound?p=chemspider&param=4475774,NaN,NaN,460.812941577486,438.609730355136,550.811813115506,580.007965087744,425.204114914147,381.714297596972,382.220977782967,354.268205566905,435.8355102539,382.079471906557,369.718236627076,341.921630757389
0.78_341.1028m/z,CSID4477971,Methylophiopogonanone A,Sintético / Indefinido,NaN,C19H18O6,CC1=C(C(=C2C(=C1O)C(=O)[C@@H](CO2)CC3=CC4=C(C=C3)OCO4)C)O,"(3R)-3-(1,3-benzodioxol-5-ylmethyl)-5,7-dihydroxy-6,8-dimethyl-2,3-dihydrochromen-4-one",BXTNNJIQILYHJB-GFCCVEGCSA-N,36.2,0,-0.834355693911672,82.0341051585441,234,0.0778000000000001,M-H,Methylophiopogonanone A is a homoflavonoid.,NaN,NaN,NaN,No,No,ChEBI,http://nonlinear.com/redirect/outbound?p=chemspider&param=4477971,NaN,NaN,460.812941577486,438.609730355136,550.811813115506,580.007965087744,425.204114914147,381.714297596972,382.220977782967,354.268205566905,435.8355102539,382.079471906557,369.718236627076,341.921630757389
0.78_341.1028m/z,CSID4513541,GOYAZENSOLIDE,Produto Natural,Yes,C19H20O7,CC(=C)C(=O)O[C@H]1C[C@@]2(C(=O)C=C(O2)/C(=C\[C@@H]3[C@@H]1C(=C)C(=O)O3)/CO)C,"[(2Z,4R,8R,9S,11R)-2-(hydroxymethyl)-11-methyl-7-methylidene-6,12-dioxo-5,14-dioxatricyclo[9.2.1.04,8]tetradeca-1(13),2-dien-9-yl] 2-methylprop-2-enoate",HTMCLLSRQWRPTN-OKMRAYSCSA-N,36.2,0,-0.793493812975749,81.8210990423586,234,0.0778000000000001,M-H2O-H,NaN,NaN,Small molecule,NaN,No,No,NaN,http://nonlinear.com/redirect/outbound?p=chemspider&param=4513541,NaN,NaN,460.812941577486,438.609730355136,550.811813115506,580.007965087744,425.204114914147,381.714297596972,382.220977782967,354.268205566905,435.8355102539,382.079471906557,369.718236627076,341.921630757389
0.78_341.1028m/z,CSID4529746,"5-Hydroxy-7-methyl-2-(3,4,5-trimethoxyphenyl)-4H-chromen-4-one",Sintético / Indefinido,No,C19H18O6,CC1=CC(=C2C(=C1)OC(=CC2=O)C3=CC(=C(C(=C3)OC)OC)OC)O,"5-hydroxy-7-methyl-2-(3,4,5-trimethoxyphenyl)chromen-4-one",ZXEOHVWQJDJDAD-UHFFFAOYSA-N,36.2,0,-0.834355693911672,82.0341051585441,234,0.0778000000000001,M-H,NaN,NaN,Small molecule,NaN,No,No,NaN,http://nonlinear.com/redirect/outbound?p=chemspider&param=4529746,NaN,NaN,460.812941577486,438.609730355136,550.811813115506,580.007965087744,425.204114914147,381.714297596972,382.220977782967,354.268205566905,435.8355102539,382.079471906557,369.718236627076,341.921630757389
0.78_341.1028m/z,CSID4576722,Caledonixanthone D,Sintético / Indefinido,NaN,C19H18O6,CC(=CCC1=C(C(=C(C2=C1OC3=C(C2=O)C=CC=C3O)O)OC)O)C,"1,3,5-trihydroxy-2-methoxy-4-(3-methylbut-2-enyl)xanthen-9-one",NDHWWMCGDXLCHL-UHFFFAOYSA-N,36.2,0,-0.834355693911672,82.0341051585441,234,0.0778000000000001,M-H,NaN,NaN,NaN,NaN,No,No,NaN,http://nonlinear.com/redirect/outbound?p=chemspider&param=4576722,NaN,NaN,460.812941577486,438.609730355136,550.811813115506,580.007965087744,425.204114914147,381.714297596972,382.220977782967,354.268205566905,435.8355102539,382.079471906557,369.718236627076,341.921630757389
0.78_341.1028m/z,CSID547067,6-DEMETHOXYTANGERETIN,Produto Natural,Yes,C19H18O6,COC1=CC=C(C=C1)C2=CC(=O)C3=C(O2)C(=C(C=C3OC)OC)OC,"5,7,8-trimethoxy-2-(4-methoxyphenyl)chromen-4-one",DDGJUTBQQURRGE-UHFFFAOYSA-N,36.2,0,-0.834355693911672,82.0341051585441,234,0.0778000000000001,M-H,6-Demethoxytangeretin is an ether and a member of flavonoids.,NaN,Small molecule,NaN,No,No,ChEBI,http://nonlinear.com/redirect/outbound?p=chemspider&param=547067,NaN,NaN,460.812941577486,438.609730355136,550.811813115506,580.007965087744,425.204114914147,381.714297596972,382.220977782967,354.268205566905,435.8355102539,382.079471906557,369.718236627076,341.921630757389
0.78_341.1028m/z,CSID547068,ZAPOTIN,Produto Natural,Yes,C19H18O6,COC1=C(C(=CC=C1)OC)C2=CC(=O)C3=C(O2)C=CC(=C3OC)OC,"2-(2,6-dimethoxyphenyl)-5,6-dimethoxychromen-4-one",PBQMALAAFQMDSP-UHFFFAOYSA-N,36.2,0,-0.834355693911672,82.0341051585441,234,0.0778000000000001,M-H,Zapotin is an ether and a member of flavonoids.,NaN,Small molecule,NaN,No,No,ChEBI,http://nonlinear.com/redirect/outbound?p=chemspider&param=547068,NaN,NaN,460.812941577486,438.609730355136,550.811813115506,580.007965087744,425.204114914147,381.714297596972,382.220977782967,354.268205566905,435.8355102539,382.079471906557,369.718236627076,341.921630757389
0.78_341.1028m/z,CSID548014,TETRAMETHYLKAEMPFEROL,Produto Natural,Yes,C19H18O6,COC1=CC=C(C=C1)C2=C(C(=O)C3=C(O2)C=C(C=C3OC)OC)OC,"3,5,7-trimethoxy-2-(4-methoxyphenyl)chromen-4-one",YZWIIEJLESXODL-UHFFFAOYSA-N,36.2,0,-0.834355693911672,82.0341051585441,234,0.0778000000000001,M-H,NaN,NaN,Small molecule,NaN,No,No,NaN,http://nonlinear.com/redirect/outbound?p=chemspider&param=548014,NaN,NaN,460.812941577486,438.609730355136,550.811813115506,580.007965087744,425.204114914147,381.714297596972,382.220977782967,354.268205566905,435.8355102539,382.079471906557,369.718236627076,341.921630757389
0.78_341.1028m/z,CSID548072,Tetramethoxyluteolin,Produto Natural,Yes,C19H18O6,COC1=C(C=C(C=C1)C2=CC(=O)C3=C(O2)C=C(C=C3OC)OC)OC,"2-(3,4-dimethoxyphenyl)-5,7-dimethoxychromen-4-one",CLXVBVLQKLQNRQ-UHFFFAOYSA-N,36.2,0,-0.834355693911672,82.0341051585441,234,0.0778000000000001,M-H,NaN,NaN,Small molecule,NaN,No,No,NaN,http://nonlinear.com/redirect/outbound?p=chemspider&param=548072,NaN,NaN,460.812941577486,438.609730355136,550.811813115506,580.007965087744,425.204114914147,381.714297596972,382.220977782967,354.268205566905,435.8355102539,382.079471906557,369.718236627076,341.921630757389
0.78_341.1028m/z,CSID548073,"Flavone, 3,3′,4′,7-tetramethoxy-",Produto Natural,Yes,C19H18O6,COC1=CC2=C(C=C1)C(=O)C(=C(O2)C3=CC(=C(C=C3)OC)OC)OC,"2-(3,4-dimethoxyphenyl)-3,7-dimethoxychromen-4-one",NAMFTZBUZYVNST-UHFFFAOYSA-N,36.2,0,-0.834355693911672,82.0341051585441,234,0.0778000000000001,M-H,NaN,NaN,Small molecule,NaN,No,No,NaN,http://nonlinear.com/redirect/outbound?p=chemspider&param=548073,NaN,NaN,460.812941577486,438.609730355136,550.811813115506,580.007965087744,425.204114914147,381.714297596972,382.220977782967,354.268205566905,435.8355102539,382.079471906557,369.718236627076,341.921630757389
0.78_341.1028m/z,CSID548077,"Isoflavone, 3′,4′,6,7-tetramethoxy-",Produto Natural,Yes,C19H18O6,COC1=C(C=C(C=C1)C2=COC3=CC(=C(C=C3C2=O)OC)OC)OC,"3-(3,4-dimethoxyphenyl)-6,7-dimethoxychromen-4-one",OYSKBZHHLYECLU-UHFFFAOYSA-N,36.2,0,-0.834355693911672,82.0341051585441,234,0.0778000000000001,M-H,NaN,NaN,Small molecule,NaN,No,No,NaN,http://nonlinear.com/redirect/outbound?p=chemspider&param=548077,NaN,NaN,460.812941577486,438.609730355136,550.811813115506,580.007965087744,425.204114914147,381.714297596972,382.220977782967,354.268205566905,435.8355102539,382.079471906557,369.718236627076,341.921630757389
0.78_341.1028m/z,CSID58837469,"(3R,4aR,12bR)-3,4a,7,8-Tetrahydroxy-3-methyl-3,4,4a,12b-tetrahydro-1,6(2H,5H)-tetraphenedione",Sintético / Indefinido,NaN,C19H18O6,NaN,NaN,NaN,36.2,0,-0.834355693911672,82.0341051585441,234,0.0778000000000001,M-H,NaN,NaN,NaN,NaN,No,No,NaN,http://nonlinear.com/redirect/outbound?p=chemspider&param=58837469,NaN,NaN,460.812941577486,438.609730355136,550.811813115506,580.007965087744,425.204114914147,381.714297596972,382.220977782967,354.268205566905,435.8355102539,382.079471906557,369.718236627076,341.921630757389
0.78_341.1028m/z,CSID60752240,"3,3,4,4-Pyrrolidinetetracarbonitrile",Sintético / Indefinido,NaN,C8H5N5,NaN,NaN,NaN,37.7,0,3.10590578619663,92.1236699889247,234,0.0778000000000001,2M-H,NaN,NaN,NaN,NaN,No,No,NaN,http://nonlinear.com/redirect/outbound?p=chemspider&param=60752240,NaN,NaN,460.812941577486,438.609730355136,550.811813115506,580.007965087744,425.204114914147,381.714297596972,382.220977782967,354.268205566905,435.8355102539,382.079471906557,369.718236627076,341.921630757389
0.78_341.1028m/z,CSID63392,SODIUM DIAMYL SULFOSUCCINATE,Sintético / Indefinido,NaN,C14H25NaO7S,CCCCCOC(=O)CC(C(=O)OCCCCC)S(=O)(=O)[O-].[Na+],"sodium 1,4-dioxo-1,4-dipentoxybutane-2-sulfonate",UMEWSJNRBXKWKZ-UHFFFAOYSA-M,35.6,0,-3.47314012172573,81.8990328234718,234,0.0778000000000001,M-H2O-H,NaN,NaN,NaN,NaN,No,No,NaN,http://nonlinear.com/redirect/outbound?p=chemspider&param=63392,NaN,NaN,460.812941577486,438.609730355136,550.811813115506,580.007965087744,425.204114914147,381.714297596972,382.220977782967,354.268205566905,435.8355102539,382.079471906557,369.718236627076,341.921630757389
0.78_341.1028m/z,CSID65323739,6-Hydroxy-2-[2-(3-hydroxy-4-methoxyphenyl)ethyl]-7-methoxy-4H-chromen-4-one,Sintético / Indefinido,NaN,C19H18O6,NaN,NaN,NaN,36.2,0,-0.834355693911672,82.0341051585441,234,0.0778000000000001,M-H,NaN,NaN,NaN,NaN,No,No,NaN,http://nonlinear.com/redirect/outbound?p=chemspider&param=65323739,NaN,NaN,460.812941577486,438.609730355136,550.811813115506,580.007965087744,425.204114914147,381.714297596972,382.220977782967,354.268205566905,435.8355102539,382.079471906557,369.718236627076,341.921630757389
0.78_341.1028m/z,CSID66123,"(1R,3R,5S,6S,10R,11S)-3-Methyl-9-methylene-8,14-dioxo-4,7,15-trioxatetracyclo[11.2.1.0~3,5~.0~6,10~]hexadec-13(16)-en-11-yl methacrylate",Sintético / Indefinido,NaN,C19H20O7,NaN,NaN,NaN,36.2,0,-0.793493812975749,81.8210990423586,234,0.0778000000000001,M-H2O-H,NaN,NaN,NaN,NaN,No,No,NaN,http://nonlinear.com/redirect/outbound?p=chemspider&param=66123,NaN,NaN,460.812941577486,438.609730355136,550.811813115506,580.007965087744,425.204114914147,381.714297596972,382.220977782967,354.268205566905,435.8355102539,382.079471906557,369.718236627076,341.921630757389
0.78_341.1028m/z,CSID66739020,bilinic acid,Sintético / Indefinido,NaN,C20H14N4O2,C1=CC(=CC2=NC(=CC3=CC=C(N3)/C=C/4\C=CC(=N4)C(=O)O)C=C2)N=C1,(5E)-5-[[5-[[5-(pyrrol-2-ylidenemethyl)pyrrol-2-ylidene]methyl]-1H-pyrrol-2-yl]methylidene]pyrrole-2-carboxylic acid,ONJOTHHSOMXXKI-GNSVDMIHSA-N,45.8,53.8,-4.74535604108403,80.7875935969715,234,0.0778000000000001,M-H,NaN,NaN,NaN,NaN,No,No,NaN,http://nonlinear.com/redirect/outbound?p=chemspider&param=66739020,NaN,NaN,460.812941577486,438.609730355136,550.811813115506,580.007965087744,425.204114914147,381.714297596972,382.220977782967,354.268205566905,435.8355102539,382.079471906557,369.718236627076,341.921630757389
0.78_341.1028m/z,CSID67024098,"3H-Imidazo[4,5-f][1,2,3]benzotriazine",Sintético / Indefinido,NaN,C8H5N5,NaN,NaN,NaN,37.7,0,3.10590578619663,92.1236699889247,234,0.0778000000000001,2M-H,NaN,NaN,NaN,NaN,No,No,NaN,http://nonlinear.com/redirect/outbound?p=chemspider&param=67024098,NaN,NaN,460.812941577486,438.609730355136,550.811813115506,580.007965087744,425.204114914147,381.714297596972,382.220977782967,354.268205566905,435.8355102539,382.079471906557,369.718236627076,341.921630757389
0.78_341.1028m/z,CSID67025418,"1,2,2,3-Pyrrolidinetetracarbonitrile",Sintético / Indefinido,NaN,C8H5N5,NaN,NaN,NaN,37.7,0,3.10590578619663,92.1236699889247,234,0.0778000000000001,2M-H,NaN,NaN,NaN,NaN,No,No,NaN,http://nonlinear.com/redirect/outbound?p=chemspider&param=67025418,NaN,NaN,460.812941577486,438.609730355136,550.811813115506,580.007965087744,425.204114914147,381.714297596972,382.220977782967,354.268205566905,435.8355102539,382.079471906557,369.718236627076,341.921630757389
0.78_341.1028m/z,CSID67026868,"7H-Imidazo[4,5-h][1,2,4]benzotriazine",Sintético / Indefinido,NaN,C8H5N5,NaN,NaN,NaN,37.7,0,3.10590578619663,92.1236699889247,234,0.0778000000000001,2M-H,NaN,NaN,NaN,NaN,No,No,NaN,http://nonlinear.com/redirect/outbound?p=chemspider&param=67026868,NaN,NaN,460.812941577486,438.609730355136,550.811813115506,580.007965087744,425.204114914147,381.714297596972,382.220977782967,354.268205566905,435.8355102539,382.079471906557,369.718236627076,341.921630757389
0.78_341.1028m/z,CSID67028424,"Pyrido[2,3-d][1,2,3]triazolo[1,5-a]pyrimidine",Sintético / Indefinido,NaN,C8H5N5,NaN,NaN,NaN,37.7,0,3.10590578619663,92.1236699889247,234,0.0778000000000001,2M-H,NaN,NaN,NaN,NaN,No,No,NaN,http://nonlinear.com/redirect/outbound?p=chemspider&param=67028424,NaN,NaN,460.812941577486,438.609730355136,550.811813115506,580.007965087744,425.204114914147,381.714297596972,382.220977782967,354.268205566905,435.8355102539,382.079471906557,369.718236627076,341.921630757389
0.78_341.1028m/z,CSID67037264,"1H-Imidazo[4,5-h][1,2,3]benzotriazine",Sintético / Indefinido,NaN,C8H5N5,NaN,NaN,NaN,37.7,0,3.10590578619663,92.1236699889247,234,0.0778000000000001,2M-H,NaN,NaN,NaN,NaN,No,No,NaN,http://nonlinear.com/redirect/outbound?p=chemspider&param=67037264,NaN,NaN,460.812941577486,438.609730355136,550.811813115506,580.007965087744,425.204114914147,381.714297596972,382.220977782967,354.268205566905,435.8355102539,382.079471906557,369.718236627076,341.921630757389
0.78_341.1028m/z,CSID67160795,"[1,2,3]Triazolo[4′,5′:4,5]pyrido[1,2-c]pyrimidine",Sintético / Indefinido,NaN,C8H5N5,NaN,NaN,NaN,37.7,0,3.10590578619663,92.1236699889247,234,0.0778000000000001,2M-H,NaN,NaN,NaN,NaN,No,No,NaN,http://nonlinear.com/redirect/outbound?p=chemspider&param=67160795,NaN,NaN,460.812941577486,438.609730355136,550.811813115506,580.007965087744,425.204114914147,381.714297596972,382.220977782967,354.268205566905,435.8355102539,382.079471906557,369.718236627076,341.921630757389
0.78_341.1028m/z,CSID67161964,"4H-Pyrazolo[3′,4′:5,6]pyrido[3,2-d]pyrimidine",Sintético / Indefinido,NaN,C8H5N5,NaN,NaN,NaN,37.7,0,3.10590578619663,92.1236699889247,234,0.0778000000000001,2M-H,NaN,NaN,NaN,NaN,No,No,NaN,http://nonlinear.com/redirect/outbound?p=chemspider&param=67161964,NaN,NaN,460.812941577486,438.609730355136,550.811813115506,580.007965087744,425.204114914147,381.714297596972,382.220977782967,354.268205566905,435.8355102539,382.079471906557,369.718236627076,341.921630757389
0.78_341.1028m/z,CSID67162101,"(2E)-3-(4-Hydroxy-3-methoxyphenyl)-2-(3,4,5-trimethoxyphenyl)acrylic acid",Sintético / Indefinido,NaN,C19H20O7,NaN,NaN,NaN,36.2,0,-0.793493812975749,81.8210990423586,234,0.0778000000000001,M-H2O-H,NaN,NaN,NaN,NaN,No,No,NaN,http://nonlinear.com/redirect/outbound?p=chemspider&param=67162101,NaN,NaN,460.812941577486,438.609730355136,550.811813115506,580.007965087744,425.204114914147,381.714297596972,382.220977782967,354.268205566905,435.8355102539,382.079471906557,369.718236627076,341.921630757389
0.78_341.1028m/z,CSID67162179,"2,2′-(1,4-Phenylene)bis(7H-pyrano[2,3-d]pyrimidine)",Sintético / Indefinido,NaN,C20H14N4O2,NaN,NaN,NaN,35.1,0,-4.74535604108403,80.7875935969715,234,0.0778000000000001,M-H,NaN,NaN,NaN,NaN,No,No,NaN,http://nonlinear.com/redirect/outbound?p=chemspider&param=67162179,NaN,NaN,460.812941577486,438.609730355136,550.811813115506,580.007965087744,425.204114914147,381.714297596972,382.220977782967,354.268205566905,435.8355102539,382.079471906557,369.718236627076,341.921630757389
0.78_341.1028m/z,CSID67163177,"1H-Pyrazolo[4′,3′:5,6]pyrido[4,3-d]pyrimidine",Sintético / Indefinido,NaN,C8H5N5,NaN,NaN,NaN,37.7,0,3.10590578619663,92.1236699889247,234,0.0778000000000001,2M-H,NaN,NaN,NaN,NaN,No,No,NaN,http://nonlinear.com/redirect/outbound?p=chemspider&param=67163177,NaN,NaN,460.812941577486,438.609730355136,550.811813115506,580.007965087744,425.204114914147,381.714297596972,382.220977782967,354.268205566905,435.8355102539,382.079471906557,369.718236627076,341.921630757389
0.78_341.1028m/z,CSID67163911,"Pyrazolo[1,5-a]pteridine",Sintético / Indefinido,NaN,C8H5N5,C1=CN=C2C(=N1)C=NC3=CC=NN32,"pyrazolo[1,5-a]pteridine",IXDKENVGFOBJPL-UHFFFAOYSA-N,37.7,0,3.10590578619663,92.1236699889247,234,0.0778000000000001,2M-H,NaN,NaN,NaN,NaN,No,No,NaN,http://nonlinear.com/redirect/outbound?p=chemspider&param=67163911,NaN,NaN,460.812941577486,438.609730355136,550.811813115506,580.007965087744,425.204114914147,381.714297596972,382.220977782967,354.268205566905,435.8355102539,382.079471906557,369.718236627076,341.921630757389
0.78_341.1028m/z,CSID67164574,7-Ethoxy-5-hydroxy-6-methoxy-3-(4-methoxyphenyl)-4H-chromen-4-one,Sintético / Indefinido,NaN,C19H18O6,NaN,NaN,NaN,36.2,0,-0.834355693911672,82.0341051585441,234,0.0778000000000001,M-H,NaN,NaN,NaN,NaN,No,No,NaN,http://nonlinear.com/redirect/outbound?p=chemspider&param=67164574,NaN,NaN,460.812941577486,438.609730355136,550.811813115506,580.007965087744,425.204114914147,381.714297596972,382.220977782967,354.268205566905,435.8355102539,382.079471906557,369.718236627076,341.921630757389
0.78_341.1028m/z,CSID67166081,"6-(1,3-Dithiepan-2-yl)-2-phenylchromane",Sintético / Indefinido,No,C20H22OS2,C1CCSC(SC1)C2=CC3=C(C=C2)OC(CC3)C4=CC=CC=C4,"6-(1,3-dithiepan-2-yl)-2-phenyl-3,4-dihydro-2H-chromene",LAIGMAWUOUESHE-UHFFFAOYSA-N,34,0,-3.3744632879635,74.0178014049253,234,0.0778000000000001,M-H,NaN,NaN,NaN,NaN,No,No,NaN,http://nonlinear.com/redirect/outbound?p=chemspider&param=67166081,NaN,NaN,460.812941577486,438.609730355136,550.811813115506,580.007965087744,425.204114914147,381.714297596972,382.220977782967,354.268205566905,435.8355102539,382.079471906557,369.718236627076,341.921630757389
0.78_341.1028m/z,CSID67166312,"4H-[1,2,3]Triazolo[4,5-g]quinoxaline",Sintético / Indefinido,NaN,C8H5N5,NaN,NaN,NaN,37.7,0,3.10590578619663,92.1236699889247,234,0.0778000000000001,2M-H,NaN,NaN,NaN,NaN,No,No,NaN,http://nonlinear.com/redirect/outbound?p=chemspider&param=67166312,NaN,NaN,460.812941577486,438.609730355136,550.811813115506,580.007965087744,425.204114914147,381.714297596972,382.220977782967,354.268205566905,435.8355102539,382.079471906557,369.718236627076,341.921630757389
0.78_341.1028m/z,CSID67166609,Dibenzyl (hydroxymethoxy)(methoxy)malonate,Sintético / Indefinido,NaN,C19H20O7,NaN,NaN,NaN,36.2,0,-0.793493812975749,81.8210990423586,234,0.0778000000000001,M-H2O-H,NaN,NaN,NaN,NaN,No,No,NaN,http://nonlinear.com/redirect/outbound?p=chemspider&param=67166609,NaN,NaN,460.812941577486,438.609730355136,550.811813115506,580.007965087744,425.204114914147,381.714297596972,382.220977782967,354.268205566905,435.8355102539,382.079471906557,369.718236627076,341.921630757389
0.78_341.1028m/z,CSID67168608,"9H-Pyrido[2′,3′:3,4]cyclopenta[1,2-e][1,2,3,4]tetrazine",Sintético / Indefinido,NaN,C8H5N5,NaN,NaN,NaN,37.7,0,3.10590578619663,92.1236699889247,234,0.0778000000000001,2M-H,NaN,NaN,NaN,NaN,No,No,NaN,http://nonlinear.com/redirect/outbound?p=chemspider&param=67168608,NaN,NaN,460.812941577486,438.609730355136,550.811813115506,580.007965087744,425.204114914147,381.714297596972,382.220977782967,354.268205566905,435.8355102539,382.079471906557,369.718236627076,341.921630757389
0.78_341.1028m/z,CSID67169896,"Pyrazolo[3,4-d]pyrimido[1,2-a]pyrimidine",Sintético / Indefinido,NaN,C8H5N5,C1=CN2C=C3C=NN=C3N=C2N=C1,"1,5,6,8,10-pentazatricyclo[7.4.0.03,7]trideca-2,4,6,8,10,12-hexaene",FXBKXAWHDXBUOB-UHFFFAOYSA-N,37.7,0,3.10590578619663,92.1236699889247,234,0.0778000000000001,2M-H,NaN,NaN,NaN,NaN,No,No,NaN,http://nonlinear.com/redirect/outbound?p=chemspider&param=67169896,NaN,NaN,460.812941577486,438.609730355136,550.811813115506,580.007965087744,425.204114914147,381.714297596972,382.220977782967,354.268205566905,435.8355102539,382.079471906557,369.718236627076,341.921630757389
0.78_341.1028m/z,CSID67170430,"Tetrazolo[5,1-b]quinazoline",Sintético / Indefinido,NaN,C8H5N5,C1=CC2=CN3C(=NN=N3)N=C2C=C1,"tetrazolo[5,1-b]quinazoline",LRPZDJMQNCQWMO-UHFFFAOYSA-N,37.7,0,3.10590578619663,92.1236699889247,234,0.0778000000000001,2M-H,NaN,NaN,NaN,NaN,No,No,NaN,http://nonlinear.com/redirect/outbound?p=chemspider&param=67170430,NaN,NaN,460.812941577486,438.609730355136,550.811813115506,580.007965087744,425.204114914147,381.714297596972,382.220977782967,354.268205566905,435.8355102539,382.079471906557,369.718236627076,341.921630757389
0.78_341.1028m/z,CSID67170646,"Imidazo[1′,5′:1,2]pyrido[4,3-d][1,2,3]triazine",Sintético / Indefinido,NaN,C8H5N5,NaN,NaN,NaN,37.7,0,3.10590578619663,92.1236699889247,234,0.0778000000000001,2M-H,NaN,NaN,NaN,NaN,No,No,NaN,http://nonlinear.com/redirect/outbound?p=chemspider&param=67170646,NaN,NaN,460.812941577486,438.609730355136,550.811813115506,580.007965087744,425.204114914147,381.714297596972,382.220977782967,354.268205566905,435.8355102539,382.079471906557,369.718236627076,341.921630757389
0.78_341.1028m/z,CSID67170650,"3-(4-Nitrophenyl)-4-phenyl-1,8-naphthyridin-2-amine",Sintético / Indefinido,NaN,C20H14N4O2,C1=CC=C(C=C1)C2=C3C=CC=NC3=NC(=C2C4=CC=C(C=C4)[N+](=O)[O-])N,"3-(4-nitrophenyl)-4-phenyl-1,8-naphthyridin-2-amine",OEQBKMSDURJLOY-UHFFFAOYSA-N,35.1,0,-4.74535604108403,80.7875935969715,234,0.0778000000000001,M-H,NaN,NaN,NaN,NaN,No,No,NaN,http://nonlinear.com/redirect/outbound?p=chemspider&param=67170650,NaN,NaN,460.812941577486,438.609730355136,550.811813115506,580.007965087744,425.204114914147,381.714297596972,382.220977782967,354.268205566905,435.8355102539,382.079471906557,369.718236627076,341.921630757389
0.78_341.1028m/z,CSID67170739,"Pyrido[2′,3′:3,4]pyrazolo[5,1-c][1,2,4]triazine",Sintético / Indefinido,NaN,C8H5N5,C1=CC2=C3N=NC=CN3N=C2N=C1,"3,4,7,8,10-pentazatricyclo[7.4.0.02,7]trideca-1,3,5,8,10,12-hexaene",PYIFAISCNCVLKF-UHFFFAOYSA-N,37.7,0,3.10590578619663,92.1236699889247,234,0.0778000000000001,2M-H,NaN,NaN,NaN,NaN,No,No,NaN,http://nonlinear.com/redirect/outbound?p=chemspider&param=67170739,NaN,NaN,460.812941577486,438.609730355136,550.811813115506,580.007965087744,425.204114914147,381.714297596972,382.220977782967,354.268205566905,435.8355102539,382.079471906557,369.718236627076,341.921630757389
0.78_341.1028m/z,CSID67171607,"Pyrido[3′,2′:4,5]imidazo[1,2-d][1,2,4]triazine",Sintético / Indefinido,NaN,C8H5N5,C1=CC2=C(N=C1)N3C=NN=CC3=N2,"1,3,8,11,12-pentazatricyclo[7.4.0.02,7]trideca-2(7),3,5,8,10,12-hexaene",NMXJLEJROIYEEW-UHFFFAOYSA-N,37.7,0,3.10590578619663,92.1236699889247,234,0.0778000000000001,2M-H,NaN,NaN,NaN,NaN,No,No,NaN,http://nonlinear.com/redirect/outbound?p=chemspider&param=67171607,NaN,NaN,460.812941577486,438.609730355136,550.811813115506,580.007965087744,425.204114914147,381.714297596972,382.220977782967,354.268205566905,435.8355102539,382.079471906557,369.718236627076,341.921630757389
0.78_341.1028m/z,CSID67171808,"2,6,8-Trihydroxy-3-methoxy-1-(3-methyl-2-buten-1-yl)-9H-xanthen-9-one",Sintético / Indefinido,NaN,C19H18O6,NaN,NaN,NaN,36.2,0,-0.834355693911672,82.0341051585441,234,0.0778000000000001,M-H,NaN,NaN,NaN,NaN,No,No,NaN,http://nonlinear.com/redirect/outbound?p=chemspider&param=67171808,NaN,NaN,460.812941577486,438.609730355136,550.811813115506,580.007965087744,425.204114914147,381.714297596972,382.220977782967,354.268205566905,435.8355102539,382.079471906557,369.718236627076,341.921630757389
0.78_341.1028m/z,CSID67173177,"5-Hydroxy-7-methyl-4-(3,4,5-trimethoxyphenyl)-2H-chromen-2-one",Sintético / Indefinido,NaN,C19H18O6,NaN,NaN,NaN,36.2,0,-0.834355693911672,82.0341051585441,234,0.0778000000000001,M-H,NaN,NaN,NaN,NaN,No,No,NaN,http://nonlinear.com/redirect/outbound?p=chemspider&param=67173177,NaN,NaN,460.812941577486,438.609730355136,550.811813115506,580.007965087744,425.204114914147,381.714297596972,382.220977782967,354.268205566905,435.8355102539,382.079471906557,369.718236627076,341.921630757389
0.78_341.1028m/z,CSID67176320,"2H-2,3,5,6,9-Pentaazabenzo[cd]azulene",Sintético / Indefinido,NaN,C8H5N5,NaN,NaN,NaN,37.7,0,3.10590578619663,92.1236699889247,234,0.0778000000000001,2M-H,NaN,NaN,NaN,NaN,No,No,NaN,http://nonlinear.com/redirect/outbound?p=chemspider&param=67176320,NaN,NaN,460.812941577486,438.609730355136,550.811813115506,580.007965087744,425.204114914147,381.714297596972,382.220977782967,354.268205566905,435.8355102539,382.079471906557,369.718236627076,341.921630757389
0.78_341.1028m/z,CSID67177072,"1H-Pyrrolo[2′,3′:5,6]pyrazino[2,3-d]pyridazine",Sintético / Indefinido,NaN,C8H5N5,C1=C2C(=NC3=CNN=CC3=N2)N=C1,"2,4,8,11,12-pentazatricyclo[7.4.0.03,7]trideca-1(13),2,4,6,8,10-hexaene",DGIVFDOJNONOBC-UHFFFAOYSA-N,37.7,0,3.10590578619663,92.1236699889247,234,0.0778000000000001,2M-H,NaN,NaN,NaN,NaN,No,No,NaN,http://nonlinear.com/redirect/outbound?p=chemspider&param=67177072,NaN,NaN,460.812941577486,438.609730355136,550.811813115506,580.007965087744,425.204114914147,381.714297596972,382.220977782967,354.268205566905,435.8355102539,382.079471906557,369.718236627076,341.921630757389
0.78_341.1028m/z,CSID67492218,"2,3-Porphyrindiol",Sintético / Indefinido,NaN,C20H14N4O2,NaN,NaN,NaN,35.1,0,-4.74535604108403,80.7875935969715,234,0.0778000000000001,M-H,NaN,NaN,NaN,NaN,No,No,NaN,http://nonlinear.com/redirect/outbound?p=chemspider&param=67492218,NaN,NaN,460.812941577486,438.609730355136,550.811813115506,580.007965087744,425.204114914147,381.714297596972,382.220977782967,354.268205566905,435.8355102539,382.079471906557,369.718236627076,341.921630757389
0.78_341.1028m/z,CSID67497540,"1,3-Dibenzyl-5-nitro-1,3-dihydro-2H-imidazo[4,5-b]pyridin-2-one",Sintético / Indefinido,NaN,C20H16N4O3,NaN,NaN,NaN,35.1,0,-4.50611911231003,80.5771566010241,234,0.0778000000000001,M-H2O-H,NaN,NaN,NaN,NaN,No,No,NaN,http://nonlinear.com/redirect/outbound?p=chemspider&param=67497540,NaN,NaN,460.812941577486,438.609730355136,550.811813115506,580.007965087744,425.204114914147,381.714297596972,382.220977782967,354.268205566905,435.8355102539,382.079471906557,369.718236627076,341.921630757389
0.78_341.1028m/z,CSID74852605,"3-(3,4-Dimethoxyphenyl)-5-hydroxy-7-methoxy-8-methyl-4H-chromen-4-one",Sintético / Indefinido,NaN,C19H18O6,CC1=C(C=C(C2=C1OC=C(C2=O)C3=CC(=C(C=C3)OC)OC)O)OC,"3-(3,4-dimethoxyphenyl)-5-hydroxy-7-methoxy-8-methylchromen-4-one",VQHJZNGYWOPFTE-UHFFFAOYSA-N,36.2,0,-0.834355693911672,82.0341051585441,234,0.0778000000000001,M-H,"3-(3,4-dimethoxyphenyl)-5-hydroxy-7-methoxy-8-methyl-4H-chromen-4-one is a methoxyisoflavone.",NaN,NaN,NaN,No,No,ChEBI,http://nonlinear.com/redirect/outbound?p=chemspider&param=74852605,NaN,NaN,460.812941577486,438.609730355136,550.811813115506,580.007965087744,425.204114914147,381.714297596972,382.220977782967,354.268205566905,435.8355102539,382.079471906557,369.718236627076,341.921630757389
0.78_341.1028m/z,CSID8150228,"7-Methoxy-2-(2,4,5-trimethoxyphenyl)-4H-chromen-4-one",Sintético / Indefinido,NaN,C19H18O6,NaN,NaN,NaN,36.2,0,-0.834355693911672,82.0341051585441,234,0.0778000000000001,M-H,NaN,NaN,NaN,NaN,No,No,NaN,http://nonlinear.com/redirect/outbound?p=chemspider&param=8150228,NaN,NaN,460.812941577486,438.609730355136,550.811813115506,580.007965087744,425.204114914147,381.714297596972,382.220977782967,354.268205566905,435.8355102539,382.079471906557,369.718236627076,341.921630757389
0.78_341.1028m/z,CSID8151364,"5-(6,7-Dimethoxy-3,4-dihydro-2H-chromen-3-yl)-2,3-dimethoxy-1,4-benzoquinone",Sintético / Indefinido,NaN,C19H20O7,NaN,NaN,NaN,36.2,0,-0.793493812975749,81.8210990423586,234,0.0778000000000001,M-H2O-H,NaN,NaN,NaN,NaN,No,No,NaN,http://nonlinear.com/redirect/outbound?p=chemspider&param=8151364,NaN,NaN,460.812941577486,438.609730355136,550.811813115506,580.007965087744,425.204114914147,381.714297596972,382.220977782967,354.268205566905,435.8355102539,382.079471906557,369.718236627076,341.921630757389
0.78_341.1028m/z,CSID8218554,"1,2,6-Trihydroxy-5-methoxy-7-(3-methyl-2-buten-1-yl)-9H-xanthen-9-one",Sintético / Indefinido,NaN,C19H18O6,NaN,NaN,NaN,36.2,0,-0.834355693911672,82.0341051585441,234,0.0778000000000001,M-H,NaN,NaN,NaN,NaN,No,No,NaN,http://nonlinear.com/redirect/outbound?p=chemspider&param=8218554,NaN,NaN,460.812941577486,438.609730355136,550.811813115506,580.007965087744,425.204114914147,381.714297596972,382.220977782967,354.268205566905,435.8355102539,382.079471906557,369.718236627076,341.921630757389
0.78_341.1028m/z,CSID8241491,"(2E)-3-(1,3-benzodioxol-5-yl)-1-(2,4,6-trimethoxyphenyl)prop-2-en-1-one",Sintético / Indefinido,NaN,C19H18O6,NaN,NaN,NaN,36.2,0,-0.834355693911672,82.0341051585441,234,0.0778000000000001,M-H,NaN,NaN,NaN,NaN,No,No,NaN,http://nonlinear.com/redirect/outbound?p=chemspider&param=8241491,NaN,NaN,460.812941577486,438.609730355136,550.811813115506,580.007965087744,425.204114914147,381.714297596972,382.220977782967,354.268205566905,435.8355102539,382.079471906557,369.718236627076,341.921630757389
0.78_341.1028m/z,CSID8279119,"Tetrazolo[1,5-a]quinoxaline",Sintético / Indefinido,NaN,C8H5N5,C1=CC=C2C(=C1)N=CC3=NN=NN23,"tetrazolo[1,5-a]quinoxaline",LGMVEBQKPYIMMI-UHFFFAOYSA-N,37.7,0,3.10590578619663,92.1236699889247,234,0.0778000000000001,2M-H,NaN,NaN,NaN,NaN,No,No,NaN,http://nonlinear.com/redirect/outbound?p=chemspider&param=8279119,NaN,NaN,460.812941577486,438.609730355136,550.811813115506,580.007965087744,425.204114914147,381.714297596972,382.220977782967,354.268205566905,435.8355102539,382.079471906557,369.718236627076,341.921630757389
0.78_341.1028m/z,CSID8580529,"3,6,8-trihydroxy-2-methoxy-1-(3-methylbut-2-en-1-yl)-9H-xanthen-9-one",Produto Natural,Yes,C19H18O6,CC(=CCC1=C(C(=CC2=C1C(=O)C3=C(C=C(C=C3O2)O)O)O)OC)C,"3,6,8-trihydroxy-2-methoxy-1-(3-methylbut-2-enyl)xanthen-9-one",JZLXKPGAABLTJE-UHFFFAOYSA-N,36.2,0,-0.834355693911672,82.0341051585441,234,0.0778000000000001,M-H,Dulxanthone D is a member of xanthones.,NaN,Small molecule,NaN,No,No,ChEBI,http://nonlinear.com/redirect/outbound?p=chemspider&param=8580529,NaN,NaN,460.812941577486,438.609730355136,550.811813115506,580.007965087744,425.204114914147,381.714297596972,382.220977782967,354.268205566905,435.8355102539,382.079471906557,369.718236627076,341.921630757389
0.78_341.1028m/z,CSID8625448,8-Hydroxy-7-{[(2E)-3-methyl-4-(4-methylene-5-oxotetrahydro-2-furanyl)-2-buten-1-yl]oxy}-2H-chromen-2-one,Sintético / Indefinido,NaN,C19H18O6,NaN,NaN,NaN,36.2,0,-0.834355693911672,82.0341051585441,234,0.0778000000000001,M-H,NaN,NaN,NaN,NaN,No,No,NaN,http://nonlinear.com/redirect/outbound?p=chemspider&param=8625448,NaN,NaN,460.812941577486,438.609730355136,550.811813115506,580.007965087744,425.204114914147,381.714297596972,382.220977782967,354.268205566905,435.8355102539,382.079471906557,369.718236627076,341.921630757389
0.78_341.1028m/z,CSID86762,Tetramethylscutellarein,Produto Natural,Yes,C19H18O6,COC1=CC=C(C=C1)C2=CC(=O)C3=C(C(=C(C=C3O2)OC)OC)OC,"5,6,7-trimethoxy-2-(4-methoxyphenyl)chromen-4-one",URSUMOWUGDXZHU-UHFFFAOYSA-N,36.2,0,-0.834355693911672,82.0341051585441,234,0.0778000000000001,M-H,"4',5,6,7-tetramethoxyflavone is a tetramethoxyflavone that is the tetra-O-methyl derivative of scutellarein. It has a role as an antimutagen and a plant metabolite. It is functionally related to a scutellarein.",NaN,Small molecule,NaN,No,No,ChEBI,http://nonlinear.com/redirect/outbound?p=chemspider&param=86762,NaN,NaN,460.812941577486,438.609730355136,550.811813115506,580.007965087744,425.204114914147,381.714297596972,382.220977782967,354.268205566905,435.8355102539,382.079471906557,369.718236627076,341.921630757389
0.78_341.1028m/z,CSID8935022,"1,5,6-Trihydroxy-3-methoxy-4-(3-methyl-2-buten-1-yl)-9H-xanthen-9-one",Sintético / Indefinido,NaN,C19H18O6,NaN,NaN,NaN,36.2,0,-0.834355693911672,82.0341051585441,234,0.0778000000000001,M-H,NaN,NaN,NaN,NaN,No,No,NaN,http://nonlinear.com/redirect/outbound?p=chemspider&param=8935022,NaN,NaN,460.812941577486,438.609730355136,550.811813115506,580.007965087744,425.204114914147,381.714297596972,382.220977782967,354.268205566905,435.8355102539,382.079471906557,369.718236627076,341.921630757389
0.78_341.1028m/z,CSID8936296,"(2E)-3-(4-Hydroxyphenyl)-1-(3-hydroxy-2,4,5,6-tetramethoxyphenyl)-2-propen-1-one",Sintético / Indefinido,NaN,C19H20O7,NaN,NaN,NaN,36.2,0,-0.793493812975749,81.8210990423586,234,0.0778000000000001,M-H2O-H,NaN,NaN,NaN,NaN,No,No,NaN,http://nonlinear.com/redirect/outbound?p=chemspider&param=8936296,NaN,NaN,460.812941577486,438.609730355136,550.811813115506,580.007965087744,425.204114914147,381.714297596972,382.220977782967,354.268205566905,435.8355102539,382.079471906557,369.718236627076,341.921630757389
0.78_341.1028m/z,CSID9177569,"2-(3,4-Dimethoxyphenyl)-5,7-dihydroxy-6,8-dimethyl-4H-chromen-4-one",Sintético / Indefinido,NaN,C19H18O6,NaN,NaN,NaN,36.2,0,-0.834355693911672,82.0341051585441,234,0.0778000000000001,M-H,NaN,NaN,NaN,NaN,No,No,NaN,http://nonlinear.com/redirect/outbound?p=chemspider&param=9177569,NaN,NaN,460.812941577486,438.609730355136,550.811813115506,580.007965087744,425.204114914147,381.714297596972,382.220977782967,354.268205566905,435.8355102539,382.079471906557,369.718236627076,341.921630757389
0.78_341.1028m/z,CSID9362005,"4,6,3′,4′-tetramethoxyaurone",Produto Natural,Yes,C19H18O6,COC1=C(C=C(C=C1)/C=C\2/C(=O)C3=C(O2)C=C(C=C3OC)OC)OC,"(2Z)-2-[(3,4-dimethoxyphenyl)methylidene]-4,6-dimethoxy-1-benzofuran-3-one",CVKDSGICIOMAGA-IUXPMGMMSA-N,36.2,0,-0.834355693911672,82.0341051585441,234,0.0778000000000001,M-H,"4,6,3',4'-tetramethoxyaurone is a methoxyaurone that is aureusidin in which the hydroxy groups at positions 4, 6, 3' and 4' have been replaced by methoxy groups respectively. It has been isolated from the roots of Cyperus teneriffae. It has a role as a plant metabolite. It is functionally related to an aureusidin.",NaN,Small molecule,NaN,No,No,ChEBI,http://nonlinear.com/redirect/outbound?p=chemspider&param=9362005,NaN,NaN,460.812941577486,438.609730355136,550.811813115506,580.007965087744,425.204114914147,381.714297596972,382.220977782967,354.268205566905,435.8355102539,382.079471906557,369.718236627076,341.921630757389
0.78_341.1028m/z,CSID9397187,"(1S,3R,5S,6S,10R,11S)-3-Methyl-9-methylene-8,14-dioxo-4,7,15-trioxatetracyclo[11.2.1.0~3,5~.0~6,10~]hexadec-13(16)-en-11-yl methacrylate",Sintético / Indefinido,NaN,C19H20O7,NaN,NaN,NaN,36.2,0,-0.793493812975749,81.8210990423586,234,0.0778000000000001,M-H2O-H,NaN,NaN,NaN,NaN,No,No,NaN,http://nonlinear.com/redirect/outbound?p=chemspider&param=9397187,NaN,NaN,460.812941577486,438.609730355136,550.811813115506,580.007965087744,425.204114914147,381.714297596972,382.220977782967,354.268205566905,435.8355102539,382.079471906557,369.718236627076,341.921630757389
0.78_341.1028m/z,CSID9442871,vieillardixanthone,Produto Natural,Yes,C19H18O6,CC(C)C(=C)C1=C(C=C(C2=C1OC3=C(C2=O)C=CC(=C3O)O)O)OC,"1,5,6-trihydroxy-3-methoxy-4-(3-methylbut-1-en-2-yl)xanthen-9-one",NSYLWTGDDXBREV-UHFFFAOYSA-N,36.2,0,-0.834355693911672,82.0341051585441,234,0.0778000000000001,M-H,"Vieillardixanthone is a member of the class of xanthones that is xanthone substituted by hydroxy groups at positions 1, 5 and 6, a methoxy group at position 3 and a 3-methylbut-1-en-2-yl group at position 4. Isolated from the stem barks of Garcinia vieillardii, it exhibits antioxidant activity. It has a role as an antioxidant and a metabolite. It is a member of phenols, an aromatic ether and a member of xanthones. It is functionally related to a xanthone.",NaN,Small molecule,NaN,No,No,ChEBI,http://nonlinear.com/redirect/outbound?p=chemspider&param=9442871,NaN,NaN,460.812941577486,438.609730355136,550.811813115506,580.007965087744,425.204114914147,381.714297596972,382.220977782967,354.268205566905,435.8355102539,382.079471906557,369.718236627076,341.921630757389
0.78_341.1028m/z,CSID9681330,2-Azidoquinazoline,Sintético / Indefinido,NaN,C8H5N5,NaN,NaN,NaN,37.7,0,3.10590578619663,92.1236699889247,234,0.0778000000000001,2M-H,NaN,NaN,NaN,NaN,No,No,NaN,http://nonlinear.com/redirect/outbound?p=chemspider&param=9681330,NaN,NaN,460.812941577486,438.609730355136,550.811813115506,580.007965087744,425.204114914147,381.714297596972,382.220977782967,354.268205566905,435.8355102539,382.079471906557,369.718236627076,341.921630757389
0.78_341.1028m/z,CSID9734316,"1,5,6-Trihydroxy-4-(3-hydroxy-3-methylbutyl)-3-methoxy-9H-xanthen-9-one",Sintético / Indefinido,NaN,C19H20O7,NaN,NaN,NaN,36.2,0,-0.793493812975749,81.8210990423586,234,0.0778000000000001,M-H2O-H,NaN,NaN,NaN,NaN,No,No,NaN,http://nonlinear.com/redirect/outbound?p=chemspider&param=9734316,NaN,NaN,460.812941577486,438.609730355136,550.811813115506,580.007965087744,425.204114914147,381.714297596972,382.220977782967,354.268205566905,435.8355102539,382.079471906557,369.718236627076,341.921630757389
0.78_341.1028m/z,CSID9967528,Clauslactone G,Sintético / Indefinido,NaN,C19H20O7,NaN,NaN,NaN,36.2,0,-0.793493812975749,81.8210990423586,234,0.0778000000000001,M-H2O-H,NaN,NaN,NaN,NaN,No,No,NaN,http://nonlinear.com/redirect/outbound?p=chemspider&param=9967528,NaN,NaN,460.812941577486,438.609730355136,550.811813115506,580.007965087744,425.204114914147,381.714297596972,382.220977782967,354.268205566905,435.8355102539,382.079471906557,369.718236627076,341.921630757389
0.78_341.1028m/z,HMDB29461,Zapotin,Produto Natural,Yes,C19H18O6,COC1=C(C(=CC=C1)OC)C2=CC(=O)C3=C(O2)C=CC(=C3OC)OC,"2-(2,6-dimethoxyphenyl)-5,6-dimethoxychromen-4-one",PBQMALAAFQMDSP-UHFFFAOYSA-N,36.2,0,-0.835216877365058,82.0341051585441,234,0.0778000000000001,M-H,Zapotin is an ether and a member of flavonoids.,NaN,Small molecule,NaN,No,No,ChEBI,http://nonlinear.com/redirect/outbound?p=hmdb&param=HMDB29461,NaN,NaN,460.812941577486,438.609730355136,550.811813115506,580.007965087744,425.204114914147,381.714297596972,382.220977782967,354.268205566905,435.8355102539,382.079471906557,369.718236627076,341.921630757389
0.78_341.1028m/z,HMDB30575,"4',5,6,7-Tetramethoxyflavone",Produto Natural,Yes,C19H18O6,COC1=CC=C(C=C1)C2=CC(=O)C3=C(C(=C(C=C3O2)OC)OC)OC,"5,6,7-trimethoxy-2-(4-methoxyphenyl)chromen-4-one",URSUMOWUGDXZHU-UHFFFAOYSA-N,36.2,0,-0.835216877365058,82.0341051585441,234,0.0778000000000001,M-H,"4',5,6,7-tetramethoxyflavone is a tetramethoxyflavone that is the tetra-O-methyl derivative of scutellarein. It has a role as an antimutagen and a plant metabolite. It is functionally related to a scutellarein.",NaN,Small molecule,NaN,No,No,ChEBI,http://nonlinear.com/redirect/outbound?p=hmdb&param=HMDB30575,NaN,NaN,460.812941577486,438.609730355136,550.811813115506,580.007965087744,425.204114914147,381.714297596972,382.220977782967,354.268205566905,435.8355102539,382.079471906557,369.718236627076,341.921630757389
0.78_341.1028m/z,HMDB31289,"1,4,6-Trihydroxy-5-methoxy-7-prenylxanthone",Produto Natural,Yes,C19H18O6,CC(=CCC1=CC2=C(C(=C1O)OC)OC3=C(C=CC(=C3C2=O)O)O)C,"1,4,6-trihydroxy-5-methoxy-7-(3-methylbut-2-enyl)xanthen-9-one",XOFZQNNUVXEIJS-UHFFFAOYSA-N,36.2,0,-0.835216877531214,82.0341051585441,234,0.0778000000000001,M-H,"1,4,6-Trihydroxy-5-methoxy-7-prenylxanthone is a member of xanthones.",NaN,Small molecule,NaN,No,No,ChEBI,http://nonlinear.com/redirect/outbound?p=hmdb&param=HMDB31289,NaN,NaN,460.812941577486,438.609730355136,550.811813115506,580.007965087744,425.204114914147,381.714297596972,382.220977782967,354.268205566905,435.8355102539,382.079471906557,369.718236627076,341.921630757389
0.78_341.1028m/z,HMDB31992,Dulxanthone A,Sintético / Indefinido,NaN,C19H18O6,CC(=CCC1=C(C=C(C2=C1OC3=C(C2=O)C=CC(=C3O)O)O)OC)C,"1,5,6-trihydroxy-3-methoxy-4-(3-methylbut-2-enyl)xanthen-9-one",RSXHTPBQFVJEBZ-UHFFFAOYSA-N,36.2,0,-0.835216877531214,82.0341051585441,234,0.0778000000000001,M-H,Dulxanthone A is a member of xanthones.,NaN,NaN,NaN,No,No,ChEBI,http://nonlinear.com/redirect/outbound?p=hmdb&param=HMDB31992,NaN,NaN,460.812941577486,438.609730355136,550.811813115506,580.007965087744,425.204114914147,381.714297596972,382.220977782967,354.268205566905,435.8355102539,382.079471906557,369.718236627076,341.921630757389
0.78_341.1028m/z,HMDB32736,Dulxanthone D,Produto Natural,Yes,C19H18O6,CC(=CCC1=C(C(=CC2=C1C(=O)C3=C(C=C(C=C3O2)O)O)O)OC)C,"3,6,8-trihydroxy-2-methoxy-1-(3-methylbut-2-enyl)xanthen-9-one",JZLXKPGAABLTJE-UHFFFAOYSA-N,36.2,0,-0.835216877531214,82.0341051585441,234,0.0778000000000001,M-H,Dulxanthone D is a member of xanthones.,NaN,Small molecule,NaN,No,No,ChEBI,http://nonlinear.com/redirect/outbound?p=hmdb&param=HMDB32736,NaN,NaN,460.812941577486,438.609730355136,550.811813115506,580.007965087744,425.204114914147,381.714297596972,382.220977782967,354.268205566905,435.8355102539,382.079471906557,369.718236627076,341.921630757389
0.78_341.1028m/z,HMDB34182,"1,5,8-Trihydroxy-3-methyl-2-prenylxanthone",Sintético / Indefinido,NaN,C19H18O6,CC(=CCC1=C(C=C2C(=C1O)C(=O)C3=C(C=CC(=C3O2)O)O)OC)C,"1,5,8-trihydroxy-3-methoxy-2-(3-methylbut-2-enyl)xanthen-9-one",AAANZTDKTFGJLZ-UHFFFAOYSA-N,36.2,0,-0.835216877531214,82.0341051585441,234,0.0778000000000001,M-H,"1,5,8-Trihydroxy-3-methyl-2-prenylxanthone is a member of xanthones.",NaN,NaN,NaN,No,No,ChEBI,http://nonlinear.com/redirect/outbound?p=hmdb&param=HMDB34182,NaN,NaN,460.812941577486,438.609730355136,550.811813115506,580.007965087744,425.204114914147,381.714297596972,382.220977782967,354.268205566905,435.8355102539,382.079471906557,369.718236627076,341.921630757389
0.78_341.1028m/z,HMDB35051,Gibberellin A59,Sintético / Indefinido,NaN,C19H20O7,C=C1C[C@]23C[C@]1(CC[C@H]2[C@]45CC=C[C@]([C@H]4[C@@H]3C(=O)O)(C(=O)O5)C(=O)O)O,"(1R,2R,5S,8S,9S,10R,11R)-5-hydroxy-6-methylidene-16-oxo-15-oxapentacyclo[9.3.2.15,8.01,10.02,8]heptadec-12-ene-9,11-dicarboxylic acid",OCSSJFLGODGXOU-ZGHMGGRHSA-N,36.2,0,-0.793433611113306,81.8210990423586,234,0.0778000000000001,M-H2O-H,NaN,NaN,NaN,NaN,No,No,NaN,http://nonlinear.com/redirect/outbound?p=hmdb&param=HMDB35051,NaN,NaN,460.812941577486,438.609730355136,550.811813115506,580.007965087744,425.204114914147,381.714297596972,382.220977782967,354.268205566905,435.8355102539,382.079471906557,369.718236627076,341.921630757389
0.78_341.1028m/z,HMDB40910,Heteroflavanone A,Sintético / Indefinido,NaN,C19H20O7,COC1=CC(=C2C(=O)CC(OC2=C1)C3=C(C=C(C=C3OC)OC)OC)O,"5-hydroxy-7-methoxy-2-(2,4,6-trimethoxyphenyl)-2,3-dihydrochromen-4-one",JEXUYOSYJIRTIF-UHFFFAOYSA-N,36.2,0,-0.793433611113306,81.8210990423586,234,0.0778000000000001,M-H2O-H,Heteroflavanone A is an ether and a member of flavonoids.,NaN,NaN,NaN,No,No,ChEBI,http://nonlinear.com/redirect/outbound?p=hmdb&param=HMDB40910,NaN,NaN,460.812941577486,438.609730355136,550.811813115506,580.007965087744,425.204114914147,381.714297596972,382.220977782967,354.268205566905,435.8355102539,382.079471906557,369.718236627076,341.921630757389
0.78_341.1028m/z,HMDB41196,Edulisin IV,Sintético / Indefinido,NaN,C19H20O7,CCC(=O)O[C@H]1[C@H](OC2=C1C3=C(C=C2)C=CC(=O)O3)C(C)(C)OC(=O)C,"[(8S,9R)-8-(2-acetyloxypropan-2-yl)-2-oxo-8,9-dihydrofuro[2,3-h]chromen-9-yl] propanoate",YPBNKPNGOBYSJH-MSOLQXFVSA-N,36.2,0,-0.793433611113306,81.8210990423586,234,0.0778000000000001,M-H2O-H,Edulisin IV is a furanocoumarin.,NaN,NaN,NaN,No,No,ChEBI,http://nonlinear.com/redirect/outbound?p=hmdb&param=HMDB41196,NaN,NaN,460.812941577486,438.609730355136,550.811813115506,580.007965087744,425.204114914147,381.714297596972,382.220977782967,354.268205566905,435.8355102539,382.079471906557,369.718236627076,341.921630757389
0.78_341.1028m/z,LMPK12020087,"9,10-Dihydro-8-hydroxy-10-methyl-8H-pyrano[2,3-h]epicatechin",Sintético / Indefinido,NaN,C19H20O7,C[C@@H]1C[C@H](OC2=C1C3=C(C[C@H]([C@H](O3)C4=CC(=C(C=C4)O)O)O)C(=C2)O)O,"(2R,3R,8S,10R)-2-(3,4-dihydroxyphenyl)-10-methyl-2,3,4,8,9,10-hexahydropyrano[2,3-f]chromene-3,5,8-triol",KLFQXCVGEVYPOF-FMSUVHIHSA-N,36.2,0,-0.793433611271152,81.8210990423586,234,0.0778000000000001,M-H2O-H,NaN,NaN,NaN,NaN,No,No,NaN,http://www.lipidmaps.org/data/LMSDRecord.php?LMID=LMPK12020087,NaN,NaN,460.812941577486,438.609730355136,550.811813115506,580.007965087744,425.204114914147,381.714297596972,382.220977782967,354.268205566905,435.8355102539,382.079471906557,369.718236627076,341.921630757389
0.78_341.1028m/z,LMPK12020088,Pyranochromene,Sintético / Indefinido,NaN,C19H20O7,C[C@H]1C[C@@H](OC2=C1C3=C(C[C@H]([C@H](O3)C4=CC(=C(C=C4)O)O)O)C(=C2)O)O,"(2R,3R,8R,10S)-2-(3,4-dihydroxyphenyl)-10-methyl-2,3,4,8,9,10-hexahydropyrano[2,3-f]chromene-3,5,8-triol",KLFQXCVGEVYPOF-PCPPRTPOSA-N,36.2,0,-0.793433611271152,81.8210990423586,234,0.0778000000000001,M-H2O-H,Pyranochromene is a catechin.,NaN,NaN,NaN,No,No,ChEBI,http://www.lipidmaps.org/data/LMSDRecord.php?LMID=LMPK12020088,NaN,NaN,460.812941577486,438.609730355136,550.811813115506,580.007965087744,425.204114914147,381.714297596972,382.220977782967,354.268205566905,435.8355102539,382.079471906557,369.718236627076,341.921630757389
0.78_341.1028m/z,LMPK12020153,Elaeocyanidin,Sintético / Indefinido,NaN,C19H20O7,CC1(C2=C(C(=C(C=C2[C@@H]3[C@@H](O1)CC4=C(C=C(C=C4O3)O)O)O)OC)O)C,"(6aS,12aR)-3-methoxy-5,5-dimethyl-7,12a-dihydro-6aH-isochromeno[4,3-b]chromene-2,4,8,10-tetrol",UEYVPAAGIXRIKF-WMLDXEAASA-N,36.2,0,-0.793433611271152,81.8210990423586,234,0.0778000000000001,M-H2O-H,NaN,NaN,NaN,NaN,No,No,NaN,http://www.lipidmaps.org/data/LMSDRecord.php?LMID=LMPK12020153,NaN,NaN,460.812941577486,438.609730355136,550.811813115506,580.007965087744,425.204114914147,381.714297596972,382.220977782967,354.268205566905,435.8355102539,382.079471906557,369.718236627076,341.921630757389
0.78_341.1028m/z,LMPK12050091,"7,2',4',5'-Tetramethoxyisoflavone",Produto Natural,Yes,C19H18O6,COC1=CC2=C(C=C1)C(=O)C(=CO2)C3=CC(=C(C=C3OC)OC)OC,"7-methoxy-3-(2,4,5-trimethoxyphenyl)chromen-4-one",LMCHYXAZXISBOS-UHFFFAOYSA-N,36.2,0,-0.835216877531214,82.0341051585441,234,0.0778000000000001,M-H,Lmpk12050091 is a methoxyisoflavone.,NaN,Small molecule,NaN,No,No,ChEBI,http://www.lipidmaps.org/data/LMSDRecord.php?LMID=LMPK12050091,NaN,NaN,460.812941577486,438.609730355136,550.811813115506,580.007965087744,425.204114914147,381.714297596972,382.220977782967,354.268205566905,435.8355102539,382.079471906557,369.718236627076,341.921630757389
0.78_341.1028m/z,LMPK12050117,"6,7,3',4'-Tetramethoxyisoflavone",Produto Natural,Yes,C19H18O6,COC1=C(C=C(C=C1)C2=COC3=CC(=C(C=C3C2=O)OC)OC)OC,"3-(3,4-dimethoxyphenyl)-6,7-dimethoxychromen-4-one",OYSKBZHHLYECLU-UHFFFAOYSA-N,36.2,0,-0.835216877531214,82.0341051585441,234,0.0778000000000001,M-H,NaN,NaN,Small molecule,NaN,No,No,NaN,http://www.lipidmaps.org/data/LMSDRecord.php?LMID=LMPK12050117,NaN,NaN,460.812941577486,438.609730355136,550.811813115506,580.007965087744,425.204114914147,381.714297596972,382.220977782967,354.268205566905,435.8355102539,382.079471906557,369.718236627076,341.921630757389
0.78_341.1028m/z,LMPK12060021,Munduserone,Sintético / Indefinido,NaN,C19H18O6,COC1=CC2=C(C=C1)C(=O)C3C(O2)COC4=CC(=C(C=C34)OC)OC,"2,3,9-trimethoxy-6a,12a-dihydro-6H-chromeno[3,4-b]chromen-12-one",PYRZRPSTTNKOCS-UHFFFAOYSA-N,36.2,0,-0.835216877531214,82.0341051585441,234,0.0778000000000001,M-H,NaN,NaN,NaN,NaN,No,No,NaN,http://www.lipidmaps.org/data/LMSDRecord.php?LMID=LMPK12060021,NaN,NaN,460.812941577486,438.609730355136,550.811813115506,580.007965087744,425.204114914147,381.714297596972,382.220977782967,354.268205566905,435.8355102539,382.079471906557,369.718236627076,341.921630757389
0.78_341.1028m/z,LMPK12070088,"8-Hydroxy-3,4,9,10-tetramethoxypterocarpan",Sintético / Indefinido,NaN,C19H20O7,COC1=C(C2=C(C=C1)C3C(CO2)C4=CC(=C(C(=C4O3)OC)OC)O)OC,"3,4,9,10-tetramethoxy-6a,11a-dihydro-6H-[1]benzofuro[3,2-c]chromen-8-ol",AAAQSJHHXMDZCO-UHFFFAOYSA-N,36.2,0,-0.793433611271152,81.8210990423586,234,0.0778000000000001,M-H2O-H,NaN,NaN,NaN,NaN,No,No,NaN,http://www.lipidmaps.org/data/LMSDRecord.php?LMID=LMPK12070088,NaN,NaN,460.812941577486,438.609730355136,550.811813115506,580.007965087744,425.204114914147,381.714297596972,382.220977782967,354.268205566905,435.8355102539,382.079471906557,369.718236627076,341.921630757389
0.78_341.1028m/z,LMPK12070156,Bryacarpene 3,Sintético / Indefinido,NaN,C19H18O6,COC1=CC2=C(C=C1)C3=C(CO2)C4=CC(=C(C(=C4O3)OC)OC)OC,"3,8,9,10-tetramethoxy-6H-[1]benzofuro[3,2-c]chromene",POIDJPZIKAENEO-UHFFFAOYSA-N,36.2,0,-0.835216877531214,82.0341051585441,234,0.0778000000000001,M-H,NaN,NaN,NaN,NaN,No,No,NaN,http://www.lipidmaps.org/data/LMSDRecord.php?LMID=LMPK12070156,NaN,NaN,460.812941577486,438.609730355136,550.811813115506,580.007965087744,425.204114914147,381.714297596972,382.220977782967,354.268205566905,435.8355102539,382.079471906557,369.718236627076,341.921630757389
0.78_341.1028m/z,LMPK12080055,Abruquinone A,Sintético / Indefinido,NaN,C19H20O7,COC1=C(C=C2C(=C1)C[C@H](CO2)C3=CC(=O)C(=C(C3=O)OC)OC)OC,"5-[(3S)-6,7-dimethoxy-3,4-dihydro-2H-chromen-3-yl]-2,3-dimethoxycyclohexa-2,5-diene-1,4-dione",ILLAZKQERSVUDX-LLVKDONJSA-N,36.2,0,-0.793433611271152,81.8210990423586,234,0.0778000000000001,M-H2O-H,NaN,NaN,NaN,NaN,No,No,NaN,http://www.lipidmaps.org/data/LMSDRecord.php?LMID=LMPK12080055,NaN,NaN,460.812941577486,438.609730355136,550.811813115506,580.007965087744,425.204114914147,381.714297596972,382.220977782967,354.268205566905,435.8355102539,382.079471906557,369.718236627076,341.921630757389
0.78_341.1028m/z,LMPK12110054,"7,2',4',5'-Tetramethoxyflavone",Produto Natural,Yes,C19H18O6,COC1=CC2=C(C=C1)C(=O)C=C(O2)C3=CC(=C(C=C3OC)OC)OC,"7-methoxy-2-(2,4,5-trimethoxyphenyl)chromen-4-one",WNAGNQBPWYEERY-UHFFFAOYSA-N,36.2,0,-0.835216877531214,82.0341051585441,234,0.0778000000000001,M-H,NaN,NaN,Small molecule,NaN,No,No,NaN,http://www.lipidmaps.org/data/LMSDRecord.php?LMID=LMPK12110054,NaN,NaN,460.812941577486,438.609730355136,550.811813115506,580.007965087744,425.204114914147,381.714297596972,382.220977782967,354.268205566905,435.8355102539,382.079471906557,369.718236627076,341.921630757389
0.78_341.1028m/z,LMPK12110091,Zapotin,Produto Natural,Yes,C19H18O6,COC1=C(C(=CC=C1)OC)C2=CC(=O)C3=C(O2)C=CC(=C3OC)OC,"2-(2,6-dimethoxyphenyl)-5,6-dimethoxychromen-4-one",PBQMALAAFQMDSP-UHFFFAOYSA-N,36.2,0,-0.835216877531214,82.0341051585441,234,0.0778000000000001,M-H,Zapotin is an ether and a member of flavonoids.,NaN,Small molecule,NaN,No,No,ChEBI,http://www.lipidmaps.org/data/LMSDRecord.php?LMID=LMPK12110091,NaN,NaN,460.812941577486,438.609730355136,550.811813115506,580.007965087744,425.204114914147,381.714297596972,382.220977782967,354.268205566905,435.8355102539,382.079471906557,369.718236627076,341.921630757389
0.78_341.1028m/z,LMPK12110105,Cerrosillin,Sintético / Indefinido,NaN,C19H18O6,COC1=C(C2=C(C=C1)OC(=CC2=O)C3=CC(=CC(=C3)OC)OC)OC,"2-(3,5-dimethoxyphenyl)-5,6-dimethoxychromen-4-one",OVNSWJOCOLCOSB-UHFFFAOYSA-N,36.2,0,-0.835216877531214,82.0341051585441,234,0.0778000000000001,M-H,NaN,NaN,NaN,NaN,No,No,NaN,http://www.lipidmaps.org/data/LMSDRecord.php?LMID=LMPK12110105,NaN,NaN,460.812941577486,438.609730355136,550.811813115506,580.007965087744,425.204114914147,381.714297596972,382.220977782967,354.268205566905,435.8355102539,382.079471906557,369.718236627076,341.921630757389
0.78_341.1028m/z,LMPK12110133,"5,7,2',5'-tetramethoxyflavone",Sintético / Indefinido,NaN,C19H18O6,COC1=CC(=C(C=C1)OC)C2=CC(=O)C3=C(O2)C=C(C=C3OC)OC,"2-(2,5-dimethoxyphenyl)-5,7-dimethoxychromen-4-one",LIOJFJYPMYGQFI-UHFFFAOYSA-N,36.2,0,-0.835216877531214,82.0341051585441,234,0.0778000000000001,M-H,NaN,NaN,NaN,NaN,No,No,NaN,http://www.lipidmaps.org/data/LMSDRecord.php?LMID=LMPK12110133,NaN,NaN,460.812941577486,438.609730355136,550.811813115506,580.007965087744,425.204114914147,381.714297596972,382.220977782967,354.268205566905,435.8355102539,382.079471906557,369.718236627076,341.921630757389
0.78_341.1028m/z,LMPK12110830,"5,7-Dihydroxy-3',4'-dimethoxy-6,8-dimethylflavone",Sintético / Indefinido,NaN,C19H18O6,CC1=C(C(=C2C(=C1O)C(=O)C=C(O2)C3=CC(=C(C=C3)OC)OC)C)O,"2-(3,4-dimethoxyphenyl)-5,7-dihydroxy-6,8-dimethylchromen-4-one",UIFRXEHXPRFGTF-UHFFFAOYSA-N,36.2,0,-0.835216877531214,82.0341051585441,234,0.0778000000000001,M-H,NaN,NaN,NaN,NaN,No,No,NaN,http://www.lipidmaps.org/data/LMSDRecord.php?LMID=LMPK12110830,NaN,NaN,460.812941577486,438.609730355136,550.811813115506,580.007965087744,425.204114914147,381.714297596972,382.220977782967,354.268205566905,435.8355102539,382.079471906557,369.718236627076,341.921630757389
0.78_341.1028m/z,LMPK12110944,"Norartocarpetin 5,7,2',4'-tetramethyl ether",Produto Natural,Yes,C19H18O6,COC1=CC(=C(C=C1)C2=CC(=O)C3=C(O2)C=C(C=C3OC)OC)OC,"2-(2,4-dimethoxyphenyl)-5,7-dimethoxychromen-4-one",VJCVZHAFFDEHIW-UHFFFAOYSA-N,36.2,0,-0.835216877531214,82.0341051585441,234,0.0778000000000001,M-H,NaN,NaN,NaN,NaN,No,No,NaN,http://www.lipidmaps.org/data/LMSDRecord.php?LMID=LMPK12110944,NaN,NaN,460.812941577486,438.609730355136,550.811813115506,580.007965087744,425.204114914147,381.714297596972,382.220977782967,354.268205566905,435.8355102539,382.079471906557,369.718236627076,341.921630757389
0.78_341.1028m/z,LMPK12111074,"Luteolin 5,7,3',4'-tetramethyl ether",Produto Natural,Yes,C19H18O6,COC1=C(C=C(C=C1)C2=CC(=O)C3=C(O2)C=C(C=C3OC)OC)OC,"2-(3,4-dimethoxyphenyl)-5,7-dimethoxychromen-4-one",CLXVBVLQKLQNRQ-UHFFFAOYSA-N,36.2,0,-0.835216877531214,82.0341051585441,234,0.0778000000000001,M-H,NaN,NaN,Small molecule,NaN,No,No,NaN,http://www.lipidmaps.org/data/LMSDRecord.php?LMID=LMPK12111074,NaN,NaN,460.812941577486,438.609730355136,550.811813115506,580.007965087744,425.204114914147,381.714297596972,382.220977782967,354.268205566905,435.8355102539,382.079471906557,369.718236627076,341.921630757389
0.78_341.1028m/z,LMPK12111167,"Scutellarein 5,6,7,4'-tetramethyl ether",Produto Natural,Yes,C19H18O6,COC1=CC=C(C=C1)C2=CC(=O)C3=C(C(=C(C=C3O2)OC)OC)OC,"5,6,7-trimethoxy-2-(4-methoxyphenyl)chromen-4-one",URSUMOWUGDXZHU-UHFFFAOYSA-N,36.2,0,-0.835216877531214,82.0341051585441,234,0.0778000000000001,M-H,"4',5,6,7-tetramethoxyflavone is a tetramethoxyflavone that is the tetra-O-methyl derivative of scutellarein. It has a role as an antimutagen and a plant metabolite. It is functionally related to a scutellarein.",NaN,Small molecule,NaN,No,No,ChEBI,http://www.lipidmaps.org/data/LMSDRecord.php?LMID=LMPK12111167,NaN,NaN,460.812941577486,438.609730355136,550.811813115506,580.007965087744,425.204114914147,381.714297596972,382.220977782967,354.268205566905,435.8355102539,382.079471906557,369.718236627076,341.921630757389
0.78_341.1028m/z,LMPK12111369,"4',5,7,8-Tetramethoxyflavone",Produto Natural,Yes,C19H18O6,COC1=CC=C(C=C1)C2=CC(=O)C3=C(O2)C(=C(C=C3OC)OC)OC,"5,7,8-trimethoxy-2-(4-methoxyphenyl)chromen-4-one",DDGJUTBQQURRGE-UHFFFAOYSA-N,36.2,0,-0.835216877531214,82.0341051585441,234,0.0778000000000001,M-H,6-Demethoxytangeretin is an ether and a member of flavonoids.,NaN,Small molecule,NaN,No,No,ChEBI,http://www.lipidmaps.org/data/LMSDRecord.php?LMID=LMPK12111369,NaN,NaN,460.812941577486,438.609730355136,550.811813115506,580.007965087744,425.204114914147,381.714297596972,382.220977782967,354.268205566905,435.8355102539,382.079471906557,369.718236627076,341.921630757389
0.78_341.1028m/z,LMPK12111434,"5,6,7,8-Tetramethoxyflavone",Sintético / Indefinido,NaN,C19H18O6,COC1=C(C(=C(C2=C1C(=O)C=C(O2)C3=CC=CC=C3)OC)OC)OC,"5,6,7,8-tetramethoxy-2-phenylchromen-4-one",HLBQIAYRCJIRCQ-UHFFFAOYSA-N,36.2,0,-0.835216877531214,82.0341051585441,234,0.0778000000000001,M-H,NaN,NaN,NaN,NaN,No,No,NaN,http://www.lipidmaps.org/data/LMSDRecord.php?LMID=LMPK12111434,NaN,NaN,460.812941577486,438.609730355136,550.811813115506,580.007965087744,425.204114914147,381.714297596972,382.220977782967,354.268205566905,435.8355102539,382.079471906557,369.718236627076,341.921630757389
0.78_341.1028m/z,LMPK12111571,Fisetin tetramethyl ether,Produto Natural,Yes,C19H18O6,COC1=CC2=C(C=C1)C(=O)C(=C(O2)C3=CC(=C(C=C3)OC)OC)OC,"2-(3,4-dimethoxyphenyl)-3,7-dimethoxychromen-4-one",NAMFTZBUZYVNST-UHFFFAOYSA-N,36.2,0,-0.835216877531214,82.0341051585441,234,0.0778000000000001,M-H,NaN,NaN,Small molecule,NaN,No,No,NaN,http://www.lipidmaps.org/data/LMSDRecord.php?LMID=LMPK12111571,NaN,NaN,460.812941577486,438.609730355136,550.811813115506,580.007965087744,425.204114914147,381.714297596972,382.220977782967,354.268205566905,435.8355102539,382.079471906557,369.718236627076,341.921630757389
0.78_341.1028m/z,LMPK12112686,"6,8-Di-C-methylkaempferol 3,7-dimethyl ether",Sintético / Indefinido,NaN,C19H18O6,CC1=C(C2=C(C(=C1OC)C)OC(=C(C2=O)OC)C3=CC=C(C=C3)O)O,"5-hydroxy-2-(4-hydroxyphenyl)-3,7-dimethoxy-6,8-dimethylchromen-4-one",PCRPRSKMNFYFSI-UHFFFAOYSA-N,36.2,0,-0.835216877531214,82.0341051585441,234,0.0778000000000001,M-H,"6,8-Di-C-methylkaempferol 3,7-dimethyl ether is an ether and a member of flavonoids.",NaN,NaN,NaN,No,No,ChEBI,http://www.lipidmaps.org/data/LMSDRecord.php?LMID=LMPK12112686,NaN,NaN,460.812941577486,438.609730355136,550.811813115506,580.007965087744,425.204114914147,381.714297596972,382.220977782967,354.268205566905,435.8355102539,382.079471906557,369.718236627076,341.921630757389
0.78_341.1028m/z,LMPK12112695,8-Desmethylkalmiatin,Sintético / Indefinido,NaN,C19H18O6,CC1=C(C=C2C(=C1O)C(=O)C(=C(O2)C3=CC=C(C=C3)OC)OC)OC,"5-hydroxy-3,7-dimethoxy-2-(4-methoxyphenyl)-6-methylchromen-4-one",DFXKVAVMILIIHO-UHFFFAOYSA-N,36.2,0,-0.835216877531214,82.0341051585441,234,0.0778000000000001,M-H,NaN,NaN,NaN,NaN,No,No,NaN,http://www.lipidmaps.org/data/LMSDRecord.php?LMID=LMPK12112695,NaN,NaN,460.812941577486,438.609730355136,550.811813115506,580.007965087744,425.204114914147,381.714297596972,382.220977782967,354.268205566905,435.8355102539,382.079471906557,369.718236627076,341.921630757389
0.78_341.1028m/z,LMPK12112699,"3,5,7,4'-Tetramethoxyflavone",Produto Natural,Yes,C19H18O6,COC1=CC=C(C=C1)C2=C(C(=O)C3=C(O2)C=C(C=C3OC)OC)OC,"3,5,7-trimethoxy-2-(4-methoxyphenyl)chromen-4-one",YZWIIEJLESXODL-UHFFFAOYSA-N,36.2,0,-0.835216877531214,82.0341051585441,234,0.0778000000000001,M-H,NaN,NaN,Small molecule,NaN,No,No,NaN,http://www.lipidmaps.org/data/LMSDRecord.php?LMID=LMPK12112699,NaN,NaN,460.812941577486,438.609730355136,550.811813115506,580.007965087744,425.204114914147,381.714297596972,382.220977782967,354.268205566905,435.8355102539,382.079471906557,369.718236627076,341.921630757389
