Compound ID,Description,Natureza_Final,Natural_Product,Formula,SMILES,IUPAC Name,Score,Fragmentation Score,Isotope Similarity,Identifications,Information,Molecular_Uses,ChEMBL_Type,Max_Clinical_Phase,Is_Human_Metabolite,In_FooDB,Info_Source,m/z,InChIKey,HMDB_ID,FooDB_ID
CSID16587931,arg-ile-pro-ala,Metabólito Endógeno (HMDB),Yes,C20H37N7O5,NaN,NaN,38.7,1.62,96.626272980665,49,Fragmento de peptídeo identificado por sequenciamento.,NaN,Oligopeptide,NaN,Yes,Yes,Regras Locais (Peptídeo),454.27642327454,NaN,NaN,NaN
CSID16688145,pro-arg-ala-leu,Metabólito Endógeno (HMDB),Yes,C20H37N7O5,NaN,NaN,38.8,2.1,96.626272980665,49,Fragmento de peptídeo identificado por sequenciamento.,NaN,Oligopeptide,NaN,Yes,Yes,Regras Locais (Peptídeo),454.27642327454,NaN,NaN,NaN
CSID16687764,pro-ala-arg-ile,Metabólito Endógeno (HMDB),Yes,C20H37N7O5,NaN,NaN,38.8,2.1,96.626272980665,49,Fragmento de peptídeo identificado por sequenciamento.,NaN,Oligopeptide,NaN,Yes,Yes,Regras Locais (Peptídeo),454.27642327454,NaN,NaN,NaN
CSID16691742,pro-leu-arg-ala,Metabólito Endógeno (HMDB),Yes,C20H37N7O5,NaN,NaN,38.8,2.1,96.626272980665,49,Fragmento de peptídeo identificado por sequenciamento.,NaN,Oligopeptide,NaN,Yes,Yes,Regras Locais (Peptídeo),454.27642327454,NaN,NaN,NaN
CSID16581856,ala-pro-ile-arg,Metabólito Endógeno (HMDB),Yes,C20H37N7O5,NaN,NaN,40,8.52,96.626272980665,49,Fragmento de peptídeo identificado por sequenciamento.,NaN,Oligopeptide,NaN,Yes,Yes,Regras Locais (Peptídeo),454.27642327454,NaN,NaN,NaN
CSID16661436,leu-pro-ala-arg,Metabólito Endógeno (HMDB),Yes,C20H37N7O5,NaN,NaN,39.7,6.81,96.626272980665,49,Fragmento de peptídeo identificado por sequenciamento.,NaN,Oligopeptide,NaN,Yes,Yes,Regras Locais (Peptídeo),454.27642327454,NaN,NaN,NaN
CSID16648547,ile-arg-pro-ala,Metabólito Endógeno (HMDB),Yes,C20H37N7O5,NaN,NaN,39.3,4.68,96.626272980665,49,Fragmento de peptídeo identificado por sequenciamento.,NaN,Oligopeptide,NaN,Yes,Yes,Regras Locais (Peptídeo),454.27642327454,NaN,NaN,NaN
CSID16687765,pro-ala-arg-leu,Metabólito Endógeno (HMDB),Yes,C20H37N7O5,NaN,NaN,38.8,2.1,96.626272980665,49,Fragmento de peptídeo identificado por sequenciamento.,NaN,Oligopeptide,NaN,Yes,Yes,Regras Locais (Peptídeo),454.27642327454,NaN,NaN,NaN
CSID16589843,arg-pro-leu-ala,Metabólito Endógeno (HMDB),Yes,C20H37N7O5,NaN,NaN,38.7,1.62,96.626272980665,49,Fragmento de peptídeo identificado por sequenciamento.,NaN,Oligopeptide,NaN,Yes,Yes,Regras Locais (Peptídeo),454.27642327454,NaN,NaN,NaN
CSID16688144,pro-arg-ala-ile,Metabólito Endógeno (HMDB),Yes,C20H37N7O5,NaN,NaN,38.8,2.1,96.626272980665,49,Fragmento de peptídeo identificado por sequenciamento.,NaN,Oligopeptide,NaN,Yes,Yes,Regras Locais (Peptídeo),454.27642327454,NaN,NaN,NaN
CSID16691323,pro-ile-ala-arg,Metabólito Endógeno (HMDB),Yes,C20H37N7O5,NaN,NaN,38.8,2.1,96.626272980665,49,Fragmento de peptídeo identificado por sequenciamento.,NaN,Oligopeptide,NaN,Yes,Yes,Regras Locais (Peptídeo),454.27642327454,NaN,NaN,NaN
CSID16576789,ala-arg-pro-ile,Metabólito Endógeno (HMDB),Yes,C20H37N7O5,NaN,NaN,38.7,1.62,96.626272980665,49,Fragmento de peptídeo identificado por sequenciamento.,NaN,Oligopeptide,NaN,Yes,Yes,Regras Locais (Peptídeo),454.27642327454,NaN,NaN,NaN
CSID16587665,arg-ile-ala-pro,Metabólito Endógeno (HMDB),Yes,C20H37N7O5,NaN,NaN,38.8,2.18,96.626272980665,49,Fragmento de peptídeo identificado por sequenciamento.,NaN,Oligopeptide,NaN,Yes,Yes,Regras Locais (Peptídeo),454.27642327454,NaN,NaN,NaN
CSID16589656,arg-pro-ala-leu,Metabólito Endógeno (HMDB),Yes,C20H37N7O5,NaN,NaN,38.7,1.62,96.626272980665,49,Fragmento de peptídeo identificado por sequenciamento.,NaN,Oligopeptide,NaN,Yes,Yes,Regras Locais (Peptídeo),454.27642327454,NaN,NaN,NaN
CSID16688315,pro-arg-ile-ala,Metabólito Endógeno (HMDB),Yes,C20H37N7O5,NaN,NaN,38.8,2.1,96.626272980665,49,Fragmento de peptídeo identificado por sequenciamento.,NaN,Oligopeptide,NaN,Yes,Yes,Regras Locais (Peptídeo),454.27642327454,NaN,NaN,NaN
CSID16653463,ile-pro-ala-arg,Metabólito Endógeno (HMDB),Yes,C20H37N7O5,NaN,NaN,39.7,6.81,96.626272980665,49,Fragmento de peptídeo identificado por sequenciamento.,NaN,Oligopeptide,NaN,Yes,Yes,Regras Locais (Peptídeo),454.27642327454,NaN,NaN,NaN
CSID16581705,ala-pro-arg-ile,Metabólito Endógeno (HMDB),Yes,C20H37N7O5,NaN,NaN,40,8.52,96.626272980665,49,Fragmento de peptídeo identificado por sequenciamento.,NaN,Oligopeptide,NaN,Yes,Yes,Regras Locais (Peptídeo),454.27642327454,NaN,NaN,NaN
CSID16581876,ala-pro-leu-arg,Metabólito Endógeno (HMDB),Yes,C20H37N7O5,NaN,NaN,40,8.52,96.626272980665,49,Fragmento de peptídeo identificado por sequenciamento.,NaN,Oligopeptide,NaN,Yes,Yes,Regras Locais (Peptídeo),454.27642327454,NaN,NaN,NaN
CSID16584357,arg-ala-pro-ile,Metabólito Endógeno (HMDB),Yes,C20H37N7O5,NaN,NaN,38.7,1.62,96.626272980665,49,Fragmento de peptídeo identificado por sequenciamento.,NaN,Oligopeptide,NaN,Yes,Yes,Regras Locais (Peptídeo),454.27642327454,NaN,NaN,NaN
CSID16653482,ile-pro-arg-ala,Metabólito Endógeno (HMDB),Yes,C20H37N7O5,NaN,NaN,39.7,6.82,96.626272980665,49,Fragmento de peptídeo identificado por sequenciamento.,NaN,Oligopeptide,NaN,Yes,Yes,Regras Locais (Peptídeo),454.27642327454,NaN,NaN,NaN
CSID16580117,ala-leu-arg-pro,Metabólito Endógeno (HMDB),Yes,C20H37N7O5,NaN,NaN,38.8,2.41,96.626272980665,49,Fragmento de peptídeo identificado por sequenciamento.,NaN,Oligopeptide,NaN,Yes,Yes,Regras Locais (Peptídeo),454.27642327454,NaN,NaN,NaN
CSID16589655,arg-pro-ala-ile,Metabólito Endógeno (HMDB),Yes,C20H37N7O5,NaN,NaN,38.7,1.62,96.626272980665,49,Fragmento de peptídeo identificado por sequenciamento.,NaN,Oligopeptide,NaN,Yes,Yes,Regras Locais (Peptídeo),454.27642327454,NaN,NaN,NaN
CSID16648148,ile-ala-pro-arg,Metabólito Endógeno (HMDB),Yes,C20H37N7O5,NaN,NaN,39.3,4.68,96.626272980665,49,Fragmento de peptídeo identificado por sequenciamento.,NaN,Oligopeptide,NaN,Yes,Yes,Regras Locais (Peptídeo),454.27642327454,NaN,NaN,NaN
CSID16688335,pro-arg-leu-ala,Metabólito Endógeno (HMDB),Yes,C20H37N7O5,NaN,NaN,38.8,2.1,96.626272980665,49,Fragmento de peptídeo identificado por sequenciamento.,NaN,Oligopeptide,NaN,Yes,Yes,Regras Locais (Peptídeo),454.27642327454,NaN,NaN,NaN
CSID16647902,ile-ala-arg-pro,Metabólito Endógeno (HMDB),Yes,C20H37N7O5,NaN,NaN,39.4,5.47,96.626272980665,49,Fragmento de peptídeo identificado por sequenciamento.,NaN,Oligopeptide,NaN,Yes,Yes,Regras Locais (Peptídeo),454.27642327454,NaN,NaN,NaN
CSID16584358,arg-ala-pro-leu,Metabólito Endógeno (HMDB),Yes,C20H37N7O5,NaN,NaN,38.7,1.62,96.626272980665,49,Fragmento de peptídeo identificado por sequenciamento.,NaN,Oligopeptide,NaN,Yes,Yes,Regras Locais (Peptídeo),454.27642327454,NaN,NaN,NaN
CSID16589823,arg-pro-ile-ala,Metabólito Endógeno (HMDB),Yes,C20H37N7O5,NaN,NaN,38.7,1.62,96.626272980665,49,Fragmento de peptídeo identificado por sequenciamento.,NaN,Oligopeptide,NaN,Yes,Yes,Regras Locais (Peptídeo),454.27642327454,NaN,NaN,NaN
CSID16691723,pro-leu-ala-arg,Metabólito Endógeno (HMDB),Yes,C20H37N7O5,NaN,NaN,38.8,2.1,96.626272980665,49,Fragmento de peptídeo identificado por sequenciamento.,NaN,Oligopeptide,NaN,Yes,Yes,Regras Locais (Peptídeo),454.27642327454,NaN,NaN,NaN
CSID16648281,ile-arg-ala-pro,Metabólito Endógeno (HMDB),Yes,C20H37N7O5,NaN,NaN,39.4,5.47,96.626272980665,49,Fragmento de peptídeo identificado por sequenciamento.,NaN,Oligopeptide,NaN,Yes,Yes,Regras Locais (Peptídeo),454.27642327454,NaN,NaN,NaN
CSID16661455,leu-pro-arg-ala,Metabólito Endógeno (HMDB),Yes,C20H37N7O5,NaN,NaN,39.7,6.82,96.626272980665,49,Fragmento de peptídeo identificado por sequenciamento.,NaN,Oligopeptide,NaN,Yes,Yes,Regras Locais (Peptídeo),454.27642327454,NaN,NaN,NaN
CSID16655895,leu-ala-arg-pro,Metabólito Endógeno (HMDB),Yes,C20H37N7O5,NaN,NaN,39.4,5.47,96.626272980665,49,Fragmento de peptídeo identificado por sequenciamento.,NaN,Oligopeptide,NaN,Yes,Yes,Regras Locais (Peptídeo),454.27642327454,NaN,NaN,NaN
CSID16576714,ala-arg-leu-pro,Metabólito Endógeno (HMDB),Yes,C20H37N7O5,NaN,NaN,38.8,2.41,96.626272980665,49,Fragmento de peptídeo identificado por sequenciamento.,NaN,Oligopeptide,NaN,Yes,Yes,Regras Locais (Peptídeo),454.27642327454,NaN,NaN,NaN
CSID16687936,pro-ala-leu-arg,Metabólito Endógeno (HMDB),Yes,C20H37N7O5,NaN,NaN,38.8,2.1,96.626272980665,49,Fragmento de peptídeo identificado por sequenciamento.,NaN,Oligopeptide,NaN,Yes,Yes,Regras Locais (Peptídeo),454.27642327454,NaN,NaN,NaN
CSID16581706,ala-pro-arg-leu,Metabólito Endógeno (HMDB),Yes,C20H37N7O5,NaN,NaN,40,8.52,96.626272980665,49,Fragmento de peptídeo identificado por sequenciamento.,NaN,Oligopeptide,NaN,Yes,Yes,Regras Locais (Peptídeo),454.27642327454,NaN,NaN,NaN
CSID16584263,arg-ala-ile-pro,Metabólito Endógeno (HMDB),Yes,C20H37N7O5,NaN,NaN,38.8,2.18,96.626272980665,49,Fragmento de peptídeo identificado por sequenciamento.,NaN,Oligopeptide,NaN,Yes,Yes,Regras Locais (Peptídeo),454.27642327454,NaN,NaN,NaN
CSID16580360,ala-leu-pro-arg,Metabólito Endógeno (HMDB),Yes,C20H37N7O5,NaN,NaN,38.7,1.62,96.626272980665,49,Fragmento de peptídeo identificado por sequenciamento.,NaN,Oligopeptide,NaN,Yes,Yes,Regras Locais (Peptídeo),454.27642327454,NaN,NaN,NaN
CSID16687916,pro-ala-ile-arg,Metabólito Endógeno (HMDB),Yes,C20H37N7O5,NaN,NaN,38.8,2.1,96.626272980665,49,Fragmento de peptídeo identificado por sequenciamento.,NaN,Oligopeptide,NaN,Yes,Yes,Regras Locais (Peptídeo),454.27642327454,NaN,NaN,NaN
CSID16576694,ala-arg-ile-pro,Metabólito Endógeno (HMDB),Yes,C20H37N7O5,NaN,NaN,38.8,2.41,96.626272980665,49,Fragmento de peptídeo identificado por sequenciamento.,NaN,Oligopeptide,NaN,Yes,Yes,Regras Locais (Peptídeo),454.27642327454,NaN,NaN,NaN
CSID16656534,leu-arg-pro-ala,Metabólito Endógeno (HMDB),Yes,C20H37N7O5,NaN,NaN,39.3,4.68,96.626272980665,49,Fragmento de peptídeo identificado por sequenciamento.,NaN,Oligopeptide,NaN,Yes,Yes,Regras Locais (Peptídeo),454.27642327454,NaN,NaN,NaN
CSID16579719,ala-ile-arg-pro,Metabólito Endógeno (HMDB),Yes,C20H37N7O5,NaN,NaN,38.8,2.41,96.626272980665,49,Fragmento de peptídeo identificado por sequenciamento.,NaN,Oligopeptide,NaN,Yes,Yes,Regras Locais (Peptídeo),454.27642327454,NaN,NaN,NaN
CSID16588065,arg-leu-ala-pro,Metabólito Endógeno (HMDB),Yes,C20H37N7O5,NaN,NaN,38.8,2.18,96.626272980665,49,Fragmento de peptídeo identificado por sequenciamento.,NaN,Oligopeptide,NaN,Yes,Yes,Regras Locais (Peptídeo),454.27642327454,NaN,NaN,NaN
CSID16576790,ala-arg-pro-leu,Metabólito Endógeno (HMDB),Yes,C20H37N7O5,NaN,NaN,38.7,1.62,96.626272980665,49,Fragmento de peptídeo identificado por sequenciamento.,NaN,Oligopeptide,NaN,Yes,Yes,Regras Locais (Peptídeo),454.27642327454,NaN,NaN,NaN
CSID16588331,arg-leu-pro-ala,Metabólito Endógeno (HMDB),Yes,C20H37N7O5,NaN,NaN,38.7,1.62,96.626272980665,49,Fragmento de peptídeo identificado por sequenciamento.,NaN,Oligopeptide,NaN,Yes,Yes,Regras Locais (Peptídeo),454.27642327454,NaN,NaN,NaN
CSID16691342,pro-ile-arg-ala,Metabólito Endógeno (HMDB),Yes,C20H37N7O5,NaN,NaN,38.8,2.1,96.626272980665,49,Fragmento de peptídeo identificado por sequenciamento.,NaN,Oligopeptide,NaN,Yes,Yes,Regras Locais (Peptídeo),454.27642327454,NaN,NaN,NaN
CSID16579966,ala-ile-pro-arg,Metabólito Endógeno (HMDB),Yes,C20H37N7O5,NaN,NaN,38.7,1.62,96.626272980665,49,Fragmento de peptídeo identificado por sequenciamento.,NaN,Oligopeptide,NaN,Yes,Yes,Regras Locais (Peptídeo),454.27642327454,NaN,NaN,NaN
CSID16656136,leu-ala-pro-arg,Metabólito Endógeno (HMDB),Yes,C20H37N7O5,NaN,NaN,39.3,4.68,96.626272980665,49,Fragmento de peptídeo identificado por sequenciamento.,NaN,Oligopeptide,NaN,Yes,Yes,Regras Locais (Peptídeo),454.27642327454,NaN,NaN,NaN
CSID16656269,leu-arg-ala-pro,Metabólito Endógeno (HMDB),Yes,C20H37N7O5,NaN,NaN,39.4,5.47,96.626272980665,49,Fragmento de peptídeo identificado por sequenciamento.,NaN,Oligopeptide,NaN,Yes,Yes,Regras Locais (Peptídeo),454.27642327454,NaN,NaN,NaN
CSID16584283,arg-ala-leu-pro,Metabólito Endógeno (HMDB),Yes,C20H37N7O5,NaN,NaN,38.8,2.18,96.626272980665,49,Fragmento de peptídeo identificado por sequenciamento.,NaN,Oligopeptide,NaN,Yes,Yes,Regras Locais (Peptídeo),454.27642327454,NaN,NaN,NaN
CSID65323518,"5-[8-Fluoro-2-({[2-(1H-1,2,4-triazol-1-yl)ethyl]carbamoyl}amino)[1,2,4]triazolo[1,5-a]pyridin-6-yl]-N-(2-methyl-2-propanyl)-3-pyridinesulfonamide",Sintético / Indefinido,C20H23FN10O3S,NaN,NaN,35.2,0.00112,79.3869826549109,11,NaN,NaN,No,No,NaN,501.157114247353,NaN,NaN,NaN
1017992,"N-(3,4-difluorophenyl)-2-(4-methyl-6-oxo-2-pyrrolidin-1-ylpyrimidin-1-yl)acetamide",Sintético / Indefinido,C17H18F2N4O2,NaN,NaN,36.4,0,86.1881687253367,9,NaN,NaN,No,No,NaN,347.131329445634,NaN,NaN,NaN
CSID28288545,"(1R,2S,3R)-2-(2,4-Dihydroxyphenyl)-3-(3,5-dihydroxyphenyl)-1-[(R)-(4-hydroxyphenyl)(methoxy)methyl]-4,6-indanediol",Sintético / Indefinido,C29H26O8,NaN,NaN,36,0,84.0397502750505,11,NaN,NaN,No,No,NaN,501.157114247353,NaN,NaN,NaN
CSID8404385,"(2E)-4-{3-[(2E)-3-(2,4-Dihydroxyphenyl)-2-propenoyl]-2,6-dihydroxyphenyl}-2-methyl-2-buten-1-yl (2E)-3-(4-hydroxyphenyl)acrylate",Sintético / Indefinido,C29H26O8,NaN,NaN,36,0,84.0397502750505,11,NaN,NaN,No,No,NaN,501.157114247353,NaN,NaN,NaN
CSID10025716,"13,14-Dimethoxy-7-methyl-6-methylene-5,6,7,8-tetrahydro[1,3]benzodioxolo[5′,6′:3,4]cycloocta[1,2-f][1,3]benzodioxol-5-yl benzoate",Sintético / Indefinido,C29H26O8,NaN,NaN,36,0,84.0397502750505,11,NaN,NaN,No,No,NaN,501.157114247353,NaN,NaN,NaN
CSID16576976,ala-asn-asp-trp,Metabólito Endógeno (HMDB),Yes,C22H28N6O8,NaN,NaN,36.2,0.8,85.2703527365029,147,Fragmento de peptídeo identificado por sequenciamento.,NaN,Oligopeptide,NaN,Yes,Yes,Regras Locais (Peptídeo),503.187398555211,NaN,NaN,NaN
CSID16577242,ala-asn-trp-asp,Metabólito Endógeno (HMDB),Yes,C22H28N6O8,NaN,NaN,36.2,0.8,85.2703527365029,147,Fragmento de peptídeo identificado por sequenciamento.,NaN,Oligopeptide,NaN,Yes,Yes,Regras Locais (Peptídeo),503.187398555211,NaN,NaN,NaN
CSID16577356,ala-asp-asn-trp,Metabólito Endógeno (HMDB),Yes,C22H28N6O8,NaN,NaN,36.2,0.8,85.2703527365029,147,Fragmento de peptídeo identificado por sequenciamento.,NaN,Oligopeptide,NaN,Yes,Yes,Regras Locais (Peptídeo),503.187398555211,NaN,NaN,NaN
CSID16577477,ala-asp-his-tyr,Metabólito Endógeno (HMDB),Yes,C22H28N6O8,NaN,NaN,36,0,85.2703527365029,147,Fragmento de peptídeo identificado por sequenciamento.,NaN,Oligopeptide,NaN,Yes,Yes,Regras Locais (Peptídeo),503.187398555211,NaN,NaN,NaN
CSID16577641,ala-asp-trp-asn,Metabólito Endógeno (HMDB),Yes,C22H28N6O8,NaN,NaN,36.2,0.8,85.2703527365029,147,Fragmento de peptídeo identificado por sequenciamento.,NaN,Oligopeptide,NaN,Yes,Yes,Regras Locais (Peptídeo),503.187398555211,NaN,NaN,NaN
CSID16577667,ala-asp-tyr-his,Metabólito Endógeno (HMDB),Yes,C22H28N6O8,NaN,NaN,36,0,85.2703527365029,147,Fragmento de peptídeo identificado por sequenciamento.,NaN,Oligopeptide,NaN,Yes,Yes,Regras Locais (Peptídeo),503.187398555211,NaN,NaN,NaN
CSID16579364,ala-his-asp-tyr,Metabólito Endógeno (HMDB),Yes,C22H28N6O8,NaN,NaN,36,0,85.2703527365029,147,Fragmento de peptídeo identificado por sequenciamento.,NaN,Oligopeptide,NaN,Yes,Yes,Regras Locais (Peptídeo),503.187398555211,NaN,NaN,NaN
CSID16579648,ala-his-tyr-asp,Metabólito Endógeno (HMDB),Yes,C22H28N6O8,NaN,NaN,36,0,85.2703527365029,147,Fragmento de peptídeo identificado por sequenciamento.,NaN,Oligopeptide,NaN,Yes,Yes,Regras Locais (Peptídeo),503.187398555211,NaN,NaN,NaN
CSID16582917,ala-trp-asn-asp,Metabólito Endógeno (HMDB),Yes,C22H28N6O8,NaN,NaN,36.2,0.8,85.2703527365029,147,Fragmento de peptídeo identificado por sequenciamento.,NaN,Oligopeptide,NaN,Yes,Yes,Regras Locais (Peptídeo),503.187398555211,NaN,NaN,NaN
CSID16582936,ala-trp-asp-asn,Metabólito Endógeno (HMDB),Yes,C22H28N6O8,NaN,NaN,36.2,0.8,85.2703527365029,147,Fragmento de peptídeo identificado por sequenciamento.,NaN,Oligopeptide,NaN,Yes,Yes,Regras Locais (Peptídeo),503.187398555211,NaN,NaN,NaN
CSID16583339,ala-tyr-asp-his,Metabólito Endógeno (HMDB),Yes,C22H28N6O8,NaN,NaN,36,0,85.2703527365029,147,Fragmento de peptídeo identificado por sequenciamento.,NaN,Oligopeptide,NaN,Yes,Yes,Regras Locais (Peptídeo),503.187398555211,NaN,NaN,NaN
CSID16583434,ala-tyr-his-asp,Metabólito Endógeno (HMDB),Yes,C22H28N6O8,NaN,NaN,36,0,85.2703527365029,147,Fragmento de peptídeo identificado por sequenciamento.,NaN,Oligopeptide,NaN,Yes,Yes,Regras Locais (Peptídeo),503.187398555211,NaN,NaN,NaN
CSID16592112,asn-ala-asp-trp,Metabólito Endógeno (HMDB),Yes,C22H28N6O8,NaN,NaN,36.2,0.8,85.2703527365029,147,Fragmento de peptídeo identificado por sequenciamento.,NaN,Oligopeptide,NaN,Yes,Yes,Regras Locais (Peptídeo),503.187398555211,NaN,NaN,NaN
CSID16592378,asn-ala-trp-asp,Metabólito Endógeno (HMDB),Yes,C22H28N6O8,NaN,NaN,36.2,0.8,85.2703527365029,147,Fragmento de peptídeo identificado por sequenciamento.,NaN,Oligopeptide,NaN,Yes,Yes,Regras Locais (Peptídeo),503.187398555211,NaN,NaN,NaN
CSID16593251,asn-asp-ala-trp,Metabólito Endógeno (HMDB),Yes,C22H28N6O8,NaN,NaN,36.2,0.8,85.2703527365029,147,Fragmento de peptídeo identificado por sequenciamento.,NaN,Oligopeptide,NaN,Yes,Yes,Regras Locais (Peptídeo),503.187398555211,NaN,NaN,NaN
CSID16593574,asn-asp-trp-ala,Metabólito Endógeno (HMDB),Yes,C22H28N6O8,NaN,NaN,36.2,0.8,85.2703527365029,147,Fragmento de peptídeo identificado por sequenciamento.,NaN,Oligopeptide,NaN,Yes,Yes,Regras Locais (Peptídeo),503.187398555211,NaN,NaN,NaN
CSID16594191,asn-glu-gly-trp,Metabólito Endógeno (HMDB),Yes,C22H28N6O8,NaN,NaN,36.2,0.8,85.2703527365029,147,Fragmento de peptídeo identificado por sequenciamento.,NaN,Oligopeptide,NaN,Yes,Yes,Regras Locais (Peptídeo),503.187398555211,NaN,NaN,NaN
CSID16594380,asn-glu-trp-gly,Metabólito Endógeno (HMDB),Yes,C22H28N6O8,NaN,NaN,36.2,0.8,85.2703527365029,147,Fragmento de peptídeo identificado por sequenciamento.,NaN,Oligopeptide,NaN,Yes,Yes,Regras Locais (Peptídeo),503.187398555211,NaN,NaN,NaN
CSID16594950,asn-gly-glu-trp,Metabólito Endógeno (HMDB),Yes,C22H28N6O8,NaN,NaN,36.2,0.8,85.2703527365029,147,Fragmento de peptídeo identificado por sequenciamento.,NaN,Oligopeptide,NaN,Yes,Yes,Regras Locais (Peptídeo),503.187398555211,NaN,NaN,NaN
CSID16595178,asn-gly-trp-glu,Metabólito Endógeno (HMDB),Yes,C22H28N6O8,NaN,NaN,36.2,0.8,85.2703527365029,147,Fragmento de peptídeo identificado por sequenciamento.,NaN,Oligopeptide,NaN,Yes,Yes,Regras Locais (Peptídeo),503.187398555211,NaN,NaN,NaN
CSID16598834,asn-trp-ala-asp,Metabólito Endógeno (HMDB),Yes,C22H28N6O8,NaN,NaN,36.2,0.8,85.2703527365029,147,Fragmento de peptídeo identificado por sequenciamento.,NaN,Oligopeptide,NaN,Yes,Yes,Regras Locais (Peptídeo),503.187398555211,NaN,NaN,NaN
CSID16598891,asn-trp-asp-ala,Metabólito Endógeno (HMDB),Yes,C22H28N6O8,NaN,NaN,36.2,0.8,85.2703527365029,147,Fragmento de peptídeo identificado por sequenciamento.,NaN,Oligopeptide,NaN,Yes,Yes,Regras Locais (Peptídeo),503.187398555211,NaN,NaN,NaN
CSID16598938,asn-trp-glu-gly,Metabólito Endógeno (HMDB),Yes,C22H28N6O8,NaN,NaN,36.2,0.8,85.2703527365029,147,Fragmento de peptídeo identificado por sequenciamento.,NaN,Oligopeptide,NaN,Yes,Yes,Regras Locais (Peptídeo),503.187398555211,NaN,NaN,NaN
CSID16598976,asn-trp-gly-glu,Metabólito Endógeno (HMDB),Yes,C22H28N6O8,NaN,NaN,36.2,0.8,85.2703527365029,147,Fragmento de peptídeo identificado por sequenciamento.,NaN,Oligopeptide,NaN,Yes,Yes,Regras Locais (Peptídeo),503.187398555211,NaN,NaN,NaN
CSID16600087,asp-ala-asn-trp,Metabólito Endógeno (HMDB),Yes,C22H28N6O8,NaN,NaN,36.2,0.8,85.2703527365029,147,Fragmento de peptídeo identificado por sequenciamento.,NaN,Oligopeptide,NaN,Yes,Yes,Regras Locais (Peptídeo),503.187398555211,NaN,NaN,NaN
CSID16600207,asp-ala-his-tyr,Metabólito Endógeno (HMDB),Yes,C22H28N6O8,NaN,NaN,36,0,85.2703527365029,147,Fragmento de peptídeo identificado por sequenciamento.,NaN,Oligopeptide,NaN,Yes,Yes,Regras Locais (Peptídeo),503.187398555211,NaN,NaN,NaN
CSID16600370,asp-ala-trp-asn,Metabólito Endógeno (HMDB),Yes,C22H28N6O8,NaN,NaN,36.2,0.8,85.2703527365029,147,Fragmento de peptídeo identificado por sequenciamento.,NaN,Oligopeptide,NaN,Yes,Yes,Regras Locais (Peptídeo),503.187398555211,NaN,NaN,NaN
CSID16600396,asp-ala-tyr-his,Metabólito Endógeno (HMDB),Yes,C22H28N6O8,NaN,NaN,36,0,85.2703527365029,147,Fragmento de peptídeo identificado por sequenciamento.,NaN,Oligopeptide,NaN,Yes,Yes,Regras Locais (Peptídeo),503.187398555211,NaN,NaN,NaN
CSID16600843,asp-asn-ala-trp,Metabólito Endógeno (HMDB),Yes,C22H28N6O8,NaN,NaN,36.2,0.8,85.2703527365029,147,Fragmento de peptídeo identificado por sequenciamento.,NaN,Oligopeptide,NaN,Yes,Yes,Regras Locais (Peptídeo),503.187398555211,NaN,NaN,NaN
CSID16601166,asp-asn-trp-ala,Metabólito Endógeno (HMDB),Yes,C22H28N6O8,NaN,NaN,36.2,0.8,85.2703527365029,147,Fragmento de peptídeo identificado por sequenciamento.,NaN,Oligopeptide,NaN,Yes,Yes,Regras Locais (Peptídeo),503.187398555211,NaN,NaN,NaN
CSID16602582,asp-gln-gly-trp,Metabólito Endógeno (HMDB),Yes,C22H28N6O8,NaN,NaN,36.2,0.8,85.2703527365029,147,Fragmento de peptídeo identificado por sequenciamento.,NaN,Oligopeptide,NaN,Yes,Yes,Regras Locais (Peptídeo),503.187398555211,NaN,NaN,NaN
CSID16602772,asp-gln-trp-gly,Metabólito Endógeno (HMDB),Yes,C22H28N6O8,NaN,NaN,36.2,0.8,85.2703527365029,147,Fragmento de peptídeo identificado por sequenciamento.,NaN,Oligopeptide,NaN,Yes,Yes,Regras Locais (Peptídeo),503.187398555211,NaN,NaN,NaN
CSID16602961,asp-gly-gln-trp,Metabólito Endógeno (HMDB),Yes,C22H28N6O8,NaN,NaN,36.2,0.8,85.2703527365029,147,Fragmento de peptídeo identificado por sequenciamento.,NaN,Oligopeptide,NaN,Yes,Yes,Regras Locais (Peptídeo),503.187398555211,NaN,NaN,NaN
CSID16603170,asp-gly-trp-gln,Metabólito Endógeno (HMDB),Yes,C22H28N6O8,NaN,NaN,36.2,0.8,85.2703527365029,147,Fragmento de peptídeo identificado por sequenciamento.,NaN,Oligopeptide,NaN,Yes,Yes,Regras Locais (Peptídeo),503.187398555211,NaN,NaN,NaN
CSID16603242,asp-his-ala-tyr,Metabólito Endógeno (HMDB),Yes,C22H28N6O8,NaN,NaN,36,0,85.2703527365029,147,Fragmento de peptídeo identificado por sequenciamento.,NaN,Oligopeptide,NaN,Yes,Yes,Regras Locais (Peptídeo),503.187398555211,NaN,NaN,NaN
CSID16603499,asp-his-phe-ser,Metabólito Endógeno (HMDB),Yes,C22H28N6O8,NaN,NaN,36,0,85.2703527365029,147,Fragmento de peptídeo identificado por sequenciamento.,NaN,Oligopeptide,NaN,Yes,Yes,Regras Locais (Peptídeo),503.187398555211,NaN,NaN,NaN
CSID16603537,asp-his-ser-phe,Metabólito Endógeno (HMDB),Yes,C22H28N6O8,NaN,NaN,36,0,85.2703527365029,147,Fragmento de peptídeo identificado por sequenciamento.,NaN,Oligopeptide,NaN,Yes,Yes,Regras Locais (Peptídeo),503.187398555211,NaN,NaN,NaN
CSID16603584,asp-his-tyr-ala,Metabólito Endógeno (HMDB),Yes,C22H28N6O8,NaN,NaN,36,0,85.2703527365029,147,Fragmento de peptídeo identificado por sequenciamento.,NaN,Oligopeptide,NaN,Yes,Yes,Regras Locais (Peptídeo),503.187398555211,NaN,NaN,NaN
CSID16605396,asp-phe-his-ser,Metabólito Endógeno (HMDB),Yes,C22H28N6O8,NaN,NaN,36,0,85.2703527365029,147,Fragmento de peptídeo identificado por sequenciamento.,NaN,Oligopeptide,NaN,Yes,Yes,Regras Locais (Peptídeo),503.187398555211,NaN,NaN,NaN
CSID16605528,asp-phe-ser-his,Metabólito Endógeno (HMDB),Yes,C22H28N6O8,NaN,NaN,36,0,85.2703527365029,147,Fragmento de peptídeo identificado por sequenciamento.,NaN,Oligopeptide,NaN,Yes,Yes,Regras Locais (Peptídeo),503.187398555211,NaN,NaN,NaN
CSID16606193,asp-ser-his-phe,Metabólito Endógeno (HMDB),Yes,C22H28N6O8,NaN,NaN,36,0,85.2703527365029,147,Fragmento de peptídeo identificado por sequenciamento.,NaN,Oligopeptide,NaN,Yes,Yes,Regras Locais (Peptídeo),503.187398555211,NaN,NaN,NaN
CSID16606288,asp-ser-phe-his,Metabólito Endógeno (HMDB),Yes,C22H28N6O8,NaN,NaN,36,0,85.2703527365029,147,Fragmento de peptídeo identificado por sequenciamento.,NaN,Oligopeptide,NaN,Yes,Yes,Regras Locais (Peptídeo),503.187398555211,NaN,NaN,NaN
CSID16606822,asp-trp-ala-asn,Metabólito Endógeno (HMDB),Yes,C22H28N6O8,NaN,NaN,36.2,0.8,85.2703527365029,147,Fragmento de peptídeo identificado por sequenciamento.,NaN,Oligopeptide,NaN,Yes,Yes,Regras Locais (Peptídeo),503.187398555211,NaN,NaN,NaN
CSID16606860,asp-trp-asn-ala,Metabólito Endógeno (HMDB),Yes,C22H28N6O8,NaN,NaN,36.2,0.8,85.2703527365029,147,Fragmento de peptídeo identificado por sequenciamento.,NaN,Oligopeptide,NaN,Yes,Yes,Regras Locais (Peptídeo),503.187398555211,NaN,NaN,NaN
CSID16606947,asp-trp-gln-gly,Metabólito Endógeno (HMDB),Yes,C22H28N6O8,NaN,NaN,36.2,0.8,85.2703527365029,147,Fragmento de peptídeo identificado por sequenciamento.,NaN,Oligopeptide,NaN,Yes,Yes,Regras Locais (Peptídeo),503.187398555211,NaN,NaN,NaN
CSID16606966,asp-trp-gly-gln,Metabólito Endógeno (HMDB),Yes,C22H28N6O8,NaN,NaN,36.2,0.8,85.2703527365029,147,Fragmento de peptídeo identificado por sequenciamento.,NaN,Oligopeptide,NaN,Yes,Yes,Regras Locais (Peptídeo),503.187398555211,NaN,NaN,NaN
CSID16607227,asp-tyr-ala-his,Metabólito Endógeno (HMDB),Yes,C22H28N6O8,NaN,NaN,36,0,85.2703527365029,147,Fragmento de peptídeo identificado por sequenciamento.,NaN,Oligopeptide,NaN,Yes,Yes,Regras Locais (Peptídeo),503.187398555211,NaN,NaN,NaN
CSID16607378,asp-tyr-his-ala,Metabólito Endógeno (HMDB),Yes,C22H28N6O8,NaN,NaN,36,0,85.2703527365029,147,Fragmento de peptídeo identificado por sequenciamento.,NaN,Oligopeptide,NaN,Yes,Yes,Regras Locais (Peptídeo),503.187398555211,NaN,NaN,NaN
CSID16616951,glu-asn-gly-trp,Metabólito Endógeno (HMDB),Yes,C22H28N6O8,NaN,NaN,36.2,0.8,85.2703527365029,147,Fragmento de peptídeo identificado por sequenciamento.,NaN,Oligopeptide,NaN,Yes,Yes,Regras Locais (Peptídeo),503.187398555211,NaN,NaN,NaN
CSID16617140,glu-asn-trp-gly,Metabólito Endógeno (HMDB),Yes,C22H28N6O8,NaN,NaN,36.2,0.8,85.2703527365029,147,Fragmento de peptídeo identificado por sequenciamento.,NaN,Oligopeptide,NaN,Yes,Yes,Regras Locais (Peptídeo),503.187398555211,NaN,NaN,NaN
CSID16618841,glu-gly-asn-trp,Metabólito Endógeno (HMDB),Yes,C22H28N6O8,NaN,NaN,36.2,0.8,85.2703527365029,147,Fragmento de peptídeo identificado por sequenciamento.,NaN,Oligopeptide,NaN,Yes,Yes,Regras Locais (Peptídeo),503.187398555211,NaN,NaN,NaN
CSID16618960,glu-gly-his-tyr,Metabólito Endógeno (HMDB),Yes,C22H28N6O8,NaN,NaN,36,0,85.2703527365029,147,Fragmento de peptídeo identificado por sequenciamento.,NaN,Oligopeptide,NaN,Yes,Yes,Regras Locais (Peptídeo),503.187398555211,NaN,NaN,NaN
CSID16619123,glu-gly-trp-asn,Metabólito Endógeno (HMDB),Yes,C22H28N6O8,NaN,NaN,36.2,0.8,85.2703527365029,147,Fragmento de peptídeo identificado por sequenciamento.,NaN,Oligopeptide,NaN,Yes,Yes,Regras Locais (Peptídeo),503.187398555211,NaN,NaN,NaN
CSID16619149,glu-gly-tyr-his,Metabólito Endógeno (HMDB),Yes,C22H28N6O8,NaN,NaN,36,0,85.2703527365029,147,Fragmento de peptídeo identificado por sequenciamento.,NaN,Oligopeptide,NaN,Yes,Yes,Regras Locais (Peptídeo),503.187398555211,NaN,NaN,NaN
CSID16619339,glu-his-gly-tyr,Metabólito Endógeno (HMDB),Yes,C22H28N6O8,NaN,NaN,36,0,85.2703527365029,147,Fragmento de peptídeo identificado por sequenciamento.,NaN,Oligopeptide,NaN,Yes,Yes,Regras Locais (Peptídeo),503.187398555211,NaN,NaN,NaN
CSID16619547,glu-his-tyr-gly,Metabólito Endógeno (HMDB),Yes,C22H28N6O8,NaN,NaN,36,0,85.2703527365029,147,Fragmento de peptídeo identificado por sequenciamento.,NaN,Oligopeptide,NaN,Yes,Yes,Regras Locais (Peptídeo),503.187398555211,NaN,NaN,NaN
CSID16622811,glu-trp-asn-gly,Metabólito Endógeno (HMDB),Yes,C22H28N6O8,NaN,NaN,36.2,0.8,85.2703527365029,147,Fragmento de peptídeo identificado por sequenciamento.,NaN,Oligopeptide,NaN,Yes,Yes,Regras Locais (Peptídeo),503.187398555211,NaN,NaN,NaN
CSID16622906,glu-trp-gly-asn,Metabólito Endógeno (HMDB),Yes,C22H28N6O8,NaN,NaN,36.2,0.8,85.2703527365029,147,Fragmento de peptídeo identificado por sequenciamento.,NaN,Oligopeptide,NaN,Yes,Yes,Regras Locais (Peptídeo),503.187398555211,NaN,NaN,NaN
CSID16623312,glu-tyr-gly-his,Metabólito Endógeno (HMDB),Yes,C22H28N6O8,NaN,NaN,36,0,85.2703527365029,147,Fragmento de peptídeo identificado por sequenciamento.,NaN,Oligopeptide,NaN,Yes,Yes,Regras Locais (Peptídeo),503.187398555211,NaN,NaN,NaN
CSID16623331,glu-tyr-his-gly,Metabólito Endógeno (HMDB),Yes,C22H28N6O8,NaN,NaN,36,0,85.2703527365029,147,Fragmento de peptídeo identificado por sequenciamento.,NaN,Oligopeptide,NaN,Yes,Yes,Regras Locais (Peptídeo),503.187398555211,NaN,NaN,NaN
CSID16625318,gln-asp-gly-trp,Metabólito Endógeno (HMDB),Yes,C22H28N6O8,NaN,NaN,36.2,0.8,85.2703527365029,147,Fragmento de peptídeo identificado por sequenciamento.,NaN,Oligopeptide,NaN,Yes,Yes,Regras Locais (Peptídeo),503.187398555211,NaN,NaN,NaN
CSID16625508,gln-asp-trp-gly,Metabólito Endógeno (HMDB),Yes,C22H28N6O8,NaN,NaN,36.2,0.8,85.2703527365029,147,Fragmento de peptídeo identificado por sequenciamento.,NaN,Oligopeptide,NaN,Yes,Yes,Regras Locais (Peptídeo),503.187398555211,NaN,NaN,NaN
CSID16626836,gln-gly-asp-trp,Metabólito Endógeno (HMDB),Yes,C22H28N6O8,NaN,NaN,36.2,0.8,85.2703527365029,147,Fragmento de peptídeo identificado por sequenciamento.,NaN,Oligopeptide,NaN,Yes,Yes,Regras Locais (Peptídeo),503.187398555211,NaN,NaN,NaN
CSID16627101,gln-gly-trp-asp,Metabólito Endógeno (HMDB),Yes,C22H28N6O8,NaN,NaN,36.2,0.8,85.2703527365029,147,Fragmento de peptídeo identificado por sequenciamento.,NaN,Oligopeptide,NaN,Yes,Yes,Regras Locais (Peptídeo),503.187398555211,NaN,NaN,NaN
CSID16630823,gln-trp-asp-gly,Metabólito Endógeno (HMDB),Yes,C22H28N6O8,NaN,NaN,36.2,0.8,85.2703527365029,147,Fragmento de peptídeo identificado por sequenciamento.,NaN,Oligopeptide,NaN,Yes,Yes,Regras Locais (Peptídeo),503.187398555211,NaN,NaN,NaN
CSID16630899,gln-trp-gly-asp,Metabólito Endógeno (HMDB),Yes,C22H28N6O8,NaN,NaN,36.2,0.8,85.2703527365029,147,Fragmento de peptídeo identificado por sequenciamento.,NaN,Oligopeptide,NaN,Yes,Yes,Regras Locais (Peptídeo),503.187398555211,NaN,NaN,NaN
CSID16632867,gly-asn-glu-trp,Metabólito Endógeno (HMDB),Yes,C22H28N6O8,NaN,NaN,36.2,0.8,85.2703527365029,147,Fragmento de peptídeo identificado por sequenciamento.,NaN,Oligopeptide,NaN,Yes,Yes,Regras Locais (Peptídeo),503.187398555211,NaN,NaN,NaN
CSID16633095,gly-asn-trp-glu,Metabólito Endógeno (HMDB),Yes,C22H28N6O8,NaN,NaN,36.2,0.8,85.2703527365029,147,Fragmento de peptídeo identificado por sequenciamento.,NaN,Oligopeptide,NaN,Yes,Yes,Regras Locais (Peptídeo),503.187398555211,NaN,NaN,NaN
CSID16633287,gly-asp-gln-trp,Metabólito Endógeno (HMDB),Yes,C22H28N6O8,NaN,NaN,36.2,0.8,85.2703527365029,147,Fragmento de peptídeo identificado por sequenciamento.,NaN,Oligopeptide,NaN,Yes,Yes,Regras Locais (Peptídeo),503.187398555211,NaN,NaN,NaN
CSID16633496,gly-asp-trp-gln,Metabólito Endógeno (HMDB),Yes,C22H28N6O8,NaN,NaN,36.2,0.8,85.2703527365029,147,Fragmento de peptídeo identificado por sequenciamento.,NaN,Oligopeptide,NaN,Yes,Yes,Regras Locais (Peptídeo),503.187398555211,NaN,NaN,NaN
CSID16634007,gly-glu-asn-trp,Metabólito Endógeno (HMDB),Yes,C22H28N6O8,NaN,NaN,36.2,0.8,85.2703527365029,147,Fragmento de peptídeo identificado por sequenciamento.,NaN,Oligopeptide,NaN,Yes,Yes,Regras Locais (Peptídeo),503.187398555211,NaN,NaN,NaN
CSID16634127,gly-glu-his-tyr,Metabólito Endógeno (HMDB),Yes,C22H28N6O8,NaN,NaN,36,0,85.2703527365029,147,Fragmento de peptídeo identificado por sequenciamento.,NaN,Oligopeptide,NaN,Yes,Yes,Regras Locais (Peptídeo),503.187398555211,NaN,NaN,NaN
CSID16634290,gly-glu-trp-asn,Metabólito Endógeno (HMDB),Yes,C22H28N6O8,NaN,NaN,36.2,0.8,85.2703527365029,147,Fragmento de peptídeo identificado por sequenciamento.,NaN,Oligopeptide,NaN,Yes,Yes,Regras Locais (Peptídeo),503.187398555211,NaN,NaN,NaN
CSID16634315,gly-glu-tyr-his,Metabólito Endógeno (HMDB),Yes,C22H28N6O8,NaN,NaN,36,0,85.2703527365029,147,Fragmento de peptídeo identificado por sequenciamento.,NaN,Oligopeptide,NaN,Yes,Yes,Regras Locais (Peptídeo),503.187398555211,NaN,NaN,NaN
CSID16634421,gly-gln-asp-trp,Metabólito Endógeno (HMDB),Yes,C22H28N6O8,NaN,NaN,36.2,0.8,85.2703527365029,147,Fragmento de peptídeo identificado por sequenciamento.,NaN,Oligopeptide,NaN,Yes,Yes,Regras Locais (Peptídeo),503.187398555211,NaN,NaN,NaN
CSID16634684,gly-gln-trp-asp,Metabólito Endógeno (HMDB),Yes,C22H28N6O8,NaN,NaN,36.2,0.8,85.2703527365029,147,Fragmento de peptídeo identificado por sequenciamento.,NaN,Oligopeptide,NaN,Yes,Yes,Regras Locais (Peptídeo),503.187398555211,NaN,NaN,NaN
CSID16635231,gly-his-glu-tyr,Metabólito Endógeno (HMDB),Yes,C22H28N6O8,NaN,NaN,36,0,85.2703527365029,147,Fragmento de peptídeo identificado por sequenciamento.,NaN,Oligopeptide,NaN,Yes,Yes,Regras Locais (Peptídeo),503.187398555211,NaN,NaN,NaN
CSID16635477,gly-his-tyr-glu,Metabólito Endógeno (HMDB),Yes,C22H28N6O8,NaN,NaN,36,0,85.2703527365029,147,Fragmento de peptídeo identificado por sequenciamento.,NaN,Oligopeptide,NaN,Yes,Yes,Regras Locais (Peptídeo),503.187398555211,NaN,NaN,NaN
CSID16638731,gly-trp-asn-glu,Metabólito Endógeno (HMDB),Yes,C22H28N6O8,NaN,NaN,36.2,0.8,85.2703527365029,147,Fragmento de peptídeo identificado por sequenciamento.,NaN,Oligopeptide,NaN,Yes,Yes,Regras Locais (Peptídeo),503.187398555211,NaN,NaN,NaN
CSID16638752,gly-trp-asp-gln,Metabólito Endógeno (HMDB),Yes,C22H28N6O8,NaN,NaN,36.2,0.8,85.2703527365029,147,Fragmento de peptídeo identificado por sequenciamento.,NaN,Oligopeptide,NaN,Yes,Yes,Regras Locais (Peptídeo),503.187398555211,NaN,NaN,NaN
CSID16638788,gly-trp-glu-asn,Metabólito Endógeno (HMDB),Yes,C22H28N6O8,NaN,NaN,36.2,0.8,85.2703527365029,147,Fragmento de peptídeo identificado por sequenciamento.,NaN,Oligopeptide,NaN,Yes,Yes,Regras Locais (Peptídeo),503.187398555211,NaN,NaN,NaN
CSID16638809,gly-trp-gln-asp,Metabólito Endógeno (HMDB),Yes,C22H28N6O8,NaN,NaN,36.2,0.8,85.2703527365029,147,Fragmento de peptídeo identificado por sequenciamento.,NaN,Oligopeptide,NaN,Yes,Yes,Regras Locais (Peptídeo),503.187398555211,NaN,NaN,NaN
CSID16639194,gly-tyr-glu-his,Metabólito Endógeno (HMDB),Yes,C22H28N6O8,NaN,NaN,36,0,85.2703527365029,147,Fragmento de peptídeo identificado por sequenciamento.,NaN,Oligopeptide,NaN,Yes,Yes,Regras Locais (Peptídeo),503.187398555211,NaN,NaN,NaN
CSID16639251,gly-tyr-his-glu,Metabólito Endógeno (HMDB),Yes,C22H28N6O8,NaN,NaN,36,0,85.2703527365029,147,Fragmento de peptídeo identificado por sequenciamento.,NaN,Oligopeptide,NaN,Yes,Yes,Regras Locais (Peptídeo),503.187398555211,NaN,NaN,NaN
CSID16639963,his-ala-asp-tyr,Metabólito Endógeno (HMDB),Yes,C22H28N6O8,NaN,NaN,36,0,85.2703527365029,147,Fragmento de peptídeo identificado por sequenciamento.,NaN,Oligopeptide,NaN,Yes,Yes,Regras Locais (Peptídeo),503.187398555211,NaN,NaN,NaN
CSID16640248,his-ala-tyr-asp,Metabólito Endógeno (HMDB),Yes,C22H28N6O8,NaN,NaN,36,0,85.2703527365029,147,Fragmento de peptídeo identificado por sequenciamento.,NaN,Oligopeptide,NaN,Yes,Yes,Regras Locais (Peptídeo),503.187398555211,NaN,NaN,NaN
CSID16641102,his-asp-ala-tyr,Metabólito Endógeno (HMDB),Yes,C22H28N6O8,NaN,NaN,36,0,85.2703527365029,147,Fragmento de peptídeo identificado por sequenciamento.,NaN,Oligopeptide,NaN,Yes,Yes,Regras Locais (Peptídeo),503.187398555211,NaN,NaN,NaN
CSID16641359,his-asp-phe-ser,Metabólito Endógeno (HMDB),Yes,C22H28N6O8,NaN,NaN,36,0,85.2703527365029,147,Fragmento de peptídeo identificado por sequenciamento.,NaN,Oligopeptide,NaN,Yes,Yes,Regras Locais (Peptídeo),503.187398555211,NaN,NaN,NaN
CSID16641397,his-asp-ser-phe,Metabólito Endógeno (HMDB),Yes,C22H28N6O8,NaN,NaN,36,0,85.2703527365029,147,Fragmento de peptídeo identificado por sequenciamento.,NaN,Oligopeptide,NaN,Yes,Yes,Regras Locais (Peptídeo),503.187398555211,NaN,NaN,NaN
CSID16641444,his-asp-tyr-ala,Metabólito Endógeno (HMDB),Yes,C22H28N6O8,NaN,NaN,36,0,85.2703527365029,147,Fragmento de peptídeo identificado por sequenciamento.,NaN,Oligopeptide,NaN,Yes,Yes,Regras Locais (Peptídeo),503.187398555211,NaN,NaN,NaN
CSID16642039,his-glu-gly-tyr,Metabólito Endógeno (HMDB),Yes,C22H28N6O8,NaN,NaN,36,0,85.2703527365029,147,Fragmento de peptídeo identificado por sequenciamento.,NaN,Oligopeptide,NaN,Yes,Yes,Regras Locais (Peptídeo),503.187398555211,NaN,NaN,NaN
CSID16642248,his-glu-tyr-gly,Metabólito Endógeno (HMDB),Yes,C22H28N6O8,NaN,NaN,36,0,85.2703527365029,147,Fragmento de peptídeo identificado por sequenciamento.,NaN,Oligopeptide,NaN,Yes,Yes,Regras Locais (Peptídeo),503.187398555211,NaN,NaN,NaN
CSID16642799,his-gly-glu-tyr,Metabólito Endógeno (HMDB),Yes,C22H28N6O8,NaN,NaN,36,0,85.2703527365029,147,Fragmento de peptídeo identificado por sequenciamento.,NaN,Oligopeptide,NaN,Yes,Yes,Regras Locais (Peptídeo),503.187398555211,NaN,NaN,NaN
CSID16643046,his-gly-tyr-glu,Metabólito Endógeno (HMDB),Yes,C22H28N6O8,NaN,NaN,36,0,85.2703527365029,147,Fragmento de peptídeo identificado por sequenciamento.,NaN,Oligopeptide,NaN,Yes,Yes,Regras Locais (Peptídeo),503.187398555211,NaN,NaN,NaN
CSID16645152,his-phe-asp-ser,Metabólito Endógeno (HMDB),Yes,C22H28N6O8,NaN,NaN,36,0,85.2703527365029,147,Fragmento de peptídeo identificado por sequenciamento.,NaN,Oligopeptide,NaN,Yes,Yes,Regras Locais (Peptídeo),503.187398555211,NaN,NaN,NaN
CSID16645379,his-phe-ser-asp,Metabólito Endógeno (HMDB),Yes,C22H28N6O8,NaN,NaN,36,0,85.2703527365029,147,Fragmento de peptídeo identificado por sequenciamento.,NaN,Oligopeptide,NaN,Yes,Yes,Regras Locais (Peptídeo),503.187398555211,NaN,NaN,NaN
CSID16645941,his-ser-asp-phe,Metabólito Endógeno (HMDB),Yes,C22H28N6O8,NaN,NaN,36,0,85.2703527365029,147,Fragmento de peptídeo identificado por sequenciamento.,NaN,Oligopeptide,NaN,Yes,Yes,Regras Locais (Peptídeo),503.187398555211,NaN,NaN,NaN
CSID16646131,his-ser-phe-asp,Metabólito Endógeno (HMDB),Yes,C22H28N6O8,NaN,NaN,36,0,85.2703527365029,147,Fragmento de peptídeo identificado por sequenciamento.,NaN,Oligopeptide,NaN,Yes,Yes,Regras Locais (Peptídeo),503.187398555211,NaN,NaN,NaN
CSID16647071,his-tyr-ala-asp,Metabólito Endógeno (HMDB),Yes,C22H28N6O8,NaN,NaN,36,0,85.2703527365029,147,Fragmento de peptídeo identificado por sequenciamento.,NaN,Oligopeptide,NaN,Yes,Yes,Regras Locais (Peptídeo),503.187398555211,NaN,NaN,NaN
CSID16647128,his-tyr-asp-ala,Metabólito Endógeno (HMDB),Yes,C22H28N6O8,NaN,NaN,36,0,85.2703527365029,147,Fragmento de peptídeo identificado por sequenciamento.,NaN,Oligopeptide,NaN,Yes,Yes,Regras Locais (Peptídeo),503.187398555211,NaN,NaN,NaN
CSID16647175,his-tyr-glu-gly,Metabólito Endógeno (HMDB),Yes,C22H28N6O8,NaN,NaN,36,0,85.2703527365029,147,Fragmento de peptídeo identificado por sequenciamento.,NaN,Oligopeptide,NaN,Yes,Yes,Regras Locais (Peptídeo),503.187398555211,NaN,NaN,NaN
CSID16647213,his-tyr-gly-glu,Metabólito Endógeno (HMDB),Yes,C22H28N6O8,NaN,NaN,36,0,85.2703527365029,147,Fragmento de peptídeo identificado por sequenciamento.,NaN,Oligopeptide,NaN,Yes,Yes,Regras Locais (Peptídeo),503.187398555211,NaN,NaN,NaN
CSID16681147,phe-asp-his-ser,Metabólito Endógeno (HMDB),Yes,C22H28N6O8,NaN,NaN,36,0,85.2703527365029,147,Fragmento de peptídeo identificado por sequenciamento.,NaN,Oligopeptide,NaN,Yes,Yes,Regras Locais (Peptídeo),503.187398555211,NaN,NaN,NaN
CSID16681280,phe-asp-ser-his,Metabólito Endógeno (HMDB),Yes,C22H28N6O8,NaN,NaN,36,0,85.2703527365029,147,Fragmento de peptídeo identificado por sequenciamento.,NaN,Oligopeptide,NaN,Yes,Yes,Regras Locais (Peptídeo),503.187398555211,NaN,NaN,NaN
CSID16683036,phe-his-asp-ser,Metabólito Endógeno (HMDB),Yes,C22H28N6O8,NaN,NaN,36,0,85.2703527365029,147,Fragmento de peptídeo identificado por sequenciamento.,NaN,Oligopeptide,NaN,Yes,Yes,Regras Locais (Peptídeo),503.187398555211,NaN,NaN,NaN
CSID16683264,phe-his-ser-asp,Metabólito Endógeno (HMDB),Yes,C22H28N6O8,NaN,NaN,36,0,85.2703527365029,147,Fragmento de peptídeo identificado por sequenciamento.,NaN,Oligopeptide,NaN,Yes,Yes,Regras Locais (Peptídeo),503.187398555211,NaN,NaN,NaN
CSID16685808,phe-ser-asp-his,Metabólito Endógeno (HMDB),Yes,C22H28N6O8,NaN,NaN,36,0,85.2703527365029,147,Fragmento de peptídeo identificado por sequenciamento.,NaN,Oligopeptide,NaN,Yes,Yes,Regras Locais (Peptídeo),503.187398555211,NaN,NaN,NaN
CSID16685903,phe-ser-his-asp,Metabólito Endógeno (HMDB),Yes,C22H28N6O8,NaN,NaN,36,0,85.2703527365029,147,Fragmento de peptídeo identificado por sequenciamento.,NaN,Oligopeptide,NaN,Yes,Yes,Regras Locais (Peptídeo),503.187398555211,NaN,NaN,NaN
CSID16697083,ser-asp-his-phe,Metabólito Endógeno (HMDB),Yes,C22H28N6O8,NaN,NaN,36,0,85.2703527365029,147,Fragmento de peptídeo identificado por sequenciamento.,NaN,Oligopeptide,NaN,Yes,Yes,Regras Locais (Peptídeo),503.187398555211,NaN,NaN,NaN
CSID16697177,ser-asp-phe-his,Metabólito Endógeno (HMDB),Yes,C22H28N6O8,NaN,NaN,36,0,85.2703527365029,147,Fragmento de peptídeo identificado por sequenciamento.,NaN,Oligopeptide,NaN,Yes,Yes,Regras Locais (Peptídeo),503.187398555211,NaN,NaN,NaN
CSID16698982,ser-his-asp-phe,Metabólito Endógeno (HMDB),Yes,C22H28N6O8,NaN,NaN,36,0,85.2703527365029,147,Fragmento de peptídeo identificado por sequenciamento.,NaN,Oligopeptide,NaN,Yes,Yes,Regras Locais (Peptídeo),503.187398555211,NaN,NaN,NaN
CSID16699172,ser-his-phe-asp,Metabólito Endógeno (HMDB),Yes,C22H28N6O8,NaN,NaN,36,0,85.2703527365029,147,Fragmento de peptídeo identificado por sequenciamento.,NaN,Oligopeptide,NaN,Yes,Yes,Regras Locais (Peptídeo),503.187398555211,NaN,NaN,NaN
CSID16700976,ser-phe-asp-his,Metabólito Endógeno (HMDB),Yes,C22H28N6O8,NaN,NaN,36,0,85.2703527365029,147,Fragmento de peptídeo identificado por sequenciamento.,NaN,Oligopeptide,NaN,Yes,Yes,Regras Locais (Peptídeo),503.187398555211,NaN,NaN,NaN
CSID16701071,ser-phe-his-asp,Metabólito Endógeno (HMDB),Yes,C22H28N6O8,NaN,NaN,36,0,85.2703527365029,147,Fragmento de peptídeo identificado por sequenciamento.,NaN,Oligopeptide,NaN,Yes,Yes,Regras Locais (Peptídeo),503.187398555211,NaN,NaN,NaN
CSID16711742,trp-ala-asn-asp,Metabólito Endógeno (HMDB),Yes,C22H28N6O8,NaN,NaN,36.2,0.8,85.2703527365029,147,Fragmento de peptídeo identificado por sequenciamento.,NaN,Oligopeptide,NaN,Yes,Yes,Regras Locais (Peptídeo),503.187398555211,NaN,NaN,NaN
CSID16711761,trp-ala-asp-asn,Metabólito Endógeno (HMDB),Yes,C22H28N6O8,NaN,NaN,36.2,0.8,85.2703527365029,147,Fragmento de peptídeo identificado por sequenciamento.,NaN,Oligopeptide,NaN,Yes,Yes,Regras Locais (Peptídeo),503.187398555211,NaN,NaN,NaN
CSID16712499,trp-asn-ala-asp,Metabólito Endógeno (HMDB),Yes,C22H28N6O8,NaN,NaN,36.2,0.8,85.2703527365029,147,Fragmento de peptídeo identificado por sequenciamento.,NaN,Oligopeptide,NaN,Yes,Yes,Regras Locais (Peptídeo),503.187398555211,NaN,NaN,NaN
CSID16712556,trp-asn-asp-ala,Metabólito Endógeno (HMDB),Yes,C22H28N6O8,NaN,NaN,36.2,0.8,85.2703527365029,147,Fragmento de peptídeo identificado por sequenciamento.,NaN,Oligopeptide,NaN,Yes,Yes,Regras Locais (Peptídeo),503.187398555211,NaN,NaN,NaN
CSID16712603,trp-asn-glu-gly,Metabólito Endógeno (HMDB),Yes,C22H28N6O8,NaN,NaN,36.2,0.8,85.2703527365029,147,Fragmento de peptídeo identificado por sequenciamento.,NaN,Oligopeptide,NaN,Yes,Yes,Regras Locais (Peptídeo),503.187398555211,NaN,NaN,NaN
CSID16712641,trp-asn-gly-glu,Metabólito Endógeno (HMDB),Yes,C22H28N6O8,NaN,NaN,36.2,0.8,85.2703527365029,147,Fragmento de peptídeo identificado por sequenciamento.,NaN,Oligopeptide,NaN,Yes,Yes,Regras Locais (Peptídeo),503.187398555211,NaN,NaN,NaN
CSID16712898,trp-asp-ala-asn,Metabólito Endógeno (HMDB),Yes,C22H28N6O8,NaN,NaN,36.2,0.8,85.2703527365029,147,Fragmento de peptídeo identificado por sequenciamento.,NaN,Oligopeptide,NaN,Yes,Yes,Regras Locais (Peptídeo),503.187398555211,NaN,NaN,NaN
CSID16712936,trp-asp-asn-ala,Metabólito Endógeno (HMDB),Yes,C22H28N6O8,NaN,NaN,36.2,0.8,85.2703527365029,147,Fragmento de peptídeo identificado por sequenciamento.,NaN,Oligopeptide,NaN,Yes,Yes,Regras Locais (Peptídeo),503.187398555211,NaN,NaN,NaN
CSID16713023,trp-asp-gln-gly,Metabólito Endógeno (HMDB),Yes,C22H28N6O8,NaN,NaN,36.2,0.8,85.2703527365029,147,Fragmento de peptídeo identificado por sequenciamento.,NaN,Oligopeptide,NaN,Yes,Yes,Regras Locais (Peptídeo),503.187398555211,NaN,NaN,NaN
CSID16713042,trp-asp-gly-gln,Metabólito Endógeno (HMDB),Yes,C22H28N6O8,NaN,NaN,36.2,0.8,85.2703527365029,147,Fragmento de peptídeo identificado por sequenciamento.,NaN,Oligopeptide,NaN,Yes,Yes,Regras Locais (Peptídeo),503.187398555211,NaN,NaN,NaN
CSID16713743,trp-glu-asn-gly,Metabólito Endógeno (HMDB),Yes,C22H28N6O8,NaN,NaN,36.2,0.8,85.2703527365029,147,Fragmento de peptídeo identificado por sequenciamento.,NaN,Oligopeptide,NaN,Yes,Yes,Regras Locais (Peptídeo),503.187398555211,NaN,NaN,NaN
CSID16713838,trp-glu-gly-asn,Metabólito Endógeno (HMDB),Yes,C22H28N6O8,NaN,NaN,36.2,0.8,85.2703527365029,147,Fragmento de peptídeo identificado por sequenciamento.,NaN,Oligopeptide,NaN,Yes,Yes,Regras Locais (Peptídeo),503.187398555211,NaN,NaN,NaN
CSID16714162,trp-gln-asp-gly,Metabólito Endógeno (HMDB),Yes,C22H28N6O8,NaN,NaN,36.2,0.8,85.2703527365029,147,Fragmento de peptídeo identificado por sequenciamento.,NaN,Oligopeptide,NaN,Yes,Yes,Regras Locais (Peptídeo),503.187398555211,NaN,NaN,NaN
CSID16714238,trp-gln-gly-asp,Metabólito Endógeno (HMDB),Yes,C22H28N6O8,NaN,NaN,36.2,0.8,85.2703527365029,147,Fragmento de peptídeo identificado por sequenciamento.,NaN,Oligopeptide,NaN,Yes,Yes,Regras Locais (Peptídeo),503.187398555211,NaN,NaN,NaN
CSID16714540,trp-gly-asn-glu,Metabólito Endógeno (HMDB),Yes,C22H28N6O8,NaN,NaN,36.2,0.8,85.2703527365029,147,Fragmento de peptídeo identificado por sequenciamento.,NaN,Oligopeptide,NaN,Yes,Yes,Regras Locais (Peptídeo),503.187398555211,NaN,NaN,NaN
CSID16714561,trp-gly-asp-gln,Metabólito Endógeno (HMDB),Yes,C22H28N6O8,NaN,NaN,36.2,0.8,85.2703527365029,147,Fragmento de peptídeo identificado por sequenciamento.,NaN,Oligopeptide,NaN,Yes,Yes,Regras Locais (Peptídeo),503.187398555211,NaN,NaN,NaN
CSID16714597,trp-gly-glu-asn,Metabólito Endógeno (HMDB),Yes,C22H28N6O8,NaN,NaN,36.2,0.8,85.2703527365029,147,Fragmento de peptídeo identificado por sequenciamento.,NaN,Oligopeptide,NaN,Yes,Yes,Regras Locais (Peptídeo),503.187398555211,NaN,NaN,NaN
CSID16714618,trp-gly-gln-asp,Metabólito Endógeno (HMDB),Yes,C22H28N6O8,NaN,NaN,36.2,0.8,85.2703527365029,147,Fragmento de peptídeo identificado por sequenciamento.,NaN,Oligopeptide,NaN,Yes,Yes,Regras Locais (Peptídeo),503.187398555211,NaN,NaN,NaN
CSID16719757,tyr-ala-asp-his,Metabólito Endógeno (HMDB),Yes,C22H28N6O8,NaN,NaN,36,0,85.2703527365029,147,Fragmento de peptídeo identificado por sequenciamento.,NaN,Oligopeptide,NaN,Yes,Yes,Regras Locais (Peptídeo),503.187398555211,NaN,NaN,NaN
CSID16719851,tyr-ala-his-asp,Metabólito Endógeno (HMDB),Yes,C22H28N6O8,NaN,NaN,36,0,85.2703527365029,147,Fragmento de peptídeo identificado por sequenciamento.,NaN,Oligopeptide,NaN,Yes,Yes,Regras Locais (Peptídeo),503.187398555211,NaN,NaN,NaN
CSID16720888,tyr-asp-ala-his,Metabólito Endógeno (HMDB),Yes,C22H28N6O8,NaN,NaN,36,0,85.2703527365029,147,Fragmento de peptídeo identificado por sequenciamento.,NaN,Oligopeptide,NaN,Yes,Yes,Regras Locais (Peptídeo),503.187398555211,NaN,NaN,NaN
CSID16721039,tyr-asp-his-ala,Metabólito Endógeno (HMDB),Yes,C22H28N6O8,NaN,NaN,36,0,85.2703527365029,147,Fragmento de peptídeo identificado por sequenciamento.,NaN,Oligopeptide,NaN,Yes,Yes,Regras Locais (Peptídeo),503.187398555211,NaN,NaN,NaN
CSID16721825,tyr-glu-gly-his,Metabólito Endógeno (HMDB),Yes,C22H28N6O8,NaN,NaN,36,0,85.2703527365029,147,Fragmento de peptídeo identificado por sequenciamento.,NaN,Oligopeptide,NaN,Yes,Yes,Regras Locais (Peptídeo),503.187398555211,NaN,NaN,NaN
CSID16721844,tyr-glu-his-gly,Metabólito Endógeno (HMDB),Yes,C22H28N6O8,NaN,NaN,36,0,85.2703527365029,147,Fragmento de peptídeo identificado por sequenciamento.,NaN,Oligopeptide,NaN,Yes,Yes,Regras Locais (Peptídeo),503.187398555211,NaN,NaN,NaN
CSID16722583,tyr-gly-glu-his,Metabólito Endógeno (HMDB),Yes,C22H28N6O8,NaN,NaN,36,0,85.2703527365029,147,Fragmento de peptídeo identificado por sequenciamento.,NaN,Oligopeptide,NaN,Yes,Yes,Regras Locais (Peptídeo),503.187398555211,NaN,NaN,NaN
CSID16722635,tyr-gly-his-glu,Metabólito Endógeno (HMDB),Yes,C22H28N6O8,NaN,NaN,36,0,85.2703527365029,147,Fragmento de peptídeo identificado por sequenciamento.,NaN,Oligopeptide,NaN,Yes,Yes,Regras Locais (Peptídeo),503.187398555211,NaN,NaN,NaN
CSID16722871,tyr-his-ala-asp,Metabólito Endógeno (HMDB),Yes,C22H28N6O8,NaN,NaN,36,0,85.2703527365029,147,Fragmento de peptídeo identificado por sequenciamento.,NaN,Oligopeptide,NaN,Yes,Yes,Regras Locais (Peptídeo),503.187398555211,NaN,NaN,NaN
CSID16722928,tyr-his-asp-ala,Metabólito Endógeno (HMDB),Yes,C22H28N6O8,NaN,NaN,36,0,85.2703527365029,147,Fragmento de peptídeo identificado por sequenciamento.,NaN,Oligopeptide,NaN,Yes,Yes,Regras Locais (Peptídeo),503.187398555211,NaN,NaN,NaN
CSID16722975,tyr-his-glu-gly,Metabólito Endógeno (HMDB),Yes,C22H28N6O8,NaN,NaN,36,0,85.2703527365029,147,Fragmento de peptídeo identificado por sequenciamento.,NaN,Oligopeptide,NaN,Yes,Yes,Regras Locais (Peptídeo),503.187398555211,NaN,NaN,NaN
CSID16723013,tyr-his-gly-glu,Metabólito Endógeno (HMDB),Yes,C22H28N6O8,NaN,NaN,36,0,85.2703527365029,147,Fragmento de peptídeo identificado por sequenciamento.,NaN,Oligopeptide,NaN,Yes,Yes,Regras Locais (Peptídeo),503.187398555211,NaN,NaN,NaN
1077816,"7-(2-fluoro-4-methoxyphenyl)-2-(2-phenylethyl)-[1,2,4]triazolo[1,5-a]pyrimidine",Sintético / Indefinido,C20H17FN4O,NaN,NaN,36.7,0,83.6645874744811,9,NaN,NaN,No,No,NaN,347.131329445634,NaN,NaN,NaN
CSID67164811,"Sulfanediylbis(4,1-phenyleneoxy-2-hydroxy-3,1-propanediyl) bis(2-methylacrylate)",Sintético / Indefinido,C26H30O8S,NaN,NaN,35.2,0.00108,80.0103834513285,11,NaN,NaN,No,No,NaN,501.157114247353,NaN,NaN,NaN
45268,AL 8810 ethyl amide,Sintético / Indefinido,C26H36FNO3,NaN,NaN,36.5,0,83.575462108807,6,NaN,NaN,No,No,NaN,428.260345571423,NaN,NaN,NaN
CSID67173872,"6,7,8-Triphenyl[1,2,4]triazolo[4,3-b]pyridazine",Sintético / Indefinido,C23H16N4,NaN,NaN,35.5,0,81.2148672191897,9,NaN,NaN,No,No,NaN,347.131329445634,NaN,NaN,NaN
CSID317091,Adozelesin,Sintético / Indefinido,C30H22N4O4,NaN,NaN,37,0,85.6385831456806,11,NaN,NaN,No,No,NaN,501.157114247353,NaN,NaN,NaN
CSID30778608,"8-Chloro-5-(β-L-glucopyranuronosyl)-11-(4-methyl-1-piperazinyl)-5H-dibenzo[b,e][1,4]diazepine",Sintético / Indefinido,C24H27ClN4O6,NaN,NaN,34.6,13.6,65.2582860225128,11,NaN,NaN,No,No,NaN,501.157114247353,NaN,NaN,NaN
1001642,1-[4-methyl-2-(4-methylpiperazin-1-yl)quinolin-6-yl]-3-[3-(4-methylpiperazin-1-yl)propyl]thiourea,Sintético / Indefinido,C24H37N7S,NaN,NaN,37.5,0,88.9207350226938,49,NaN,NaN,No,No,NaN,454.27642327454,NaN,NaN,NaN
1006187,"N-(2,5-difluorophenyl)-2-(4-methyl-6-oxo-2-pyrrolidin-1-ylpyrimidin-1-yl)acetamide",Sintético / Indefinido,C17H18F2N4O2,NaN,NaN,36.4,0,86.1881687253367,9,NaN,NaN,No,No,NaN,347.131329445634,NaN,NaN,NaN
1022691,"N-(3,5-difluorophenyl)-2-(4-methyl-6-oxo-2-pyrrolidin-1-ylpyrimidin-1-yl)acetamide",Sintético / Indefinido,C17H18F2N4O2,NaN,NaN,36.4,0,86.1881687253367,9,NaN,NaN,No,No,NaN,347.131329445634,NaN,NaN,NaN
1033027,"7-(4-fluoro-2-methoxyphenyl)-2-(2-phenylethyl)-[1,2,4]triazolo[1,5-a]pyrimidine",Sintético / Indefinido,C20H17FN4O,NaN,NaN,36.7,0,83.6645874744811,9,NaN,NaN,No,No,NaN,347.131329445634,NaN,NaN,NaN
CSID67158364,"(3,8-Diphenyl-1,6-pyrenediyl)bis(dimethylsilanol)",Sintético / Indefinido,C32H30O2Si2,NaN,NaN,35,0,78.4841295628709,1,NaN,NaN,No,No,NaN,501.172576035459,NaN,NaN,NaN
CSID49889,Mifepristone,Produto Natural,Yes,C29H35NO2,CC#C[C@@]1(CC[C@@H]2[C@@]1(C[C@@H](C3=C4CCC(=O)C=C4CC[C@@H]23)C5=CC=C(C=C5)N(C)C)C)O,"(8S,11R,13S,14S,17S)-11-[4-(dimethylamino)phenyl]-17-hydroxy-13-methyl-17-prop-1-ynyl-1,2,6,7,8,11,12,14,15,16-decahydrocyclopenta[a]phenanthren-3-one",43.8,40,81.1316564238829,6,"Mifepristone is a 3-oxo-Delta(4) steroid, a tertiary amino compound and an acetylenic compound. It has a role as a hormone antagonist, a contraceptive drug, a synthetic oral contraceptive and an abortifacient. It derives from a hydride of an estrane.",NaN,Small molecule,4.0,No,No,ChEBI,428.260345571423,VKHAHZOOUSRJNA-GCNJZUOMSA-N,NaN,NaN
CSID16736561,Adozelesin,Sintético / Indefinido,C30H22N4O4,NaN,NaN,37,0,85.6385831456806,11,NaN,NaN,No,No,NaN,501.157114247353,NaN,NaN,NaN
1037274,"N-(2,4-difluorophenyl)-3-(2-hydroxyethyl)-1-pyrimidin-2-ylpyrrolidine-3-carboxamide",Sintético / Indefinido,C17H18F2N4O2,NaN,NaN,36.4,0,86.1881687253367,9,NaN,NaN,No,No,NaN,347.131329445634,NaN,NaN,NaN
CSID2300875,Miproxifene,Sintético / Indefinido,No,C29H35NO2,CC/C(=C(\C1=CC=C(C=C1)O)/C2=CC=C(C=C2)OCCN(C)C)/C3=CC=C(C=C3)C(C)C,4-[(Z)-1-[4-[2-(dimethylamino)ethoxy]phenyl]-2-(4-propan-2-ylphenyl)but-1-enyl]phenol,36,1.27,81.1316564238829,6,NaN,NaN,Small molecule,2.0,No,No,NaN,428.260345571423,FVVPWVFWOOMXEZ-ZIADKAODSA-N,NaN,NaN
CSID21629520,"2-(3,6-Diphenyl-4-pyridazinyl)-1H-benzimidazole",Sintético / Indefinido,C23H16N4,NaN,NaN,35.5,0,81.2148672191897,9,NaN,NaN,No,No,NaN,347.131329445634,NaN,NaN,NaN
CSID5293205,Adozelesin,Sintético / Indefinido,No,C30H22N4O4,CC1=CNC2=C1[C@@]34C[C@@H]3CN(C4=CC2=O)C(=O)C5=CC6=C(N5)C=CC(=C6)NC(=O)C7=CC8=CC=CC=C8O7,"N-[2-[(1R,12S)-3-methyl-7-oxo-5,10-diazatetracyclo[7.4.0.01,12.02,6]trideca-2(6),3,8-triene-10-carbonyl]-1H-indol-5-yl]-1-benzofuran-2-carboxamide",37,0,85.6385831456806,11,Adozelesin is an indolecarboxamide.,NaN,Small molecule,2.0,No,No,ChEBI,501.157114247353,BYRVKDUQDLJUBX-JJCDCTGGSA-N,NaN,NaN
LMPK12120122,Demethoxyisogemichalcone C,Produto Natural,Yes,C29H26O8,C/C(=C\CC1=C(C=CC(=C1O)C(=O)/C=C/C2=C(C=C(C=C2)O)O)O)/COC(=O)/C=C/C3=CC=C(C=C3)O,"[(E)-4-[3-[(E)-3-(2,4-dihydroxyphenyl)prop-2-enoyl]-2,6-dihydroxyphenyl]-2-methylbut-2-enyl] (E)-3-(4-hydroxyphenyl)prop-2-enoate",36,0,84.0397502750505,11,Demethoxyisogemichalcone C is a member of chalcones.,NaN,Small molecule,NaN,No,No,ChEBI,501.157114247353,XXQUTHYOIGFGPG-MPKNGZDBSA-N,NaN,NaN
CSID20459,Benzindopyrine hydrochloride,Sintético / Indefinido,No,C22H21ClN2,C1=CC=C(C=C1)CN2C=C(C3=CC=CC=C32)CCC4=CC=NC=C4.Cl,1-benzyl-3-(2-pyridin-4-ylethyl)indole;hydrochloride,32,0,62.6495014078487,9,NaN,NaN,Small molecule,-1.0,No,No,NaN,347.131329445634,FPHIGGMDBMWPDB-UHFFFAOYSA-N,NaN,NaN
CSID67174425,"7,7,9,9-Tetramethyl-3-[3-(triethoxysilyl)propyl]-1,3,8-triazaspiro[4.5]decane-2,4-dione",Sintético / Indefinido,C20H39N3O5Si,NaN,NaN,35.3,0,81.1732603061414,6,NaN,NaN,No,No,NaN,428.260345571423,NaN,NaN,NaN
CSID16629914,gln-pro-trp-tyr,Metabólito Endógeno (HMDB),Yes,C30H36N6O7,NaN,NaN,43.8,30.3,94.2917751966369,30,Fragmento de peptídeo identificado por sequenciamento.,NaN,Oligopeptide,NaN,Yes,Yes,Regras Locais (Peptídeo),591.254472919676,NaN,NaN,NaN
CSID16629933,gln-pro-tyr-trp,Metabólito Endógeno (HMDB),Yes,C30H36N6O7,NaN,NaN,43.8,30.3,94.2917751966369,30,Fragmento de peptídeo identificado por sequenciamento.,NaN,Oligopeptide,NaN,Yes,Yes,Regras Locais (Peptídeo),591.254472919676,NaN,NaN,NaN
CSID16631054,gln-trp-pro-tyr,Metabólito Endógeno (HMDB),Yes,C30H36N6O7,NaN,NaN,43.8,30.3,94.2917751966369,30,Fragmento de peptídeo identificado por sequenciamento.,NaN,Oligopeptide,NaN,Yes,Yes,Regras Locais (Peptídeo),591.254472919676,NaN,NaN,NaN
CSID16631130,gln-trp-tyr-pro,Metabólito Endógeno (HMDB),Yes,C30H36N6O7,NaN,NaN,55.4,88,94.2917751966369,30,Fragmento de peptídeo identificado por sequenciamento.,NaN,Oligopeptide,NaN,Yes,Yes,Regras Locais (Peptídeo),591.254472919676,NaN,NaN,NaN
CSID16631453,gln-tyr-pro-trp,Metabólito Endógeno (HMDB),Yes,C30H36N6O7,NaN,NaN,43.8,30.3,94.2917751966369,30,Fragmento de peptídeo identificado por sequenciamento.,NaN,Oligopeptide,NaN,Yes,Yes,Regras Locais (Peptídeo),591.254472919676,NaN,NaN,NaN
CSID16631510,gln-tyr-trp-pro,Metabólito Endógeno (HMDB),Yes,C30H36N6O7,NaN,NaN,55.4,88,94.2917751966369,30,Fragmento de peptídeo identificado por sequenciamento.,NaN,Oligopeptide,NaN,Yes,Yes,Regras Locais (Peptídeo),591.254472919676,NaN,NaN,NaN
CSID16690485,pro-gln-trp-tyr,Metabólito Endógeno (HMDB),Yes,C30H36N6O7,NaN,NaN,43.8,30.3,94.2917751966369,30,Fragmento de peptídeo identificado por sequenciamento.,NaN,Oligopeptide,NaN,Yes,Yes,Regras Locais (Peptídeo),591.254472919676,NaN,NaN,NaN
CSID16690504,pro-gln-tyr-trp,Metabólito Endógeno (HMDB),Yes,C30H36N6O7,NaN,NaN,43.8,30.3,94.2917751966369,30,Fragmento de peptídeo identificado por sequenciamento.,NaN,Oligopeptide,NaN,Yes,Yes,Regras Locais (Peptídeo),591.254472919676,NaN,NaN,NaN
CSID16694651,pro-trp-gln-tyr,Metabólito Endógeno (HMDB),Yes,C30H36N6O7,NaN,NaN,43.8,30.3,94.2917751966369,30,Fragmento de peptídeo identificado por sequenciamento.,NaN,Oligopeptide,NaN,Yes,Yes,Regras Locais (Peptídeo),591.254472919676,NaN,NaN,NaN
CSID16694879,pro-trp-tyr-gln,Metabólito Endógeno (HMDB),Yes,C30H36N6O7,NaN,NaN,43.8,30.3,94.2917751966369,30,Fragmento de peptídeo identificado por sequenciamento.,NaN,Oligopeptide,NaN,Yes,Yes,Regras Locais (Peptídeo),591.254472919676,NaN,NaN,NaN
CSID16695050,pro-tyr-gln-trp,Metabólito Endógeno (HMDB),Yes,C30H36N6O7,NaN,NaN,43.8,30.3,94.2917751966369,30,Fragmento de peptídeo identificado por sequenciamento.,NaN,Oligopeptide,NaN,Yes,Yes,Regras Locais (Peptídeo),591.254472919676,NaN,NaN,NaN
CSID16695259,pro-tyr-trp-gln,Metabólito Endógeno (HMDB),Yes,C30H36N6O7,NaN,NaN,43.8,30.3,94.2917751966369,30,Fragmento de peptídeo identificado por sequenciamento.,NaN,Oligopeptide,NaN,Yes,Yes,Regras Locais (Peptídeo),591.254472919676,NaN,NaN,NaN
CSID16710460,thr-thr-trp-trp,Metabólito Endógeno (HMDB),Yes,C30H36N6O7,NaN,NaN,43.8,30.4,94.2917751966369,30,Fragmento de peptídeo identificado por sequenciamento.,NaN,Oligopeptide,NaN,Yes,Yes,Regras Locais (Peptídeo),591.254472919676,NaN,NaN,NaN
CSID16710840,thr-trp-thr-trp,Metabólito Endógeno (HMDB),Yes,C30H36N6O7,NaN,NaN,43.8,30.4,94.2917751966369,30,Fragmento de peptídeo identificado por sequenciamento.,NaN,Oligopeptide,NaN,Yes,Yes,Regras Locais (Peptídeo),591.254472919676,NaN,NaN,NaN
CSID16710859,thr-trp-trp-thr,Metabólito Endógeno (HMDB),Yes,C30H36N6O7,NaN,NaN,43.9,30.5,94.2917751966369,30,Fragmento de peptídeo identificado por sequenciamento.,NaN,Oligopeptide,NaN,Yes,Yes,Regras Locais (Peptídeo),591.254472919676,NaN,NaN,NaN
CSID16714393,trp-gln-pro-tyr,Metabólito Endógeno (HMDB),Yes,C30H36N6O7,NaN,NaN,43.8,30.3,94.2917751966369,30,Fragmento de peptídeo identificado por sequenciamento.,NaN,Oligopeptide,NaN,Yes,Yes,Regras Locais (Peptídeo),591.254472919676,NaN,NaN,NaN
CSID16714469,trp-gln-tyr-pro,Metabólito Endógeno (HMDB),Yes,C30H36N6O7,NaN,NaN,55.4,88,94.2917751966369,30,Fragmento de peptídeo identificado por sequenciamento.,NaN,Oligopeptide,NaN,Yes,Yes,Regras Locais (Peptídeo),591.254472919676,NaN,NaN,NaN
CSID16717428,trp-pro-gln-tyr,Metabólito Endógeno (HMDB),Yes,C30H36N6O7,NaN,NaN,43.8,30.3,94.2917751966369,30,Fragmento de peptídeo identificado por sequenciamento.,NaN,Oligopeptide,NaN,Yes,Yes,Regras Locais (Peptídeo),591.254472919676,NaN,NaN,NaN
CSID16717656,trp-pro-tyr-gln,Metabólito Endógeno (HMDB),Yes,C30H36N6O7,NaN,NaN,43.8,30.3,94.2917751966369,30,Fragmento de peptídeo identificado por sequenciamento.,NaN,Oligopeptide,NaN,Yes,Yes,Regras Locais (Peptídeo),591.254472919676,NaN,NaN,NaN
CSID16718427,trp-thr-thr-trp,Metabólito Endógeno (HMDB),Yes,C30H36N6O7,NaN,NaN,43.8,30.4,94.2917751966369,30,Fragmento de peptídeo identificado por sequenciamento.,NaN,Oligopeptide,NaN,Yes,Yes,Regras Locais (Peptídeo),591.254472919676,NaN,NaN,NaN
CSID16718446,trp-thr-trp-thr,Metabólito Endógeno (HMDB),Yes,C30H36N6O7,NaN,NaN,43.9,30.5,94.2917751966369,30,Fragmento de peptídeo identificado por sequenciamento.,NaN,Oligopeptide,NaN,Yes,Yes,Regras Locais (Peptídeo),591.254472919676,NaN,NaN,NaN
CSID16718826,trp-trp-thr-thr,Metabólito Endógeno (HMDB),Yes,C30H36N6O7,NaN,NaN,43.9,30.5,94.2917751966369,30,Fragmento de peptídeo identificado por sequenciamento.,NaN,Oligopeptide,NaN,Yes,Yes,Regras Locais (Peptídeo),591.254472919676,NaN,NaN,NaN
CSID16719024,trp-tyr-gln-pro,Metabólito Endógeno (HMDB),Yes,C30H36N6O7,NaN,NaN,55.4,88,94.2917751966369,30,Fragmento de peptídeo identificado por sequenciamento.,NaN,Oligopeptide,NaN,Yes,Yes,Regras Locais (Peptídeo),591.254472919676,NaN,NaN,NaN
CSID16719176,trp-tyr-pro-gln,Metabólito Endógeno (HMDB),Yes,C30H36N6O7,NaN,NaN,43.8,30.3,94.2917751966369,30,Fragmento de peptídeo identificado por sequenciamento.,NaN,Oligopeptide,NaN,Yes,Yes,Regras Locais (Peptídeo),591.254472919676,NaN,NaN,NaN
CSID16722373,tyr-gln-pro-trp,Metabólito Endógeno (HMDB),Yes,C30H36N6O7,NaN,NaN,43.8,30.3,94.2917751966369,30,Fragmento de peptídeo identificado por sequenciamento.,NaN,Oligopeptide,NaN,Yes,Yes,Regras Locais (Peptídeo),591.254472919676,NaN,NaN,NaN
CSID16722430,tyr-gln-trp-pro,Metabólito Endógeno (HMDB),Yes,C30H36N6O7,NaN,NaN,55.4,88,94.2917751966369,30,Fragmento de peptídeo identificado por sequenciamento.,NaN,Oligopeptide,NaN,Yes,Yes,Regras Locais (Peptídeo),591.254472919676,NaN,NaN,NaN
CSID16725401,tyr-pro-gln-trp,Metabólito Endógeno (HMDB),Yes,C30H36N6O7,NaN,NaN,43.8,30.3,94.2917751966369,30,Fragmento de peptídeo identificado por sequenciamento.,NaN,Oligopeptide,NaN,Yes,Yes,Regras Locais (Peptídeo),591.254472919676,NaN,NaN,NaN
CSID16725610,tyr-pro-trp-gln,Metabólito Endógeno (HMDB),Yes,C30H36N6O7,NaN,NaN,43.8,30.3,94.2917751966369,30,Fragmento de peptídeo identificado por sequenciamento.,NaN,Oligopeptide,NaN,Yes,Yes,Regras Locais (Peptídeo),591.254472919676,NaN,NaN,NaN
CSID16726595,tyr-trp-gln-pro,Metabólito Endógeno (HMDB),Yes,C30H36N6O7,NaN,NaN,55.4,88,94.2917751966369,30,Fragmento de peptídeo identificado por sequenciamento.,NaN,Oligopeptide,NaN,Yes,Yes,Regras Locais (Peptídeo),591.254472919676,NaN,NaN,NaN
CSID16726746,tyr-trp-pro-gln,Metabólito Endógeno (HMDB),Yes,C30H36N6O7,NaN,NaN,43.8,30.3,94.2917751966369,30,Fragmento de peptídeo identificado por sequenciamento.,NaN,Oligopeptide,NaN,Yes,Yes,Regras Locais (Peptídeo),591.254472919676,NaN,NaN,NaN
CSID65791385,"2-Isothiocyanato-1,1′:2′,1″-terphenyl",Sintético / Indefinido,C19H13NS,NaN,NaN,35.6,0,81.1056254720523,5,NaN,NaN,No,No,NaN,286.068871448135,NaN,NaN,NaN
CSID6272964,"2-[(E)-2-(2-Naphthyl)vinyl]-1,3-benzothiazole",Sintético / Indefinido,C19H13NS,NaN,NaN,35.6,0,81.1056254720523,5,NaN,NaN,No,No,NaN,286.068871448135,NaN,NaN,NaN
CSID67027595,"(2S,3R,4S,5R)-2-(4-Amino-2-oxo-1(2H)-pyrimidinyl)-3,4-dihydroxy-5-(hydroxymethyl)tetrahydro-2-furancarboxylic acid (non-preferred name)",Sintético / Indefinido,C10H13N3O7,NaN,NaN,38.5,3.89,91.8697975162236,5,NaN,NaN,No,No,NaN,286.068871448135,NaN,NaN,NaN
CSID67498139,"N-{3-[(4,6-Diamino-1,3,5-triazin-2-yl)amino]-1,4-dioxo-1,4-dihydro-2-naphthalenyl}acetamide",Sintético / Indefinido,C15H13N7O3,NaN,NaN,50.6,64.5,89.0346985523302,9,NaN,NaN,No,No,NaN,338.100620378815,NaN,NaN,NaN
CSID67030408,"N,N-Diethyl-1,3-dimethyl-4,6-dioxo-2-thioxohexahydro-5-pyrimidinecarbothioamide",Sintético / Indefinido,C11H17N3O2S2,NaN,NaN,50.4,69.5,82.8848251050946,5,NaN,NaN,No,No,NaN,286.068871448135,NaN,NaN,NaN
HMDB14972,Mifepristone,Produto Natural,Yes,C29H35NO2,CC#C[C@@]1(CC[C@@H]2[C@@]1(C[C@@H](C3=C4CCC(=O)C=C4CC[C@@H]23)C5=CC=C(C=C5)N(C)C)C)O,"(8S,11R,13S,14S,17S)-11-[4-(dimethylamino)phenyl]-17-hydroxy-13-methyl-17-prop-1-ynyl-1,2,6,7,8,11,12,14,15,16-decahydrocyclopenta[a]phenanthren-3-one",43.3,38,81.1316564238829,6,"Mifepristone is a 3-oxo-Delta(4) steroid, a tertiary amino compound and an acetylenic compound. It has a role as a hormone antagonist, a contraceptive drug, a synthetic oral contraceptive and an abortifacient. It derives from a hydride of an estrane.",NaN,Small molecule,4.0,No,No,ChEBI,428.260345571423,VKHAHZOOUSRJNA-GCNJZUOMSA-N,NaN,NaN
1004044,1-[4-methyl-2-(4-methylpiperazin-1-yl)quinolin-6-yl]-3-[3-(4-propylpiperazin-1-yl)propyl]thiourea,Sintético / Indefinido,C26H41N7S,NaN,NaN,35.9,0,79.8375183845249,3,NaN,NaN,No,No,NaN,482.306914474034,NaN,NaN,NaN
CSID35036396,"N,N-Dihexyl-5-(4,4,5,5-tetramethyl-1,3,2-dioxaborolan-2-yl)-2-(trifluoromethyl)benzamide",Sintético / Indefinido,C26H41BF3NO3,NaN,NaN,22.7,0,16.2096528382767,3,NaN,NaN,No,No,NaN,482.306914474034,NaN,NaN,NaN
999192,1-[2-(4-ethylpiperazin-1-yl)-4-methylquinolin-6-yl]-3-[3-(4-ethylpiperazin-1-yl)propyl]thiourea,Sintético / Indefinido,C26H41N7S,NaN,NaN,35.9,0,79.8375183845249,3,NaN,NaN,No,No,NaN,482.306914474034,NaN,NaN,NaN
CSID24723139,"1,1′,1″-(1,3,5,7,9,11,13,15,17,19,21-Tricosaundecayne-23,23,23-triyl)tris[3,5-bis(2-methyl-2-propanyl)benzene]",Sintético / Indefinido,C65H64,NaN,NaN,30.2,0,55.41091289198,1,NaN,NaN,No,No,NaN,825.486286207692,NaN,NaN,NaN
CSID9701850,N-[3-({1-[6-(Cyclopropylamino)-4-pyrimidinyl]-1H-imidazol-2-yl}amino)-4-methylphenyl]-3-(4-methyl-1H-imidazol-1-yl)-5-(trifluoromethyl)benzamide,Sintético / Indefinido,C29H26F3N9O,NaN,NaN,35.8,0,83.152339182432,1,NaN,NaN,No,No,NaN,572.211838904398,NaN,NaN,NaN
CSID29371971,"4,5-Dinitro-1H-1,2,3-triazol-1-amine",Sintético / Indefinido,C2H2N6O4,NaN,NaN,38.8,0,95.6450866119548,11,NaN,NaN,No,No,NaN,173.006230396058,NaN,NaN,NaN
CSID129307408,"(4E)-4-{(2Z)-2-[(4-Amino-1-carboxy-4-oxobutyl)imino]ethylidene}-1,2,3,4-tetrahydro-2,6-pyridinedicarboxylic acid (non-preferred name)",Sintético / Indefinido,C14H17N3O7,NaN,NaN,46.3,45.3,90.4060646007079,9,NaN,NaN,No,No,NaN,338.100620378815,NaN,NaN,NaN
1009531,"N-cyclopentyl-1,2-dimethyl-5-(4-methyl-1,3-thiazol-2-yl)pyrrole-3-sulfonamide",Sintético / Indefinido,C15H21N3O2S2,NaN,NaN,36,0,81.567884291644,9,NaN,NaN,No,No,NaN,338.100620378815,NaN,NaN,NaN
1027581,"4-[1-(2-methylpropyl)pyrrolo[2,3-b]pyridin-3-yl]sulfonylthiomorpholine",Sintético / Indefinido,C15H21N3O2S2,NaN,NaN,36,0,81.567884291644,9,NaN,NaN,No,No,NaN,338.100620378815,NaN,NaN,NaN
1088420,"N-[2-(dimethylamino)ethyl]-2-methyl-5-(2-methyl-1,3-thiazol-4-yl)benzenesulfonamide",Sintético / Indefinido,C15H21N3O2S2,NaN,NaN,36,0,81.567884291644,9,NaN,NaN,No,No,NaN,338.100620378815,NaN,NaN,NaN
CSID2389189,"5-(Dinitromethylene)-2,5-dihydro-1H-tetrazole",Sintético / Indefinido,C2H2N6O4,NaN,NaN,38.8,0,95.6450866119548,11,NaN,NaN,No,No,NaN,173.006230396058,NaN,NaN,NaN
CSID5759259,5-(Dinitromethyl)-2H-tetrazole,Sintético / Indefinido,C2H2N6O4,NaN,NaN,38.8,0,95.6450866119548,11,NaN,NaN,No,No,NaN,173.006230396058,NaN,NaN,NaN
CSID67165411,"Thieno[2,3-g][1]benzofuran",Sintético / Indefinido,C10H6OS,NaN,NaN,36.7,0.724,85.7465828544031,11,NaN,NaN,No,No,NaN,173.006230396058,NaN,NaN,NaN
CSID67162883,"N,3-Dinitro-1H-1,2,4-triazol-5-amine",Sintético / Indefinido,C2H2N6O4,NaN,NaN,38.8,0.0491,95.6450866119548,11,NaN,NaN,No,No,NaN,173.006230396058,NaN,NaN,NaN
CSID67168325,"6-Nitro-1,2,3,4-tetrazin-5-amine 1,3-dioxide",Sintético / Indefinido,C2H2N6O4,NaN,NaN,38.8,0.165,95.6450866119548,11,NaN,NaN,No,No,NaN,173.006230396058,NaN,NaN,NaN
CSID571088,4-(diphenylmethoxymethyl)-1-(3-(4-methoxyphenyl)propyl)piperidine,Produto Natural,Yes,C29H35NO2,COC1=CC=C(C=C1)CCCN2CCC(CC2)COC(C3=CC=CC=C3)C4=CC=CC=C4,4-(benzhydryloxymethyl)-1-[3-(4-methoxyphenyl)propyl]piperidine,35.8,0.363,81.1316564238829,6,NaN,NaN,Small molecule,NaN,No,No,NaN,428.260345571423,WRTXEGOLODUQIE-UHFFFAOYSA-N,NaN,NaN
CSID4474640,"2,6-Pyridinedicarboxylic acid, 4-(((4-amino-1-carboxy-4-oxobutyl)imino)ethylidene)-1,2,3,4-tetrahydro-",Sintético / Indefinido,C14H17N3O7,NaN,NaN,37.2,0,90.4060646007079,9,NaN,NaN,No,No,NaN,338.100620378815,NaN,NaN,NaN
992771,"2-(1,5-dimethyl-4-piperidin-1-ylsulfonylpyrrol-2-yl)-4-methyl-1,3-thiazole",Sintético / Indefinido,C15H21N3O2S2,NaN,NaN,36,0,81.567884291644,9,NaN,NaN,No,No,NaN,338.100620378815,NaN,NaN,NaN
CSID8089730,Cryptospirolepine,Sintético / Indefinido,C34H24N4O,CN1C2=CC=CC=C2C=C3C4=C1C5=CC=CC=C5N4C(=O)C36C7=CC=CC=C7N(C8=C6NC9=CC=CC=C98)C,"5,19'-dimethylspiro[10H-indolo[3,2-b]quinoline-11,10'-8,19-diazapentacyclo[9.8.1.02,7.08,20.013,18]icosa-1(20),2,4,6,11,13,15,17-octaene]-9'-one",35.2,0,76.8222902369194,147,NaN,NaN,No,No,NaN,503.187398555211,DRSVXQGELOIOBH-UHFFFAOYSA-N,NaN,NaN
CSID9291681,"Thieno[3,2-b][1]benzofuran",Sintético / Indefinido,C10H6OS,NaN,NaN,36.6,0,85.7465828544031,11,NaN,NaN,No,No,NaN,173.006230396058,NaN,NaN,NaN
CSID2054597,"2-(2,4-Difluorophenoxy)-1-methyl-1H-indole-3-carbaldehyde",Sintético / Indefinido,No,C16H11F2NO2,CN1C2=CC=CC=C2C(=C1OC3=C(C=C(C=C3)F)F)C=O,"2-(2,4-difluorophenoxy)-1-methylindole-3-carbaldehyde",45.4,40.5,87.8310176727219,5,NaN,NaN,Small molecule,NaN,No,No,NaN,286.068871448135,RGESBTLCWJTUDK-UHFFFAOYSA-N,NaN,NaN
CSID129122,Tamolarizine Dihydrochloride,Sintético / Indefinido,C27H34Cl2N2O3,COC1=C(C=C(C=C1)C(CN2CCN(CC2)C(C3=CC=CC=C3)C4=CC=CC=C4)O)OC.Cl.Cl,"2-(4-benzhydrylpiperazin-1-yl)-1-(3,4-dimethoxyphenyl)ethanol;dihydrochloride",29.5,0,47.6091652887748,147,NaN,NaN,No,No,NaN,503.187398555211,ZIGNSXDSBVYYFD-UHFFFAOYSA-N,NaN,NaN
1008186,"1-[[3-(4-methylphenyl)-1,2,4-oxadiazol-5-yl]methyl]-4-phenylpyrazine-2,3-dione",Sintético / Indefinido,C20H16N4O3,NaN,NaN,35.1,0,80.5771566010241,234,NaN,NaN,No,No,NaN,341.102776126292,NaN,NaN,NaN
CSID8350010,Tofacitinib citrate,Sintético / Indefinido,No,C22H28N6O8,C[C@@H]1CCN(C[C@@H]1N(C)C2=NC=NC3=C2C=CN3)C(=O)CC#N.C(C(=O)O)C(CC(=O)O)(C(=O)O)O,"2-hydroxypropane-1,2,3-tricarboxylic acid;3-[(3R,4R)-4-methyl-3-[methyl(7H-pyrrolo[2,3-d]pyrimidin-4-yl)amino]piperidin-1-yl]-3-oxopropanenitrile",36,0,85.2703527365029,147,NaN,NaN,Small molecule,4.0,No,No,NaN,503.187398555211,SYIKUFDOYJFGBQ-YLAFAASESA-N,NaN,NaN
1002999,"2-ethyl-5-(5-quinolin-2-yl-1,2,4-oxadiazol-3-yl)-1,3-benzoxazole",Sintético / Indefinido,C20H14N4O2,NaN,NaN,35.1,0,80.7875935969715,234,NaN,NaN,No,No,NaN,341.102776126292,NaN,NaN,NaN
CSID10307337,Cyclo(L-alloisoleucyl-L-prolyl-L-leucyl-L-isoleucyl-L-phenylalanyl-L-seryl-L-prolyl),Sintético / Indefinido,C40H61N7O8,NaN,NaN,35.4,3.31,76.243237327928,1,NaN,NaN,No,No,NaN,766.449187080842,NaN,NaN,NaN
1004120,"4-[[2-(4-methoxyphenyl)imidazo[1,2-a]pyrazin-3-yl]amino]benzoic acid",Sintético / Indefinido,C20H16N4O3,NaN,NaN,35.1,0,80.5771566010241,234,NaN,NaN,No,No,NaN,341.102776126292,NaN,NaN,NaN
HMDB29840,Vulgaxanthin I,Sintético / Indefinido,C14H17N3O7,C\1[C@H](NC(=C/C1=C/C=N[C@@H](CCC(=O)N)C(=O)O)C(=O)O)C(=O)O,"(2S,4E)-4-[2-[(1S)-4-amino-1-carboxy-4-oxobutyl]iminoethylidene]-2,3-dihydro-1H-pyridine-2,6-dicarboxylic acid",45.2,40,90.4060646007079,9,Vulgaxanthin-I is a non-proteinogenic alpha-amino acid.,NaN,No,No,ChEBI,338.100620378815,PDBJJFJKNSKTSW-MEWJKSKXSA-N,NaN,NaN
1015470,"N-(2-methoxyphenyl)-2-(5-quinolin-6-yl-1,3,4-oxadiazol-2-yl)acetamide",Sintético / Indefinido,C20H16N4O3,NaN,NaN,35.1,0,80.5771566010241,234,NaN,NaN,No,No,NaN,341.102776126292,NaN,NaN,NaN
CSID10498074,"3-amino-6-nitro-1,2,4,5-tetrazine 2,4-dioxide",Sintético / Indefinido,C2H2N6O4,C1(=[N+](N=C(N=[N+]1[O-])[N+](=O)[O-])[O-])N,"6-nitro-2,4-dioxido-1,2,4,5-tetrazine-2,4-diium-3-amine",38.8,0.0733,95.6450866119548,11,NaN,NaN,No,No,NaN,173.006230396058,LXQWSRMZLIWECR-UHFFFAOYSA-N,NaN,NaN
1010196,"2-ethyl-5-(5-isoquinolin-1-yl-1,2,4-oxadiazol-3-yl)-1,3-benzoxazole",Sintético / Indefinido,C20H14N4O2,NaN,NaN,35.1,0,80.7875935969715,234,NaN,NaN,No,No,NaN,341.102776126292,NaN,NaN,NaN
1015164,"2-[4-(3-methyl-1,2,4-oxadiazol-5-yl)-2-oxoquinolin-1-yl]-N-phenylacetamide",Sintético / Indefinido,C20H16N4O3,NaN,NaN,35.1,0,80.5771566010241,234,NaN,NaN,No,No,NaN,341.102776126292,NaN,NaN,NaN
1018463,"methyl 3-[[2-(3-hydroxyphenyl)imidazo[1,2-a]pyrazin-3-yl]amino]benzoate",Sintético / Indefinido,C20H16N4O3,NaN,NaN,35.1,0,80.5771566010241,234,NaN,NaN,No,No,NaN,341.102776126292,NaN,NaN,NaN
1019657,"3-[3-(4-methoxyphenyl)-1,2,4-oxadiazol-5-yl]-1-(4-methylphenyl)pyridazin-4-one",Sintético / Indefinido,C20H16N4O3,NaN,NaN,35.1,0,80.5771566010241,234,NaN,NaN,No,No,NaN,341.102776126292,NaN,NaN,NaN
1024972,"N-(4-methoxyphenyl)-2-(5-quinolin-6-yl-1,3,4-oxadiazol-2-yl)acetamide",Sintético / Indefinido,C20H16N4O3,NaN,NaN,35.1,0,80.5771566010241,234,NaN,NaN,No,No,NaN,341.102776126292,NaN,NaN,NaN
1027861,"3-[[2-(4-methoxyphenyl)imidazo[1,2-a]pyrazin-3-yl]amino]benzoic acid",Sintético / Indefinido,C20H16N4O3,NaN,NaN,35.1,0,80.5771566010241,234,NaN,NaN,No,No,NaN,341.102776126292,NaN,NaN,NaN
CSID2059542,"2,3-Difluoro-4-hydroxybenzoic acid",Sintético / Indefinido,C7H4F2O3,C1=CC(=C(C(=C1C(=O)O)F)F)O,"2,3-difluoro-4-hydroxybenzoic acid",37.7,0.266,92.8566425727022,11,NaN,NaN,No,No,NaN,173.006230396058,XIZIDHMVDRRFBT-UHFFFAOYSA-N,NaN,NaN
CSID30791219,Vulgaxanthin-I,Sintético / Indefinido,C14H17N3O7,C\1[C@H](NC(=C/C1=C/C=N[C@@H](CCC(=O)N)C(=O)O)C(=O)O)C(=O)O,"(2S,4E)-4-[2-[(1S)-4-amino-1-carboxy-4-oxobutyl]iminoethylidene]-2,3-dihydro-1H-pyridine-2,6-dicarboxylic acid",46.3,45.3,90.4060646007079,9,NaN,NaN,No,No,NaN,338.100620378815,PDBJJFJKNSKTSW-MEWJKSKXSA-N,NaN,NaN
1027899,"4-[3-(2-methoxyanilino)imidazo[1,2-a]pyrazin-2-yl]benzoic acid",Sintético / Indefinido,C20H16N4O3,NaN,NaN,35.1,0,80.5771566010241,234,NaN,NaN,No,No,NaN,341.102776126292,NaN,NaN,NaN
1019645,"3-[3-(4-ethoxyphenyl)-1,2,4-oxadiazol-5-yl]-1-phenylpyridazin-4-one",Sintético / Indefinido,C20H16N4O3,NaN,NaN,35.1,0,80.5771566010241,234,NaN,NaN,No,No,NaN,341.102776126292,NaN,NaN,NaN
CSID2059019,"2,6-Difluoro-4-hydroxybenzoic acid",Sintético / Indefinido,C7H4F2O3,C1=C(C=C(C(=C1F)C(=O)O)F)O,"2,6-difluoro-4-hydroxybenzoic acid",37.7,0.266,92.8566425727022,11,NaN,NaN,No,No,NaN,173.006230396058,NFIQGYBXSJQLSR-UHFFFAOYSA-N,NaN,NaN
CSID176798,RAZAXABAN HYDROCHLORIDE,Sintético / Indefinido,C24H20ClF4N8O2,NaN,NaN,32.9,0,67.8316157721789,2,NaN,NaN,No,No,NaN,563.135472445772,NaN,NaN,NaN
1008915,"2-(1,3-benzodioxol-5-yl)-N-(2-methoxyphenyl)imidazo[1,2-a]pyrazin-3-amine",Sintético / Indefinido,C20H16N4O3,NaN,NaN,35.1,0,80.5771566010241,234,NaN,NaN,No,No,NaN,341.102776126292,NaN,NaN,NaN
1013631,"4-[3-(2,3-dihydro-1,4-benzodioxin-6-ylamino)imidazo[1,2-a]pyrimidin-2-yl]phenol",Sintético / Indefinido,C20H16N4O3,NaN,NaN,35.1,0,80.5771566010241,234,NaN,NaN,No,No,NaN,341.102776126292,NaN,NaN,NaN
CSID67165714,"[1]Benzothieno[3,2-b]furan",Sintético / Indefinido,C10H6OS,C1=CC=C2C(=C1)C3=C(S2)C=CO3,"[1]benzothiolo[3,2-b]furan",36.7,0.724,85.7465828544031,11,NaN,NaN,No,No,NaN,173.006230396058,BGXIGKBSRUBOHX-UHFFFAOYSA-N,NaN,NaN
1090320,"6-(3-methoxyphenyl)-2-[(3-phenyl-1,2,4-oxadiazol-5-yl)methyl]pyridazin-3-one",Sintético / Indefinido,C20H16N4O3,NaN,NaN,35.1,0,80.5771566010241,234,NaN,NaN,No,No,NaN,341.102776126292,NaN,NaN,NaN
49592,"Scutellarein 5,6,7,4'-tetramethyl ether",Sintético / Indefinido,C19H18O6,NaN,NaN,36.2,0,82.0341051585441,234,NaN,NaN,No,No,NaN,341.102776126292,NaN,NaN,NaN
1078554,"6-(4-methoxyphenyl)-2-[(3-phenyl-1,2,4-oxadiazol-5-yl)methyl]pyridazin-3-one",Sintético / Indefinido,C20H16N4O3,NaN,NaN,35.1,0,80.5771566010241,234,NaN,NaN,No,No,NaN,341.102776126292,NaN,NaN,NaN
985290,"2,3a,7b,12-Tetrahydroxy-5-methyl-3a,4,5,6,7a,7b-hexahydro-2H-tetrapheno[6a,7-b]oxirene-7,8(3H,12bH)-dione",Sintético / Indefinido,C19H20O7,NaN,NaN,36.2,0,81.8210990423586,234,NaN,NaN,No,No,NaN,341.102776126292,NaN,NaN,NaN
985211,"(3R,6aR,7S,12aS)-5,6,6a,7,8-Pentahydroxy-3-methyl-2,3,4,5,6,6a,7,12a-octahydro-1,12-tetraphenedione",Sintético / Indefinido,C19H20O7,NaN,NaN,36.2,0,81.8210990423586,234,NaN,NaN,No,No,NaN,341.102776126292,NaN,NaN,NaN
CSID8501026,Thelephorin A,Produto Natural,Yes,C33H24O9,C1=CC=C(C=C1)CC(=O)OC2=C(C(=C(C(=C2C3=CC=C(C=C3)O)O)OC(=O)C4=CC=C(C=C4)O)C5=CC=C(C=C5)O)O,"[2,5-dihydroxy-3,6-bis(4-hydroxyphenyl)-4-(2-phenylacetyl)oxyphenyl] 4-hydroxybenzoate",36.1,0,82.2135110735888,2,Thelephorin A is a carbonyl compound.,NaN,NaN,NaN,No,No,ChEBI,563.135472445772,GPJNBFKFWGAZQB-UHFFFAOYSA-N,NaN,NaN
993876,"1-[[3-(2-methylphenyl)-1,2,4-oxadiazol-5-yl]methyl]-4-phenylpyrazine-2,3-dione",Sintético / Indefinido,C20H16N4O3,NaN,NaN,35.1,0,80.5771566010241,234,NaN,NaN,No,No,NaN,341.102776126292,NaN,NaN,NaN
995114,"1-[(3-phenyl-1,2,4-oxadiazol-5-yl)methyl]-3-prop-2-enylquinazoline-2,4-dione",Sintético / Indefinido,C20H16N4O3,NaN,NaN,35.1,0,80.5771566010241,234,NaN,NaN,No,No,NaN,341.102776126292,NaN,NaN,NaN
CSID10128234,GOYAZENSOLIDE,Sintético / Indefinido,C19H20O7,NaN,NaN,36.2,0,81.8210990423586,234,NaN,NaN,No,No,NaN,341.102776126292,NaN,NaN,NaN
1018656,"methyl 2-[[2-(3-hydroxyphenyl)imidazo[1,2-a]pyrazin-3-yl]amino]benzoate",Sintético / Indefinido,C20H16N4O3,NaN,NaN,35.1,0,80.5771566010241,234,NaN,NaN,No,No,NaN,341.102776126292,NaN,NaN,NaN
994601,"4-[3-(3-methoxyanilino)imidazo[1,2-a]pyrazin-2-yl]benzoic acid",Sintético / Indefinido,C20H16N4O3,NaN,NaN,35.1,0,80.5771566010241,234,NaN,NaN,No,No,NaN,341.102776126292,NaN,NaN,NaN
1026597,"1-(4-methoxyphenyl)-3-[3-(4-methylphenyl)-1,2,4-oxadiazol-5-yl]pyridazin-4-one",Sintético / Indefinido,C20H16N4O3,NaN,NaN,35.1,0,80.5771566010241,234,NaN,NaN,No,No,NaN,341.102776126292,NaN,NaN,NaN
1033703,"2-[[3-(3-methoxyphenyl)-1,2,4-oxadiazol-5-yl]methyl]-6-phenylpyridazin-3-one",Sintético / Indefinido,C20H16N4O3,NaN,NaN,35.1,0,80.5771566010241,234,NaN,NaN,No,No,NaN,341.102776126292,NaN,NaN,NaN
1022474,"1-(2-methylphenyl)-4-[(3-phenyl-1,2,4-oxadiazol-5-yl)methyl]pyrazine-2,3-dione",Sintético / Indefinido,C20H16N4O3,NaN,NaN,35.1,0,80.5771566010241,234,NaN,NaN,No,No,NaN,341.102776126292,NaN,NaN,NaN
996268,"1-[[3-(3-methylphenyl)-1,2,4-oxadiazol-5-yl]methyl]-4-phenylpyrazine-2,3-dione",Sintético / Indefinido,C20H16N4O3,NaN,NaN,35.1,0,80.5771566010241,234,NaN,NaN,No,No,NaN,341.102776126292,NaN,NaN,NaN
CSID10160812,"4,6,8-Trihydroxy-1-methoxy-2-(3-methyl-2-buten-1-yl)-9H-xanthen-9-one",Sintético / Indefinido,C19H18O6,NaN,NaN,36.2,0,82.0341051585441,234,NaN,NaN,No,No,NaN,341.102776126292,NaN,NaN,NaN
1017259,"3-[3-(3-ethoxyphenyl)-1,2,4-oxadiazol-5-yl]-1-phenylpyridazin-4-one",Sintético / Indefinido,C20H16N4O3,CCOC1=CC=CC(=C1)C2=NOC(=N2)C3=NN(C=CC3=O)C4=CC=CC=C4,"3-[3-(3-ethoxyphenyl)-1,2,4-oxadiazol-5-yl]-1-phenylpyridazin-4-one",35.1,0,80.5771566010241,234,NaN,NaN,No,No,NaN,341.102776126292,KLUFSJKZAKARFW-UHFFFAOYSA-N,NaN,NaN
CSID10195115,Excavacoumarin G,Sintético / Indefinido,C19H20O7,NaN,NaN,36.2,0,81.8210990423586,234,NaN,NaN,No,No,NaN,341.102776126292,NaN,NaN,NaN
CSID10219127,Morusignin D,Sintético / Indefinido,C19H18O6,NaN,NaN,36.2,0,82.0341051585441,234,NaN,NaN,No,No,NaN,341.102776126292,NaN,NaN,NaN
CSID10242764,7-({(2E)-4-[4-Hydroxy-4-(hydroxymethyl)-5-oxotetrahydro-2-furanyl]-3-methyl-2-buten-1-yl}oxy)-2H-chromen-2-one,Sintético / Indefinido,C19H20O7,NaN,NaN,36.2,0,81.8210990423586,234,NaN,NaN,No,No,NaN,341.102776126292,NaN,NaN,NaN
CSID10421090,"1,3,8-Trihydroxy-6-(2-hydroxypentyl)-9,10-anthraquinone",Sintético / Indefinido,C19H18O6,NaN,NaN,36.2,0,82.0341051585441,234,NaN,NaN,No,No,NaN,341.102776126292,NaN,NaN,NaN
993037,"4-[3-(3-oxo-4-propyl-1,4-benzoxazin-6-yl)-1,2,4-oxadiazol-5-yl]benzonitrile",Sintético / Indefinido,C20H16N4O3,NaN,NaN,35.1,0,80.5771566010241,234,NaN,NaN,No,No,NaN,341.102776126292,NaN,NaN,NaN
CSID113385636,"(3S,4R,8S,9R,12S)-9-Hydroxy-5,10-bis(methylene)-6,14-dioxo-7,13-dioxatricyclo[10.2.1.0~4,8~]pentadec-1(15)-en-3-yl methacrylate",Sintético / Indefinido,C19H20O7,NaN,NaN,36.2,0,81.8210990423586,234,NaN,NaN,No,No,NaN,341.102776126292,NaN,NaN,NaN
CSID113385688,"(1R,2R,4S,5R,6S,9R,10S,12R,13E,16R,17R)-13-Ethylidene-5-hydroxy-17-isopropenyl-16-methyl-3,8,11,15-tetraoxahexacyclo[8.5.1.1~6,9~.0~1,12~.0~2,4~.0~5,16~]heptadecane-7,14-dione",Sintético / Indefinido,C19H20O7,NaN,NaN,36.2,0,81.8210990423586,234,NaN,NaN,No,No,NaN,341.102776126292,NaN,NaN,NaN
CSID10421097,Methyl 5-ethoxy-4-methoxy-2-[4-(methoxycarbonyl)phenoxy]benzoate,Sintético / Indefinido,C19H20O7,NaN,NaN,36.2,0,81.8210990423586,234,NaN,NaN,No,No,NaN,341.102776126292,NaN,NaN,NaN
CSID13077920,N-(4-Biphenylyl)-6-nitro-4-quinazolinamine,Sintético / Indefinido,C20H14N4O2,NaN,NaN,35.1,0,80.7875935969715,234,NaN,NaN,No,No,NaN,341.102776126292,NaN,NaN,NaN
CSID109529,"5,6,7,8-Tetramethoxyflavone",Sintético / Indefinido,C19H18O6,NaN,NaN,36.2,0,82.0341051585441,234,NaN,NaN,No,No,NaN,341.102776126292,NaN,NaN,NaN
CSID113385639,"[(3S,8R,9E,12R)-3-Hydroxy-10-methyl-6,14-dioxo-7,13-dioxatricyclo[10.2.1.0~4,8~]pentadeca-1(15),4,9-trien-5-yl]methyl methacrylate",Sintético / Indefinido,C19H20O7,NaN,NaN,36.2,0,81.8210990423586,234,NaN,NaN,No,No,NaN,341.102776126292,NaN,NaN,NaN
CSID129307546,"3,4a,7,8-Tetrahydroxy-3-methyl-3,4,4a,12b-tetrahydro-1,6(2H,5H)-tetraphenedione",Sintético / Indefinido,C19H18O6,NaN,NaN,36.2,0,82.0341051585441,234,NaN,NaN,No,No,NaN,341.102776126292,NaN,NaN,NaN
CSID135195,"2-(2,4-Dimethoxyphenyl)-5,7-dimethoxy-4H-chromen-4-one",Sintético / Indefinido,C19H18O6,NaN,NaN,36.2,0,82.0341051585441,234,NaN,NaN,No,No,NaN,341.102776126292,NaN,NaN,NaN
CSID10305924,"2-(3,4-Dimethoxyphenyl)-6-hydroxy-5,7-dimethoxy-2,3-dihydro-4H-chromen-4-one",Sintético / Indefinido,C19H20O7,NaN,NaN,36.2,0,81.8210990423586,234,NaN,NaN,No,No,NaN,341.102776126292,NaN,NaN,NaN
1048834,"2-(1,3-dioxoisoindol-2-yl)-N-(5-methyl-2-phenylpyrazol-3-yl)acetamide",Sintético / Indefinido,C20H16N4O3,CC1=NN(C(=C1)NC(=O)CN2C(=O)C3=CC=CC=C3C2=O)C4=CC=CC=C4,"2-(1,3-dioxoisoindol-2-yl)-N-(5-methyl-2-phenylpyrazol-3-yl)acetamide",35.1,0,80.5771566010241,234,NaN,NaN,No,No,NaN,341.102776126292,GNNZYSAXITXABW-UHFFFAOYSA-N,NaN,NaN
43931,ISOTECTORIGENIN TRIMETHYL ETHER,Produto Natural,Yes,C19H18O6,COC1=CC=C(C=C1)C2=COC3=C(C2=O)C(=CC(=C3OC)OC)OC,"5,7,8-trimethoxy-3-(4-methoxyphenyl)chromen-4-one",36.2,0,82.0341051585441,234,"5,7,8-trimethoxy-3-(4-methoxyphenyl)-1-benzopyran-4-one is a member of 4'-methoxyisoflavones and a member of 7-methoxyisoflavones.",NaN,Small molecule,NaN,No,No,ChEBI,341.102776126292,KCISFICQVCMQEX-UHFFFAOYSA-N,NaN,NaN
1050780,"2-(1,2-benzoxazol-3-yl)-N-[3-(6-methylpyridazin-3-yl)oxyphenyl]acetamide",Sintético / Indefinido,C20H16N4O3,CC1=NN=C(C=C1)OC2=CC=CC(=C2)NC(=O)CC3=NOC4=CC=CC=C43,"2-(1,2-benzoxazol-3-yl)-N-[3-(6-methylpyridazin-3-yl)oxyphenyl]acetamide",35.1,0,80.5771566010241,234,NaN,NaN,No,No,NaN,341.102776126292,HEUJYJLTIVFRCK-UHFFFAOYSA-N,NaN,NaN
1099047,"7-(1-benzofuran-2-yl)-2-(2-methoxyphenyl)-[1,2,4]triazolo[1,5-a]pyrimidine",Sintético / Indefinido,C20H14N4O2,COC1=CC=CC=C1C2=NN3C(=CC=NC3=N2)C4=CC5=CC=CC=C5O4,"7-(1-benzofuran-2-yl)-2-(2-methoxyphenyl)-[1,2,4]triazolo[1,5-a]pyrimidine",35.1,0,80.7875935969715,234,NaN,NaN,No,No,NaN,341.102776126292,AUFHFNVHWDGHMG-UHFFFAOYSA-N,NaN,NaN
96118,"5,6,7-trimethoxy-2-(4-methoxyphenyl)chromen-4-one",Produto Natural,Yes,C19H18O6,COC1=CC=C(C=C1)C2=CC(=O)C3=C(C(=C(C=C3O2)OC)OC)OC,"5,6,7-trimethoxy-2-(4-methoxyphenyl)chromen-4-one",36.2,0,82.0341051585441,234,NaN,NaN,Small molecule,NaN,No,No,NaN,341.102776126292,URSUMOWUGDXZHU-UHFFFAOYSA-N,NaN,NaN
1076115,"2-[[3-(4-methoxyphenyl)-1,2,4-oxadiazol-5-yl]methyl]-6-phenylpyridazin-3-one",Sintético / Indefinido,C20H16N4O3,COC1=CC=C(C=C1)C2=NOC(=N2)CN3C(=O)C=CC(=N3)C4=CC=CC=C4,"2-[[3-(4-methoxyphenyl)-1,2,4-oxadiazol-5-yl]methyl]-6-phenylpyridazin-3-one",35.1,0,80.5771566010241,234,NaN,NaN,No,No,NaN,341.102776126292,LIHYLTVVOIWMND-UHFFFAOYSA-N,NaN,NaN
48527,Zapotin,Produto Natural,Yes,C19H18O6,COC1=C(C(=CC=C1)OC)C2=CC(=O)C3=C(O2)C=CC(=C3OC)OC,"2-(2,6-dimethoxyphenyl)-5,6-dimethoxychromen-4-one",36.2,0,82.0341051585441,234,Zapotin is an ether and a member of flavonoids.,NaN,Small molecule,NaN,No,No,ChEBI,341.102776126292,PBQMALAAFQMDSP-UHFFFAOYSA-N,NaN,NaN
CSID23311194,"(1R,3R,5R,6S,10R,11S)-3-Methyl-9-methylene-8,14-dioxo-4,7,15-trioxatetracyclo[11.2.1.0~3,5~.0~6,10~]hexadec-13(16)-en-11-yl methacrylate",Sintético / Indefinido,C19H20O7,NaN,NaN,36.2,0,81.8210990423586,234,NaN,NaN,No,No,NaN,341.102776126292,NaN,NaN,NaN
CSID2109725,"N,N′-Di(8-quinolinyl)ethanediamide",Sintético / Indefinido,C20H14N4O2,NaN,NaN,35.1,0,80.7875935969715,234,NaN,NaN,No,No,NaN,341.102776126292,NaN,NaN,NaN
CSID2340962,"(6aS,12aS)-2,3,9-Trimethoxy-6a,12a-dihydrochromeno[3,4-b]chromen-12(6H)-one",Sintético / Indefinido,C19H18O6,NaN,NaN,36.2,0,82.0341051585441,234,NaN,NaN,No,No,NaN,341.102776126292,NaN,NaN,NaN
CSID144827,"7-Methoxy-3-(2,4,5-trimethoxyphenyl)-4H-chromen-4-one",Sintético / Indefinido,C19H18O6,NaN,NaN,36.2,0,82.0341051585441,234,NaN,NaN,No,No,NaN,341.102776126292,NaN,NaN,NaN
CSID244782,"tetrazolo(1,5-c)quinazoline",Sintético / Indefinido,C8H5N5,NaN,NaN,37.7,0,92.1236699889247,234,NaN,NaN,No,No,NaN,341.102776126292,NaN,NaN,NaN
CSID24843021,"3,4,9,10-Tetramethoxy-6a,11a-dihydro-6H-[1]benzofuro[3,2-c]chromen-8-ol",Sintético / Indefinido,C19H20O7,NaN,NaN,36.2,0,81.8210990423586,234,NaN,NaN,No,No,NaN,341.102776126292,NaN,NaN,NaN
CSID10273348,annulin A,Produto Natural,Yes,C19H20O7,CCC1=C(C2=C(C=C1C)C(=O)C3=C(C2=O)C(OC3(C)C)(C(=O)OC)O)O,"methyl 6-ethyl-3,5-dihydroxy-1,1,7-trimethyl-4,9-dioxobenzo[f][2]benzofuran-3-carboxylate",36.2,0,81.8210990423586,234,NaN,NaN,Small molecule,NaN,No,No,NaN,341.102776126292,YRVWWGFREKZPIN-UHFFFAOYSA-N,NaN,NaN
CSID24842555,"(2R,3R,8R,10S)-2-(3,4-Dihydroxyphenyl)-10-methyl-3,4,9,10-tetrahydro-2H,8H-pyrano[2,3-f]chromene-3,5,8-triol",Sintético / Indefinido,C19H20O7,NaN,NaN,36.2,0,81.8210990423586,234,NaN,NaN,No,No,NaN,341.102776126292,NaN,NaN,NaN
CSID10242763,clauslactone F,Produto Natural,Yes,C19H18O6,CC1(C(O1)COC2=CC3=C(C=C2)C=CC(=O)O3)CC4CC(=C)C(=O)O4,7-[[3-methyl-3-[(4-methylidene-5-oxooxolan-2-yl)methyl]oxiran-2-yl]methoxy]chromen-2-one,36.2,0,82.0341051585441,234,NaN,NaN,Small molecule,NaN,No,No,NaN,341.102776126292,BSQOZNKTJBOYCC-UHFFFAOYSA-N,NaN,NaN
CSID10290194,Elaeocyanidin,Sintético / Indefinido,C19H20O7,CC1(C2=C(C(=C(C=C2[C@@H]3[C@@H](O1)CC4=C(C=C(C=C4O3)O)O)O)OC)O)C,"(6aS,12aR)-3-methoxy-5,5-dimethyl-7,12a-dihydro-6aH-isochromeno[4,3-b]chromene-2,4,8,10-tetrol",36.2,0,81.8210990423586,234,NaN,NaN,No,No,NaN,341.102776126292,UEYVPAAGIXRIKF-WMLDXEAASA-N,NaN,NaN
CSID24843212,"2-(2,5-Dimethoxyphenyl)-5,7-dimethoxy-4H-chromen-4-one",Sintético / Indefinido,C19H18O6,NaN,NaN,36.2,0,82.0341051585441,234,NaN,NaN,No,No,NaN,341.102776126292,NaN,NaN,NaN
CSID10195100,clauslactone H,Produto Natural,Yes,C19H20O7,CC1(CC(OC1=O)CC2(C(O2)COC3=CC4=C(C=C3)C=CC(=O)O4)C)O,7-[[3-[(4-hydroxy-4-methyl-5-oxooxolan-2-yl)methyl]-3-methyloxiran-2-yl]methoxy]chromen-2-one,36.2,0,81.8210990423586,234,NaN,NaN,Small molecule,NaN,No,No,NaN,341.102776126292,UMYAEKVHXDURJS-UHFFFAOYSA-N,NaN,NaN
CSID24842554,"(2R,3R,8S,10R)-2-(3,4-Dihydroxyphenyl)-10-methyl-3,4,9,10-tetrahydro-2H,8H-pyrano[2,3-f]chromene-3,5,8-triol",Sintético / Indefinido,C19H20O7,NaN,NaN,36.2,0,81.8210990423586,234,NaN,NaN,No,No,NaN,341.102776126292,NaN,NaN,NaN
CSID24846024,"(2E)-1-(2,5-Dihydroxy-3,4,6-trimethoxyphenyl)-3-(4-methoxyphenyl)-2-propen-1-one",Sintético / Indefinido,C19H20O7,NaN,NaN,36.2,0,81.8210990423586,234,NaN,NaN,No,No,NaN,341.102776126292,NaN,NaN,NaN
CSID24845643,"3,5,7,8-Tetramethoxy-2-phenyl-4H-chromen-4-one",Sintético / Indefinido,C19H18O6,NaN,NaN,36.2,0,82.0341051585441,234,NaN,NaN,No,No,NaN,341.102776126292,NaN,NaN,NaN
CSID24846193,"(2E)-2-(3,4-Dimethoxybenzylidene)-4,6-dimethoxy-1-benzofuran-3(2H)-one",Sintético / Indefinido,C19H18O6,NaN,NaN,36.2,0,82.0341051585441,234,NaN,NaN,No,No,NaN,341.102776126292,NaN,NaN,NaN
CSID24846036,"1-(1,3-Benzodioxol-5-yl)-3-(2,4-dimethoxyphenyl)-2-methyl-1,3-propanedione",Sintético / Indefinido,C19H18O6,NaN,NaN,36.2,0,82.0341051585441,234,NaN,NaN,No,No,NaN,341.102776126292,NaN,NaN,NaN
CSID24845352,"5-Hydroxy-3,7-dimethoxy-2-(4-methoxyphenyl)-6-methyl-4H-chromen-4-one",Sintético / Indefinido,C19H18O6,NaN,NaN,36.2,0,82.0341051585441,234,NaN,NaN,No,No,NaN,341.102776126292,NaN,NaN,NaN
CSID24846542,"5-Hydroxy-7-methoxy-2-(2,4,6-trimethoxyphenyl)-2,3-dihydro-4H-chromen-4-one",Sintético / Indefinido,C19H20O7,NaN,NaN,36.2,0,81.8210990423586,234,NaN,NaN,No,No,NaN,341.102776126292,NaN,NaN,NaN
CSID24846581,"5-Hydroxy-7-methoxy-2-(3,4,5-trimethoxyphenyl)-2,3-dihydro-4H-chromen-4-one",Sintético / Indefinido,C19H20O7,NaN,NaN,36.2,0,81.8210990423586,234,NaN,NaN,No,No,NaN,341.102776126292,NaN,NaN,NaN
CSID24845349,"5-Hydroxy-2-(4-hydroxyphenyl)-3,7-dimethoxy-6,8-dimethyl-4H-chromen-4-one",Sintético / Indefinido,C19H18O6,NaN,NaN,36.2,0,82.0341051585441,234,NaN,NaN,No,No,NaN,341.102776126292,NaN,NaN,NaN
CSID146680,"2-Hydroxy-4-[(2-hydroxy-4-methoxy-3,6-dimethylbenzoyl)oxy]-3,6-dimethylbenzoic acid",Produto Natural,Yes,C19H20O7,CC1=CC(=C(C(=C1C(=O)OC2=C(C(=C(C(=C2)C)C(=O)O)O)C)O)C)OC,"2-hydroxy-4-(2-hydroxy-4-methoxy-3,6-dimethylbenzoyl)oxy-3,6-dimethylbenzoic acid",36.2,0,81.8210990423586,234,Barbatic acid is a carbonyl compound.,NaN,Small molecule,NaN,No,No,ChEBI,341.102776126292,NMKBRSYSHBPUPY-UHFFFAOYSA-N,NaN,NaN
CSID24846602,"2-(3,4-Dimethoxyphenyl)-5-hydroxy-6,7-dimethoxy-2,3-dihydro-4H-chromen-4-one",Sintético / Indefinido,C19H20O7,NaN,NaN,36.2,0,81.8210990423586,234,NaN,NaN,No,No,NaN,341.102776126292,NaN,NaN,NaN
CSID15261328,"Tetrazolo[1,5-a]quinazoline",Sintético / Indefinido,C8H5N5,C1=CC=C2C(=C1)C=NC3=NN=NN23,"tetrazolo[1,5-a]quinazoline",37.7,0,92.1236699889247,234,NaN,NaN,No,No,NaN,341.102776126292,NYVSCRIHGBZXQD-UHFFFAOYSA-N,NaN,NaN
CSID24846603,"(2S)-2-(4-Hydroxy-3-methoxyphenyl)-5,6,7-trimethoxy-2,3-dihydro-4H-chromen-4-one",Sintético / Indefinido,C19H20O7,NaN,NaN,36.2,0,81.8210990423586,234,NaN,NaN,No,No,NaN,341.102776126292,NaN,NaN,NaN
CSID24846495,"5,7-Dihydroxy-2-(3-hydroxy-4,5-dimethoxyphenyl)-6,8-dimethyl-2,3-dihydro-4H-chromen-4-one",Sintético / Indefinido,C19H20O7,NaN,NaN,36.2,0,81.8210990423586,234,NaN,NaN,No,No,NaN,341.102776126292,NaN,NaN,NaN
CSID24846639,"5-Hydroxy-6,7,8-trimethoxy-2-(4-methoxyphenyl)-2,3-dihydro-4H-chromen-4-one",Sintético / Indefinido,C19H20O7,NaN,NaN,36.2,0,81.8210990423586,234,NaN,NaN,No,No,NaN,341.102776126292,NaN,NaN,NaN
CSID17214309,Hyrtinadine A,Produto Natural,Yes,C20H14N4O2,C1=CC2=C(C=C1O)C(=CN2)C3=CN=C(N=C3)C4=CNC5=C4C=C(C=C5)O,3-[2-(5-hydroxy-1H-indol-3-yl)pyrimidin-5-yl]-1H-indol-5-ol,45.9,54.4,80.7875935969715,234,NaN,NaN,Small molecule,NaN,No,No,NaN,341.102776126292,BCHVDGBLKXHBKK-UHFFFAOYSA-N,NaN,NaN
CSID278898,"2,3,9-Trimethoxy-6a,12a-dihydrochromeno[3,4-b]chromen-12(6H)-one",Sintético / Indefinido,C19H18O6,NaN,NaN,36.2,0,82.0341051585441,234,NaN,NaN,No,No,NaN,341.102776126292,NaN,NaN,NaN
CSID28284104,"(3S,4R)-4-(1,3-Benzodioxol-5-ylmethyl)-3-[hydroxy(4-hydroxyphenyl)methyl]dihydro-2(3H)-furanone",Sintético / Indefinido,C19H18O6,NaN,NaN,36.2,0,82.0341051585441,234,NaN,NaN,No,No,NaN,341.102776126292,NaN,NaN,NaN
CSID26996386,"1H-[1,2,3]Triazolo[4,5-h]quinazoline",Sintético / Indefinido,C8H5N5,NaN,NaN,37.7,0,92.1236699889247,234,NaN,NaN,No,No,NaN,341.102776126292,NaN,NaN,NaN
CSID28283818,"(2Z,4R,8R,9S)-2-(Hydroxymethyl)-11-methyl-7-methylene-6,12-dioxo-5,14-dioxatricyclo[9.2.1.0~4,8~]tetradeca-1(13),2-dien-9-yl methacrylate",Sintético / Indefinido,C19H20O7,NaN,NaN,36.2,0,81.8210990423586,234,NaN,NaN,No,No,NaN,341.102776126292,NaN,NaN,NaN
CSID28283091,"4,11-Dihydroxy-6,9-dimethoxy-5,6,6a,12a-tetrahydro-12H-benzo[a]xanthen-12-one",Sintético / Indefinido,C19H18O6,NaN,NaN,36.2,0,82.0341051585441,234,NaN,NaN,No,No,NaN,341.102776126292,NaN,NaN,NaN
CSID28285755,"7,10-Dihydroxy-12-methoxy-2,2-dimethyl-3,4-dihydro-2H,6H-pyrano[3,2-b]xanthen-6-one",Sintético / Indefinido,C19H18O6,NaN,NaN,36.2,0,82.0341051585441,234,NaN,NaN,No,No,NaN,341.102776126292,NaN,NaN,NaN
CSID28284133,"1,2,5-Trihydroxy-3-methoxy-4-(3-methyl-2-buten-1-yl)-9H-xanthen-9-one",Sintético / Indefinido,C19H18O6,NaN,NaN,36.2,0,82.0341051585441,234,NaN,NaN,No,No,NaN,341.102776126292,NaN,NaN,NaN
CSID217622,"2-(4-Hydroxyphenyl)-5,6,7,8-tetramethoxy-2,3-dihydro-4H-chromen-4-one",Produto Natural,Yes,C19H20O7,COC1=C(C(=C(C2=C1C(=O)CC(O2)C3=CC=C(C=C3)O)OC)OC)OC,"2-(4-hydroxyphenyl)-5,6,7,8-tetramethoxy-2,3-dihydrochromen-4-one",36.2,0,81.8210990423586,234,"2,3-dihydro-2-(4-hydroxyphenyl)-5,6,7,8-tetramethoxy-4H-1-benzopyran-4-one is a methoxyflavanone that is flavanone substituted by methoxy groups at positions 5, 6, 7 and 8 and a hydroxy group at position 4'. It is a member of 4'-hydroxyflavanones, a methoxyflavanone and a monohydroxyflavanone. It is functionally related to a flavanone.",NaN,Small molecule,NaN,No,No,ChEBI,341.102776126292,LLAJMCLDOPZLSR-UHFFFAOYSA-N,NaN,NaN
CSID28288221,"(3E,3aS,4S,8bS)-4-Hydroxy-7,8-dimethyl-3-{[(4-methyl-5-oxo-2,5-dihydro-2-furanyl)oxy]methylene}-3,3a,4,8b-tetrahydro-2H-indeno[1,2-b]furan-2-one",Sintético / Indefinido,C19H18O6,NaN,NaN,36.2,0,82.0341051585441,234,NaN,NaN,No,No,NaN,341.102776126292,NaN,NaN,NaN
CSID28288246,SCUTEFLORIN A,Sintético / Indefinido,C19H18O6,NaN,NaN,36.2,0,82.0341051585441,234,NaN,NaN,No,No,NaN,341.102776126292,NaN,NaN,NaN
CSID28286867,"(3E)-3-(3-Hydroxy-4-methoxybenzylidene)-6,7-dimethoxy-2,3-dihydro-4H-chromen-4-one",Sintético / Indefinido,C19H18O6,NaN,NaN,36.2,0,82.0341051585441,234,NaN,NaN,No,No,NaN,341.102776126292,NaN,NaN,NaN
CSID28285830,"1,3,5-Trihydroxy-6-methoxy-7-(3-methyl-2-buten-1-yl)-9H-xanthen-9-one",Sintético / Indefinido,C19H18O6,NaN,NaN,36.2,0,82.0341051585441,234,NaN,NaN,No,No,NaN,341.102776126292,NaN,NaN,NaN
CSID28286496,"2,4,8-Trihydroxy-3-methoxy-1-(3-methyl-2-buten-1-yl)-9H-xanthen-9-one",Sintético / Indefinido,C19H18O6,NaN,NaN,36.2,0,82.0341051585441,234,NaN,NaN,No,No,NaN,341.102776126292,NaN,NaN,NaN
CSID28287269,"2-(3,5-Dihydroxyphenyl)-7,7-dimethyl-6,7-dihydro-5H-furo[3,2-g]chromene-5,6-diol",Sintético / Indefinido,C19H18O6,NaN,NaN,36.2,0,82.0341051585441,234,NaN,NaN,No,No,NaN,341.102776126292,NaN,NaN,NaN
CSID28288411,"(1E,3R,4S)-4-Hydroxy-1-[(2R,3S,3aS,7aS)-3-hydroxy-5-oxo-3,3a,5,7a-tetrahydro-2H-furo[3,2-b]pyran-2-yl]-1-penten-3-yl benzoate",Sintético / Indefinido,C19H20O7,NaN,NaN,36.2,0,81.8210990423586,234,NaN,NaN,No,No,NaN,341.102776126292,NaN,NaN,NaN
CSID24633354,SCUTEFLORIN A,Produto Natural,Yes,C19H18O6,CC(=CC(=O)O[C@H]1C(=O)C2=C(C=C3C(=C2)C=CC(=O)O3)OC1(C)C)C,"[(3R)-2,2-dimethyl-4,8-dioxo-3H-pyrano[3,2-g]chromen-3-yl] 3-methylbut-2-enoate",36.2,0,82.0341051585441,234,NaN,NaN,Small molecule,NaN,No,No,NaN,341.102776126292,FTSNOUCXBBPRJQ-SFHVURJKSA-N,NaN,NaN
CSID24843067,"3,8,9,10-Tetramethoxy-6H-[1]benzofuro[3,2-c]chromene",Sintético / Indefinido,C19H18O6,COC1=CC2=C(C=C1)C3=C(CO2)C4=CC(=C(C(=C4O3)OC)OC)OC,"3,8,9,10-tetramethoxy-6H-[1]benzofuro[3,2-c]chromene",36.2,0,82.0341051585441,234,NaN,NaN,No,No,NaN,341.102776126292,POIDJPZIKAENEO-UHFFFAOYSA-N,NaN,NaN
CSID156139,VERNODALIN,Produto Natural,Yes,C19H20O7,C=C[C@]12C[C@@H]([C@@H]3[C@@H]([C@H]1C(=C)C(=O)OC2)OC(=O)C3=C)OC(=O)C(=C)CO,"[(3aR,4S,5aR,9aR,9bR)-5a-ethenyl-3,9-dimethylidene-2,8-dioxo-3a,4,5,6,9a,9b-hexahydrofuro[2,3-f]isochromen-4-yl] 2-(hydroxymethyl)prop-2-enoate",36.2,0,81.8210990423586,234,NaN,NaN,Small molecule,NaN,No,No,NaN,341.102776126292,ZSXNBLOPYIJLQV-WSVVRNJXSA-N,NaN,NaN
CSID28289536,"1,3,5-Trihydroxy-4-methoxy-2-(3-methyl-2-buten-1-yl)-9H-xanthen-9-one",Sintético / Indefinido,C19H18O6,NaN,NaN,36.2,0,82.0341051585441,234,NaN,NaN,No,No,NaN,341.102776126292,NaN,NaN,NaN
CSID24777349,imidazopyridopyrimidine,Sintético / Indefinido,C8H5N5,C1=C2C(=NC3=CN=CN=C31)N=CN2,"2,4,6,10,12-pentazatricyclo[7.4.0.03,7]trideca-1(13),2,4,7,9,11-hexaene",37.7,0,92.1236699889247,234,NaN,NaN,No,No,NaN,341.102776126292,NRSIXGGRIGWASP-UHFFFAOYSA-N,NaN,NaN
CSID217358,"5,6,7,4′-Tetramethoxyisoflavone",Produto Natural,Yes,C19H18O6,COC1=CC=C(C=C1)C2=COC3=CC(=C(C(=C3C2=O)OC)OC)OC,"5,6,7-trimethoxy-3-(4-methoxyphenyl)chromen-4-one",36.2,0,82.0341051585441,234,"5,6,7,4'-tetramethoxyisoflavone is a member of the class of 4'-methoxyisoflavones that is 4'-methoxyisoflavone that is also substituted by methoxy groups at positions 5, 6, 7. It is a member of 4'-methoxyisoflavones and a member of 7-methoxyisoflavones. It is functionally related to an isoflavone.",NaN,Small molecule,NaN,No,No,ChEBI,341.102776126292,OVIIKCVNNUKDMQ-UHFFFAOYSA-N,NaN,NaN
CSID28605424,3-[2-(Benzyloxy)-2-oxoethoxy]-3-oxopropyl benzoate,Sintético / Indefinido,C19H18O6,NaN,NaN,36.2,0,82.0341051585441,234,NaN,NaN,No,No,NaN,341.102776126292,NaN,NaN,NaN
CSID28605421,2-{[1-(Benzyloxy)-1-oxo-2-propanyl]oxy}-2-oxoethyl benzoate,Sintético / Indefinido,C19H18O6,NaN,NaN,36.2,0,82.0341051585441,234,NaN,NaN,No,No,NaN,341.102776126292,NaN,NaN,NaN
CSID30791353,"(3R,4aR)-3,4a,7,8-Tetrahydroxy-3-methyl-3,4,4a,12b-tetrahydro-1,6(2H,5H)-tetraphenedione",Sintético / Indefinido,C19H18O6,NaN,NaN,36.2,0,82.0341051585441,234,NaN,NaN,No,No,NaN,341.102776126292,NaN,NaN,NaN
CSID3250580,"3′,4′,7,8-TETRAMETHOXYFLAVONE",Sintético / Indefinido,C19H18O6,NaN,NaN,36.2,0,82.0341051585441,234,NaN,NaN,No,No,NaN,341.102776126292,NaN,NaN,NaN
CSID29784799,"(1S,4R)-1-Hydroxy-4-(1H-indol-3-ylmethyl)-2H-pyrazino[2,1-b]quinazoline-3,6(1H,4H)-dione",Sintético / Indefinido,C20H16N4O3,NaN,NaN,35.1,0,80.5771566010241,234,NaN,NaN,No,No,NaN,341.102776126292,NaN,NaN,NaN
CSID25053323,evelynin,Produto Natural,Yes,C19H20O7,COC1=C(C=C(C=C1)C(=O)CCC2=C(C(=O)C(=CC2=O)OC)OC)OC,"2-[3-(3,4-dimethoxyphenyl)-3-oxopropyl]-3,5-dimethoxycyclohexa-2,5-diene-1,4-dione",36.2,0,81.8210990423586,234,NaN,NaN,Small molecule,NaN,No,No,NaN,341.102776126292,RESAUZHVVYGGHO-UHFFFAOYSA-N,NaN,NaN
CSID407003,"2-(3,4-Dimethoxyphenyl)-3-hydroxy-5,7-dimethoxy-2,3-dihydro-4H-chromen-4-one",Sintético / Indefinido,C19H20O7,NaN,NaN,36.2,0,81.8210990423586,234,NaN,NaN,No,No,NaN,341.102776126292,NaN,NaN,NaN
CSID30830023,garcimangostanol,Sintético / Indefinido,C19H18O6,NaN,NaN,36.2,0,82.0341051585441,234,NaN,NaN,No,No,NaN,341.102776126292,NaN,NaN,NaN
CSID414290,"3,5,6,7-Tetramethoxy-2-phenyl-4H-chromen-4-one",Sintético / Indefinido,C19H18O6,NaN,NaN,36.2,0,82.0341051585441,234,NaN,NaN,No,No,NaN,341.102776126292,NaN,NaN,NaN
CSID35015123,"8-(2-Acetoxy-2-propanyl)-2-oxo-8,9-dihydro-2H-furo[2,3-h]chromen-9-yl propionate",Sintético / Indefinido,C19H20O7,NaN,NaN,36.2,0,81.8210990423586,234,NaN,NaN,No,No,NaN,341.102776126292,NaN,NaN,NaN
CSID35031653,"4-[(1S,4S)-4-(1,3-Benzodioxol-5-yl)tetrahydro-1H,3H-furo[3,4-c]furan-1-yl]-1,2-benzenediol",Sintético / Indefinido,C19H18O6,NaN,NaN,36.2,0,82.0341051585441,234,NaN,NaN,No,No,NaN,341.102776126292,NaN,NaN,NaN
CSID29321288,"1H-[1,2,3]Triazolo[4,5-f]phthalazine",Sintético / Indefinido,C8H5N5,NaN,NaN,37.7,0,92.1236699889247,234,NaN,NaN,No,No,NaN,341.102776126292,NaN,NaN,NaN
CSID24843195,cerrosillin,Sintético / Indefinido,C19H18O6,COC1=C(C2=C(C=C1)OC(=CC2=O)C3=CC(=CC(=C3)OC)OC)OC,"2-(3,5-dimethoxyphenyl)-5,6-dimethoxychromen-4-one",36.2,0,82.0341051585441,234,NaN,NaN,No,No,NaN,341.102776126292,OVNSWJOCOLCOSB-UHFFFAOYSA-N,NaN,NaN
CSID28288601,"1,3,7-Trihydroxy-6-methoxy-4-(2-methyl-3-buten-2-yl)-9H-xanthen-9-one",Sintético / Indefinido,C19H18O6,NaN,NaN,36.2,0,82.0341051585441,234,NaN,NaN,No,No,NaN,341.102776126292,NaN,NaN,NaN
CSID26394006,(+)-sesamin monocatechol,Produto Natural,Yes,C19H18O6,C1[C@H]2[C@H](CO[C@@H]2C3=CC4=C(C=C3)OCO4)[C@H](O1)C5=CC(=C(C=C5)O)O,"4-[(3S,3aR,6S,6aR)-6-(1,3-benzodioxol-5-yl)-1,3,3a,4,6,6a-hexahydrofuro[3,4-c]furan-3-yl]benzene-1,2-diol",36.2,0,82.0341051585441,234,NaN,NaN,Small molecule,NaN,No,No,NaN,341.102776126292,CGEORJKFOZSMEZ-MBZVMHRFSA-N,NaN,NaN
CSID35013830,"5-Hydroxy-6-methylene-16-oxo-15-oxapentacyclo[9.3.2.1~5,8~.0~1,10~.0~2,8~]heptadec-12-ene-9,11-dicarboxylic acid",Sintético / Indefinido,C19H20O7,NaN,NaN,36.2,0,81.8210990423586,234,NaN,NaN,No,No,NaN,341.102776126292,NaN,NaN,NaN
CSID547068,ZAPOTIN,Sintético / Indefinido,C19H18O6,NaN,NaN,36.2,0,82.0341051585441,234,NaN,NaN,No,No,NaN,341.102776126292,NaN,NaN,NaN
CSID548072,Tetramethoxyluteolin,Sintético / Indefinido,C19H18O6,NaN,NaN,36.2,0,82.0341051585441,234,NaN,NaN,No,No,NaN,341.102776126292,NaN,NaN,NaN
CSID548014,TETRAMETHYLKAEMPFEROL,Sintético / Indefinido,C19H18O6,NaN,NaN,36.2,0,82.0341051585441,234,NaN,NaN,No,No,NaN,341.102776126292,NaN,NaN,NaN
CSID65323739,6-Hydroxy-2-[2-(3-hydroxy-4-methoxyphenyl)ethyl]-7-methoxy-4H-chromen-4-one,Sintético / Indefinido,C19H18O6,NaN,NaN,36.2,0,82.0341051585441,234,NaN,NaN,No,No,NaN,341.102776126292,NaN,NaN,NaN
CSID66123,"(1R,3R,5S,6S,10R,11S)-3-Methyl-9-methylene-8,14-dioxo-4,7,15-trioxatetracyclo[11.2.1.0~3,5~.0~6,10~]hexadec-13(16)-en-11-yl methacrylate",Sintético / Indefinido,C19H20O7,NaN,NaN,36.2,0,81.8210990423586,234,NaN,NaN,No,No,NaN,341.102776126292,NaN,NaN,NaN
CSID67024098,"3H-Imidazo[4,5-f][1,2,3]benzotriazine",Sintético / Indefinido,C8H5N5,NaN,NaN,37.7,0,92.1236699889247,234,NaN,NaN,No,No,NaN,341.102776126292,NaN,NaN,NaN
CSID28580134,"3H-Imidazo[4′,5′:4,5]pyrido[2,3-d]pyrimidine",Sintético / Indefinido,C8H5N5,C1=C2C3=C(C=NC2=NC=N1)NC=N3,"3,5,8,10,12-pentazatricyclo[7.4.0.02,6]trideca-1(13),2(6),3,7,9,11-hexaene",37.7,0,92.1236699889247,234,NaN,NaN,No,No,NaN,341.102776126292,NWGCHYGAEFGWLW-UHFFFAOYSA-N,NaN,NaN
CSID28424480,"1,4,6-Trihydroxy-5-methoxy-7-prenylxanthone",Produto Natural,Yes,C19H18O6,CC(=CCC1=CC2=C(C(=C1O)OC)OC3=C(C=CC(=C3C2=O)O)O)C,"1,4,6-trihydroxy-5-methoxy-7-(3-methylbut-2-enyl)xanthen-9-one",36.2,0,82.0341051585441,234,NaN,NaN,Small molecule,NaN,No,No,NaN,341.102776126292,XOFZQNNUVXEIJS-UHFFFAOYSA-N,NaN,NaN
CSID67025418,"1,2,2,3-Pyrrolidinetetracarbonitrile",Sintético / Indefinido,C8H5N5,NaN,NaN,37.7,0,92.1236699889247,234,NaN,NaN,No,No,NaN,341.102776126292,NaN,NaN,NaN
CSID29781257,"2H-[1,2,3]Triazolo[4,5-f]quinoxaline",Sintético / Indefinido,C8H5N5,C1=CC2=NNN=C2C3=NC=CN=C31,"2H-triazolo[4,5-f]quinoxaline",37.7,0,92.1236699889247,234,NaN,NaN,No,No,NaN,341.102776126292,XSJMOLCRLLDSFM-UHFFFAOYSA-N,NaN,NaN
CSID28295232,"1,5,8-Trihydroxy-3-methoxy-2-prenylxanthone",Sintético / Indefinido,C19H18O6,CC(=CCC1=C(C=C2C(=C1O)C(=O)C3=C(C=CC(=C3O2)O)O)OC)C,"1,5,8-trihydroxy-3-methoxy-2-(3-methylbut-2-enyl)xanthen-9-one",36.2,0,82.0341051585441,234,NaN,NaN,No,No,NaN,341.102776126292,AAANZTDKTFGJLZ-UHFFFAOYSA-N,NaN,NaN
CSID58837469,"(3R,4aR,12bR)-3,4a,7,8-Tetrahydroxy-3-methyl-3,4,4a,12b-tetrahydro-1,6(2H,5H)-tetraphenedione",Sintético / Indefinido,C19H18O6,NaN,NaN,36.2,0,82.0341051585441,234,NaN,NaN,No,No,NaN,341.102776126292,NaN,NaN,NaN
CSID67026868,"7H-Imidazo[4,5-h][1,2,4]benzotriazine",Sintético / Indefinido,C8H5N5,NaN,NaN,37.7,0,92.1236699889247,234,NaN,NaN,No,No,NaN,341.102776126292,NaN,NaN,NaN
CSID67160795,"[1,2,3]Triazolo[4′,5′:4,5]pyrido[1,2-c]pyrimidine",Sintético / Indefinido,C8H5N5,NaN,NaN,37.7,0,92.1236699889247,234,NaN,NaN,No,No,NaN,341.102776126292,NaN,NaN,NaN
CSID60752240,"3,3,4,4-Pyrrolidinetetracarbonitrile",Sintético / Indefinido,C8H5N5,NaN,NaN,37.7,0,92.1236699889247,234,NaN,NaN,No,No,NaN,341.102776126292,NaN,NaN,NaN
CSID67162101,"(2E)-3-(4-Hydroxy-3-methoxyphenyl)-2-(3,4,5-trimethoxyphenyl)acrylic acid",Sintético / Indefinido,C19H20O7,NaN,NaN,36.2,0,81.8210990423586,234,NaN,NaN,No,No,NaN,341.102776126292,NaN,NaN,NaN
CSID67028424,"Pyrido[2,3-d][1,2,3]triazolo[1,5-a]pyrimidine",Sintético / Indefinido,C8H5N5,NaN,NaN,37.7,0,92.1236699889247,234,NaN,NaN,No,No,NaN,341.102776126292,NaN,NaN,NaN
CSID67037264,"1H-Imidazo[4,5-h][1,2,3]benzotriazine",Sintético / Indefinido,C8H5N5,NaN,NaN,37.7,0,92.1236699889247,234,NaN,NaN,No,No,NaN,341.102776126292,NaN,NaN,NaN
CSID67162179,"2,2′-(1,4-Phenylene)bis(7H-pyrano[2,3-d]pyrimidine)",Sintético / Indefinido,C20H14N4O2,NaN,NaN,35.1,0,80.7875935969715,234,NaN,NaN,No,No,NaN,341.102776126292,NaN,NaN,NaN
CSID4513541,GOYAZENSOLIDE,Produto Natural,Yes,C19H20O7,CC(=C)C(=O)O[C@H]1C[C@@]2(C(=O)C=C(O2)/C(=C\[C@@H]3[C@@H]1C(=C)C(=O)O3)/CO)C,"[(2Z,4R,8R,9S,11R)-2-(hydroxymethyl)-11-methyl-7-methylidene-6,12-dioxo-5,14-dioxatricyclo[9.2.1.04,8]tetradeca-1(13),2-dien-9-yl] 2-methylprop-2-enoate",36.2,0,81.8210990423586,234,NaN,NaN,Small molecule,NaN,No,No,NaN,341.102776126292,HTMCLLSRQWRPTN-OKMRAYSCSA-N,NaN,NaN
CSID67163177,"1H-Pyrazolo[4′,3′:5,6]pyrido[4,3-d]pyrimidine",Sintético / Indefinido,C8H5N5,NaN,NaN,37.7,0,92.1236699889247,234,NaN,NaN,No,No,NaN,341.102776126292,NaN,NaN,NaN
CSID67164574,7-Ethoxy-5-hydroxy-6-methoxy-3-(4-methoxyphenyl)-4H-chromen-4-one,Sintético / Indefinido,C19H18O6,NaN,NaN,36.2,0,82.0341051585441,234,NaN,NaN,No,No,NaN,341.102776126292,NaN,NaN,NaN
CSID4475774,Ophiopogonanone E,Produto Natural,Yes,C19H20O7,CC1=C(C2=C(C(=C1O)OC)OCC(C2=O)CC3=C(C=C(C=C3)OC)O)O,"5,7-dihydroxy-3-[(2-hydroxy-4-methoxyphenyl)methyl]-8-methoxy-6-methyl-2,3-dihydrochromen-4-one",36.2,0,81.8210990423586,234,NaN,NaN,Small molecule,NaN,No,No,NaN,341.102776126292,FMFZMWWKEGLLRS-UHFFFAOYSA-N,NaN,NaN
CSID547067,6-DEMETHOXYTANGERETIN,Produto Natural,Yes,C19H18O6,COC1=CC=C(C=C1)C2=CC(=O)C3=C(O2)C(=C(C=C3OC)OC)OC,"5,7,8-trimethoxy-2-(4-methoxyphenyl)chromen-4-one",36.2,0,82.0341051585441,234,NaN,NaN,Small molecule,NaN,No,No,NaN,341.102776126292,DDGJUTBQQURRGE-UHFFFAOYSA-N,NaN,NaN
CSID67166312,"4H-[1,2,3]Triazolo[4,5-g]quinoxaline",Sintético / Indefinido,C8H5N5,NaN,NaN,37.7,0,92.1236699889247,234,NaN,NaN,No,No,NaN,341.102776126292,NaN,NaN,NaN
CSID4529746,"5-Hydroxy-7-methyl-2-(3,4,5-trimethoxyphenyl)-4H-chromen-4-one",Sintético / Indefinido,No,C19H18O6,CC1=CC(=C2C(=C1)OC(=CC2=O)C3=CC(=C(C(=C3)OC)OC)OC)O,"5-hydroxy-7-methyl-2-(3,4,5-trimethoxyphenyl)chromen-4-one",36.2,0,82.0341051585441,234,NaN,NaN,Small molecule,NaN,No,No,NaN,341.102776126292,ZXEOHVWQJDJDAD-UHFFFAOYSA-N,NaN,NaN
CSID67166081,"6-(1,3-Dithiepan-2-yl)-2-phenylchromane",Sintético / Indefinido,C20H22OS2,NaN,NaN,34,0,74.0178014049253,234,NaN,NaN,No,No,NaN,341.102776126292,NaN,NaN,NaN
CSID4477971,Methylophiopogonanone A,Sintético / Indefinido,C19H18O6,CC1=C(C(=C2C(=C1O)C(=O)[C@@H](CO2)CC3=CC4=C(C=C3)OCO4)C)O,"(3R)-3-(1,3-benzodioxol-5-ylmethyl)-5,7-dihydroxy-6,8-dimethyl-2,3-dihydrochromen-4-one",36.2,0,82.0341051585441,234,NaN,NaN,No,No,NaN,341.102776126292,BXTNNJIQILYHJB-GFCCVEGCSA-N,NaN,NaN
CSID67166609,Dibenzyl (hydroxymethoxy)(methoxy)malonate,Sintético / Indefinido,C19H20O7,NaN,NaN,36.2,0,81.8210990423586,234,NaN,NaN,No,No,NaN,341.102776126292,NaN,NaN,NaN
CSID67161964,"4H-Pyrazolo[3′,4′:5,6]pyrido[3,2-d]pyrimidine",Sintético / Indefinido,C8H5N5,NaN,NaN,37.7,0,92.1236699889247,234,NaN,NaN,No,No,NaN,341.102776126292,NaN,NaN,NaN
CSID67170739,"Pyrido[2′,3′:3,4]pyrazolo[5,1-c][1,2,4]triazine",Sintético / Indefinido,C8H5N5,NaN,NaN,37.7,0,92.1236699889247,234,NaN,NaN,No,No,NaN,341.102776126292,NaN,NaN,NaN
CSID67171808,"2,6,8-Trihydroxy-3-methoxy-1-(3-methyl-2-buten-1-yl)-9H-xanthen-9-one",Sintético / Indefinido,C19H18O6,NaN,NaN,36.2,0,82.0341051585441,234,NaN,NaN,No,No,NaN,341.102776126292,NaN,NaN,NaN
CSID63392,SODIUM DIAMYL SULFOSUCCINATE,Sintético / Indefinido,C14H25NaO7S,CCCCCOC(=O)CC(C(=O)OCCCCC)S(=O)(=O)[O-].[Na+],"sodium 1,4-dioxo-1,4-dipentoxybutane-2-sulfonate",35.6,0,81.8990328234718,234,NaN,NaN,No,No,NaN,341.102776126292,UMEWSJNRBXKWKZ-UHFFFAOYSA-M,NaN,NaN
CSID67171607,"Pyrido[3′,2′:4,5]imidazo[1,2-d][1,2,4]triazine",Sintético / Indefinido,C8H5N5,NaN,NaN,37.7,0,92.1236699889247,234,NaN,NaN,No,No,NaN,341.102776126292,NaN,NaN,NaN
CSID548077,"Isoflavone, 3′,4′,6,7-tetramethoxy-",Produto Natural,Yes,C19H18O6,COC1=C(C=C(C=C1)C2=COC3=CC(=C(C=C3C2=O)OC)OC)OC,"3-(3,4-dimethoxyphenyl)-6,7-dimethoxychromen-4-one",36.2,0,82.0341051585441,234,NaN,NaN,Small molecule,NaN,No,No,NaN,341.102776126292,OYSKBZHHLYECLU-UHFFFAOYSA-N,NaN,NaN
CSID66739020,bilinic acid,Sintético / Indefinido,C20H14N4O2,C1=CC(=CC2=NC(=CC3=CC=C(N3)/C=C/4\C=CC(=N4)C(=O)O)C=C2)N=C1,(5E)-5-[[5-[[5-(pyrrol-2-ylidenemethyl)pyrrol-2-ylidene]methyl]-1H-pyrrol-2-yl]methylidene]pyrrole-2-carboxylic acid,45.8,53.8,80.7875935969715,234,NaN,NaN,No,No,NaN,341.102776126292,ONJOTHHSOMXXKI-GNSVDMIHSA-N,NaN,NaN
CSID67173177,"5-Hydroxy-7-methyl-4-(3,4,5-trimethoxyphenyl)-2H-chromen-2-one",Sintético / Indefinido,C19H18O6,NaN,NaN,36.2,0,82.0341051585441,234,NaN,NaN,No,No,NaN,341.102776126292,NaN,NaN,NaN
CSID67176320,"2H-2,3,5,6,9-Pentaazabenzo[cd]azulene",Sintético / Indefinido,C8H5N5,NaN,NaN,37.7,0,92.1236699889247,234,NaN,NaN,No,No,NaN,341.102776126292,NaN,NaN,NaN
CSID548073,"Flavone, 3,3′,4′,7-tetramethoxy-",Produto Natural,Yes,C19H18O6,COC1=CC2=C(C=C1)C(=O)C(=C(O2)C3=CC(=C(C=C3)OC)OC)OC,"2-(3,4-dimethoxyphenyl)-3,7-dimethoxychromen-4-one",36.2,0,82.0341051585441,234,NaN,NaN,Small molecule,NaN,No,No,NaN,341.102776126292,NAMFTZBUZYVNST-UHFFFAOYSA-N,NaN,NaN
CSID8218554,"1,2,6-Trihydroxy-5-methoxy-7-(3-methyl-2-buten-1-yl)-9H-xanthen-9-one",Sintético / Indefinido,C19H18O6,NaN,NaN,36.2,0,82.0341051585441,234,NaN,NaN,No,No,NaN,341.102776126292,NaN,NaN,NaN
CSID67492218,"2,3-Porphyrindiol",Sintético / Indefinido,C20H14N4O2,NaN,NaN,35.1,0,80.7875935969715,234,NaN,NaN,No,No,NaN,341.102776126292,NaN,NaN,NaN
CSID8150228,"7-Methoxy-2-(2,4,5-trimethoxyphenyl)-4H-chromen-4-one",Sintético / Indefinido,C19H18O6,NaN,NaN,36.2,0,82.0341051585441,234,NaN,NaN,No,No,NaN,341.102776126292,NaN,NaN,NaN
CSID67497540,"1,3-Dibenzyl-5-nitro-1,3-dihydro-2H-imidazo[4,5-b]pyridin-2-one",Sintético / Indefinido,C20H16N4O3,NaN,NaN,35.1,0,80.5771566010241,234,NaN,NaN,No,No,NaN,341.102776126292,NaN,NaN,NaN
CSID8151364,"5-(6,7-Dimethoxy-3,4-dihydro-2H-chromen-3-yl)-2,3-dimethoxy-1,4-benzoquinone",Sintético / Indefinido,C19H20O7,NaN,NaN,36.2,0,81.8210990423586,234,NaN,NaN,No,No,NaN,341.102776126292,NaN,NaN,NaN
CSID8241491,"(2E)-3-(1,3-benzodioxol-5-yl)-1-(2,4,6-trimethoxyphenyl)prop-2-en-1-one",Sintético / Indefinido,C19H18O6,NaN,NaN,36.2,0,82.0341051585441,234,NaN,NaN,No,No,NaN,341.102776126292,NaN,NaN,NaN
CSID67168608,"9H-Pyrido[2′,3′:3,4]cyclopenta[1,2-e][1,2,3,4]tetrazine",Sintético / Indefinido,C8H5N5,NaN,NaN,37.7,0,92.1236699889247,234,NaN,NaN,No,No,NaN,341.102776126292,NaN,NaN,NaN
CSID8279119,"Tetrazolo[1,5-a]quinoxaline",Sintético / Indefinido,C8H5N5,NaN,NaN,37.7,0,92.1236699889247,234,NaN,NaN,No,No,NaN,341.102776126292,NaN,NaN,NaN
CSID67170646,"Imidazo[1′,5′:1,2]pyrido[4,3-d][1,2,3]triazine",Sintético / Indefinido,C8H5N5,NaN,NaN,37.7,0,92.1236699889247,234,NaN,NaN,No,No,NaN,341.102776126292,NaN,NaN,NaN
CSID4576722,Caledonixanthone D,Sintético / Indefinido,C19H18O6,CC(=CCC1=C(C(=C(C2=C1OC3=C(C2=O)C=CC=C3O)O)OC)O)C,"1,3,5-trihydroxy-2-methoxy-4-(3-methylbut-2-enyl)xanthen-9-one",36.2,0,82.0341051585441,234,NaN,NaN,No,No,NaN,341.102776126292,NDHWWMCGDXLCHL-UHFFFAOYSA-N,NaN,NaN
CSID8935022,"1,5,6-Trihydroxy-3-methoxy-4-(3-methyl-2-buten-1-yl)-9H-xanthen-9-one",Sintético / Indefinido,C19H18O6,NaN,NaN,36.2,0,82.0341051585441,234,NaN,NaN,No,No,NaN,341.102776126292,NaN,NaN,NaN
CSID67163911,"Pyrazolo[1,5-a]pteridine",Sintético / Indefinido,C8H5N5,C1=CN=C2C(=N1)C=NC3=CC=NN32,"pyrazolo[1,5-a]pteridine",37.7,0,92.1236699889247,234,NaN,NaN,No,No,NaN,341.102776126292,IXDKENVGFOBJPL-UHFFFAOYSA-N,NaN,NaN
CSID8936296,"(2E)-3-(4-Hydroxyphenyl)-1-(3-hydroxy-2,4,5,6-tetramethoxyphenyl)-2-propen-1-one",Sintético / Indefinido,C19H20O7,NaN,NaN,36.2,0,81.8210990423586,234,NaN,NaN,No,No,NaN,341.102776126292,NaN,NaN,NaN
CSID8625448,8-Hydroxy-7-{[(2E)-3-methyl-4-(4-methylene-5-oxotetrahydro-2-furanyl)-2-buten-1-yl]oxy}-2H-chromen-2-one,Sintético / Indefinido,C19H18O6,NaN,NaN,36.2,0,82.0341051585441,234,NaN,NaN,No,No,NaN,341.102776126292,NaN,NaN,NaN
CSID9177569,"2-(3,4-Dimethoxyphenyl)-5,7-dihydroxy-6,8-dimethyl-4H-chromen-4-one",Sintético / Indefinido,C19H18O6,NaN,NaN,36.2,0,82.0341051585441,234,NaN,NaN,No,No,NaN,341.102776126292,NaN,NaN,NaN
CSID67169896,"Pyrazolo[3,4-d]pyrimido[1,2-a]pyrimidine",Sintético / Indefinido,C8H5N5,C1=CN2C=C3C=NN=C3N=C2N=C1,"1,5,6,8,10-pentazatricyclo[7.4.0.03,7]trideca-2,4,6,8,10,12-hexaene",37.7,0,92.1236699889247,234,NaN,NaN,No,No,NaN,341.102776126292,FXBKXAWHDXBUOB-UHFFFAOYSA-N,NaN,NaN
CSID86762,Tetramethylscutellarein,Produto Natural,Yes,C19H18O6,COC1=CC=C(C=C1)C2=CC(=O)C3=C(C(=C(C=C3O2)OC)OC)OC,"5,6,7-trimethoxy-2-(4-methoxyphenyl)chromen-4-one",36.2,0,82.0341051585441,234,"4',5,6,7-tetramethoxyflavone is a tetramethoxyflavone that is the tetra-O-methyl derivative of scutellarein. It has a role as an antimutagen and a plant metabolite. It is functionally related to a scutellarein.",NaN,Small molecule,NaN,No,No,ChEBI,341.102776126292,URSUMOWUGDXZHU-UHFFFAOYSA-N,NaN,NaN
CSID9397187,"(1S,3R,5S,6S,10R,11S)-3-Methyl-9-methylene-8,14-dioxo-4,7,15-trioxatetracyclo[11.2.1.0~3,5~.0~6,10~]hexadec-13(16)-en-11-yl methacrylate",Sintético / Indefinido,C19H20O7,NaN,NaN,36.2,0,81.8210990423586,234,NaN,NaN,No,No,NaN,341.102776126292,NaN,NaN,NaN
CSID9442871,vieillardixanthone,Sintético / Indefinido,C19H18O6,NaN,NaN,36.2,0,82.0341051585441,234,NaN,NaN,No,No,NaN,341.102776126292,NaN,NaN,NaN
CSID9967528,Clauslactone G,Sintético / Indefinido,C19H20O7,NaN,NaN,36.2,0,81.8210990423586,234,NaN,NaN,No,No,NaN,341.102776126292,NaN,NaN,NaN
CSID9681330,2-Azidoquinazoline,Sintético / Indefinido,C8H5N5,NaN,NaN,37.7,0,92.1236699889247,234,NaN,NaN,No,No,NaN,341.102776126292,NaN,NaN,NaN
CSID9734316,"1,5,6-Trihydroxy-4-(3-hydroxy-3-methylbutyl)-3-methoxy-9H-xanthen-9-one",Sintético / Indefinido,C19H20O7,NaN,NaN,36.2,0,81.8210990423586,234,NaN,NaN,No,No,NaN,341.102776126292,NaN,NaN,NaN
CSID67170650,"3-(4-Nitrophenyl)-4-phenyl-1,8-naphthyridin-2-amine",Sintético / Indefinido,C20H14N4O2,C1=CC=C(C=C1)C2=C3C=CC=NC3=NC(=C2C4=CC=C(C=C4)[N+](=O)[O-])N,"3-(4-nitrophenyl)-4-phenyl-1,8-naphthyridin-2-amine",35.1,0,80.7875935969715,234,NaN,NaN,No,No,NaN,341.102776126292,OEQBKMSDURJLOY-UHFFFAOYSA-N,NaN,NaN
HMDB32736,Dulxanthone D,Sintético / Indefinido,C19H18O6,NaN,NaN,36.2,0,82.0341051585441,234,NaN,NaN,No,No,NaN,341.102776126292,NaN,NaN,NaN
HMDB34182,"1,5,8-Trihydroxy-3-methyl-2-prenylxanthone",Sintético / Indefinido,C19H18O6,NaN,NaN,36.2,0,82.0341051585441,234,NaN,NaN,No,No,NaN,341.102776126292,NaN,NaN,NaN
HMDB31992,Dulxanthone A,Sintético / Indefinido,C19H18O6,NaN,NaN,36.2,0,82.0341051585441,234,NaN,NaN,No,No,NaN,341.102776126292,NaN,NaN,NaN
HMDB29461,Zapotin,Produto Natural,Yes,C19H18O6,COC1=C(C(=CC=C1)OC)C2=CC(=O)C3=C(O2)C=CC(=C3OC)OC,"2-(2,6-dimethoxyphenyl)-5,6-dimethoxychromen-4-one",36.2,0,82.0341051585441,234,NaN,NaN,Small molecule,NaN,No,No,NaN,341.102776126292,PBQMALAAFQMDSP-UHFFFAOYSA-N,NaN,NaN
CSID67170430,"Tetrazolo[5,1-b]quinazoline",Sintético / Indefinido,C8H5N5,C1=CC2=CN3C(=NN=N3)N=C2C=C1,"tetrazolo[5,1-b]quinazoline",37.7,0,92.1236699889247,234,NaN,NaN,No,No,NaN,341.102776126292,LRPZDJMQNCQWMO-UHFFFAOYSA-N,NaN,NaN
HMDB35051,Gibberellin A59,Sintético / Indefinido,C19H20O7,NaN,NaN,36.2,0,81.8210990423586,234,NaN,NaN,No,No,NaN,341.102776126292,NaN,NaN,NaN
HMDB40910,Heteroflavanone A,Sintético / Indefinido,C19H20O7,NaN,NaN,36.2,0,81.8210990423586,234,NaN,NaN,No,No,NaN,341.102776126292,NaN,NaN,NaN
HMDB31289,"1,4,6-Trihydroxy-5-methoxy-7-prenylxanthone",Produto Natural,Yes,C19H18O6,CC(=CCC1=CC2=C(C(=C1O)OC)OC3=C(C=CC(=C3C2=O)O)O)C,"1,4,6-trihydroxy-5-methoxy-7-(3-methylbut-2-enyl)xanthen-9-one",36.2,0,82.0341051585441,234,"1,4,6-Trihydroxy-5-methoxy-7-prenylxanthone is a member of xanthones.",NaN,Small molecule,NaN,No,No,ChEBI,341.102776126292,XOFZQNNUVXEIJS-UHFFFAOYSA-N,NaN,NaN
HMDB30575,"4',5,6,7-Tetramethoxyflavone",Produto Natural,Yes,C19H18O6,COC1=CC=C(C=C1)C2=CC(=O)C3=C(C(=C(C=C3O2)OC)OC)OC,"5,6,7-trimethoxy-2-(4-methoxyphenyl)chromen-4-one",36.2,0,82.0341051585441,234,"4',5,6,7-tetramethoxyflavone is a tetramethoxyflavone that is the tetra-O-methyl derivative of scutellarein. It has a role as an antimutagen and a plant metabolite. It is functionally related to a scutellarein.",NaN,Small molecule,NaN,No,No,ChEBI,341.102776126292,URSUMOWUGDXZHU-UHFFFAOYSA-N,NaN,NaN
CSID74852605,"3-(3,4-Dimethoxyphenyl)-5-hydroxy-7-methoxy-8-methyl-4H-chromen-4-one",Sintético / Indefinido,C19H18O6,CC1=C(C=C(C2=C1OC=C(C2=O)C3=CC(=C(C=C3)OC)OC)O)OC,"3-(3,4-dimethoxyphenyl)-5-hydroxy-7-methoxy-8-methylchromen-4-one",36.2,0,82.0341051585441,234,NaN,NaN,No,No,NaN,341.102776126292,VQHJZNGYWOPFTE-UHFFFAOYSA-N,NaN,NaN
CSID67177072,"1H-Pyrrolo[2′,3′:5,6]pyrazino[2,3-d]pyridazine",Sintético / Indefinido,C8H5N5,C1=C2C(=NC3=CNN=CC3=N2)N=C1,"2,4,8,11,12-pentazatricyclo[7.4.0.03,7]trideca-1(13),2,4,6,8,10-hexaene",37.7,0,92.1236699889247,234,NaN,NaN,No,No,NaN,341.102776126292,DGIVFDOJNONOBC-UHFFFAOYSA-N,NaN,NaN
LMPK12110054,"7,2',4',5'-Tetramethoxyflavone",Sintético / Indefinido,C19H18O6,NaN,NaN,36.2,0,82.0341051585441,234,NaN,NaN,No,No,NaN,341.102776126292,NaN,NaN,NaN
LMPK12060021,Munduserone,Sintético / Indefinido,C19H18O6,NaN,NaN,36.2,0,82.0341051585441,234,NaN,NaN,No,No,NaN,341.102776126292,NaN,NaN,NaN
LMPK12020153,Elaeocyanidin,Sintético / Indefinido,C19H20O7,CC1(C2=C(C(=C(C=C2[C@@H]3[C@@H](O1)CC4=C(C=C(C=C4O3)O)O)O)OC)O)C,"(6aS,12aR)-3-methoxy-5,5-dimethyl-7,12a-dihydro-6aH-isochromeno[4,3-b]chromene-2,4,8,10-tetrol",36.2,0,81.8210990423586,234,NaN,NaN,No,No,NaN,341.102776126292,UEYVPAAGIXRIKF-WMLDXEAASA-N,NaN,NaN
LMPK12070088,"8-Hydroxy-3,4,9,10-tetramethoxypterocarpan",Sintético / Indefinido,C19H20O7,NaN,NaN,36.2,0,81.8210990423586,234,NaN,NaN,No,No,NaN,341.102776126292,NaN,NaN,NaN
LMPK12070156,Bryacarpene 3,Sintético / Indefinido,C19H18O6,NaN,NaN,36.2,0,82.0341051585441,234,NaN,NaN,No,No,NaN,341.102776126292,NaN,NaN,NaN
LMPK12080055,Abruquinone A,Sintético / Indefinido,C19H20O7,NaN,NaN,36.2,0,81.8210990423586,234,NaN,NaN,No,No,NaN,341.102776126292,NaN,NaN,NaN
LMPK12110944,"Norartocarpetin 5,7,2',4'-tetramethyl ether",Sintético / Indefinido,C19H18O6,NaN,NaN,36.2,0,82.0341051585441,234,NaN,NaN,No,No,NaN,341.102776126292,NaN,NaN,NaN
LMPK12110091,Zapotin,Sintético / Indefinido,C19H18O6,NaN,NaN,36.2,0,82.0341051585441,234,NaN,NaN,No,No,NaN,341.102776126292,NaN,NaN,NaN
CSID8580529,"3,6,8-trihydroxy-2-methoxy-1-(3-methylbut-2-en-1-yl)-9H-xanthen-9-one",Produto Natural,Yes,C19H18O6,CC(=CCC1=C(C(=CC2=C1C(=O)C3=C(C=C(C=C3O2)O)O)O)OC)C,"3,6,8-trihydroxy-2-methoxy-1-(3-methylbut-2-enyl)xanthen-9-one",36.2,0,82.0341051585441,234,Dulxanthone D is a member of xanthones.,NaN,Small molecule,NaN,No,No,ChEBI,341.102776126292,JZLXKPGAABLTJE-UHFFFAOYSA-N,NaN,NaN
CSID9362005,"4,6,3′,4′-tetramethoxyaurone",Produto Natural,Yes,C19H18O6,COC1=C(C=C(C=C1)/C=C\2/C(=O)C3=C(O2)C=C(C=C3OC)OC)OC,"(2Z)-2-[(3,4-dimethoxyphenyl)methylidene]-4,6-dimethoxy-1-benzofuran-3-one",36.2,0,82.0341051585441,234,NaN,NaN,Small molecule,NaN,No,No,NaN,341.102776126292,CVKDSGICIOMAGA-IUXPMGMMSA-N,NaN,NaN
LMPK12050117,"6,7,3',4'-Tetramethoxyisoflavone",Produto Natural,Yes,C19H18O6,COC1=C(C=C(C=C1)C2=COC3=CC(=C(C=C3C2=O)OC)OC)OC,"3-(3,4-dimethoxyphenyl)-6,7-dimethoxychromen-4-one",36.2,0,82.0341051585441,234,NaN,NaN,Small molecule,NaN,No,No,NaN,341.102776126292,OYSKBZHHLYECLU-UHFFFAOYSA-N,NaN,NaN
LMPK12111369,"4',5,7,8-Tetramethoxyflavone",Produto Natural,Yes,C19H18O6,COC1=CC=C(C=C1)C2=CC(=O)C3=C(O2)C(=C(C=C3OC)OC)OC,"5,7,8-trimethoxy-2-(4-methoxyphenyl)chromen-4-one",36.2,0,82.0341051585441,234,NaN,NaN,Small molecule,NaN,No,No,NaN,341.102776126292,DDGJUTBQQURRGE-UHFFFAOYSA-N,NaN,NaN
LMPK12112695,8-Desmethylkalmiatin,Sintético / Indefinido,C19H18O6,NaN,NaN,36.2,0,82.0341051585441,234,NaN,NaN,No,No,NaN,341.102776126292,NaN,NaN,NaN
LMPK12112699,"3,5,7,4'-Tetramethoxyflavone",Sintético / Indefinido,C19H18O6,NaN,NaN,36.2,0,82.0341051585441,234,NaN,NaN,No,No,NaN,341.102776126292,NaN,NaN,NaN
LMPK12111571,Fisetin tetramethyl ether,Produto Natural,Yes,C19H18O6,COC1=CC2=C(C=C1)C(=O)C(=C(O2)C3=CC(=C(C=C3)OC)OC)OC,"2-(3,4-dimethoxyphenyl)-3,7-dimethoxychromen-4-one",36.2,0,82.0341051585441,234,NaN,NaN,Small molecule,NaN,No,No,NaN,341.102776126292,NAMFTZBUZYVNST-UHFFFAOYSA-N,NaN,NaN
LMPK12120384,Tinosporinone,Sintético / Indefinido,C19H18O6,NaN,NaN,36.2,0,82.0341051585441,234,NaN,NaN,No,No,NaN,341.102776126292,NaN,NaN,NaN
LMPK12111074,"Luteolin 5,7,3',4'-tetramethyl ether",Sintético / Indefinido,C19H18O6,NaN,NaN,36.2,0,82.0341051585441,234,NaN,NaN,No,No,NaN,341.102776126292,NaN,NaN,NaN
LMPK12140534,Heteroflavanone A,Sintético / Indefinido,C19H20O7,NaN,NaN,36.2,0,81.8210990423586,234,NaN,NaN,No,No,NaN,341.102776126292,NaN,NaN,NaN
HMDB41196,Edulisin IV,Sintético / Indefinido,C19H20O7,CCC(=O)O[C@H]1[C@H](OC2=C1C3=C(C=C2)C=CC(=O)O3)C(C)(C)OC(=O)C,"[(8S,9R)-8-(2-acetyloxypropan-2-yl)-2-oxo-8,9-dihydrofuro[2,3-h]chromen-9-yl] propanoate",36.2,0,81.8210990423586,234,Edulisin IV is a furanocoumarin.,NaN,No,No,ChEBI,341.102776126292,YPBNKPNGOBYSJH-MSOLQXFVSA-N,NaN,NaN
LMPK12110105,Cerrosillin,Sintético / Indefinido,C19H18O6,COC1=C(C2=C(C=C1)OC(=CC2=O)C3=CC(=CC(=C3)OC)OC)OC,"2-(3,5-dimethoxyphenyl)-5,6-dimethoxychromen-4-one",36.2,0,82.0341051585441,234,NaN,NaN,No,No,NaN,341.102776126292,OVNSWJOCOLCOSB-UHFFFAOYSA-N,NaN,NaN
LMPK12130052,"4,6,3',4'-Tetramethoxyaurone",Produto Natural,Yes,C19H18O6,COC1=C(C=C(C=C1)/C=C\2/C(=O)C3=C(O2)C=C(C=C3OC)OC)OC,"(2Z)-2-[(3,4-dimethoxyphenyl)methylidene]-4,6-dimethoxy-1-benzofuran-3-one",36.2,0,82.0341051585441,234,NaN,NaN,Small molecule,NaN,No,No,NaN,341.102776126292,CVKDSGICIOMAGA-IUXPMGMMSA-N,NaN,NaN
LMPK12140628,Agestricin C,Sintético / Indefinido,C19H20O7,NaN,NaN,36.2,0,81.8210990423586,234,NaN,NaN,No,No,NaN,341.102776126292,NaN,NaN,NaN
LMPK12140631,"5-Hydroxy-6,7,3',4'-tetramethoxyflavanone",Sintético / Indefinido,C19H20O7,NaN,NaN,36.2,0,81.8210990423586,234,NaN,NaN,No,No,NaN,341.102776126292,NaN,NaN,NaN
LMPK12020087,"9,10-Dihydro-8-hydroxy-10-methyl-8H-pyrano[2,3-h]epicatechin",Sintético / Indefinido,C19H20O7,C[C@@H]1C[C@H](OC2=C1C3=C(C[C@H]([C@H](O3)C4=CC(=C(C=C4)O)O)O)C(=C2)O)O,"(2R,3R,8S,10R)-2-(3,4-dihydroxyphenyl)-10-methyl-2,3,4,8,9,10-hexahydropyrano[2,3-f]chromene-3,5,8-triol",36.2,0,81.8210990423586,234,NaN,NaN,No,No,NaN,341.102776126292,KLFQXCVGEVYPOF-FMSUVHIHSA-N,NaN,NaN
LMPK12050091,"7,2',4',5'-Tetramethoxyisoflavone",Produto Natural,Yes,C19H18O6,COC1=CC2=C(C=C1)C(=O)C(=CO2)C3=CC(=C(C=C3OC)OC)OC,"7-methoxy-3-(2,4,5-trimethoxyphenyl)chromen-4-one",36.2,0,82.0341051585441,234,NaN,NaN,Small molecule,NaN,No,No,NaN,341.102776126292,LMCHYXAZXISBOS-UHFFFAOYSA-N,NaN,NaN
LMPK12020088,Pyranochromene,Sintético / Indefinido,C19H20O7,C[C@H]1C[C@@H](OC2=C1C3=C(C[C@H]([C@H](O3)C4=CC(=C(C=C4)O)O)O)C(=C2)O)O,"(2R,3R,8R,10S)-2-(3,4-dihydroxyphenyl)-10-methyl-2,3,4,8,9,10-hexahydropyrano[2,3-f]chromene-3,5,8-triol",36.2,0,81.8210990423586,234,NaN,NaN,No,No,NaN,341.102776126292,KLFQXCVGEVYPOF-PCPPRTPOSA-N,NaN,NaN
LMPK12111167,"Scutellarein 5,6,7,4'-tetramethyl ether",Produto Natural,Yes,C19H18O6,COC1=CC=C(C=C1)C2=CC(=O)C3=C(C(=C(C=C3O2)OC)OC)OC,"5,6,7-trimethoxy-2-(4-methoxyphenyl)chromen-4-one",36.2,0,82.0341051585441,234,NaN,NaN,Small molecule,NaN,No,No,NaN,341.102776126292,URSUMOWUGDXZHU-UHFFFAOYSA-N,NaN,NaN
LMPK12110830,"5,7-Dihydroxy-3',4'-dimethoxy-6,8-dimethylflavone",Sintético / Indefinido,C19H18O6,CC1=C(C(=C2C(=C1O)C(=O)C=C(O2)C3=CC(=C(C=C3)OC)OC)C)O,"2-(3,4-dimethoxyphenyl)-5,7-dihydroxy-6,8-dimethylchromen-4-one",36.2,0,82.0341051585441,234,NaN,NaN,No,No,NaN,341.102776126292,UIFRXEHXPRFGTF-UHFFFAOYSA-N,NaN,NaN
CSID10454544,Diethylphosphine sulfide,Sintético / Indefinido,C4H11PS,NaN,NaN,38,0,91.5603327459054,45,NaN,NaN,No,No,NaN,243.056235309506,NaN,NaN,NaN
CSID67038442,chlorodimethylsulfoxide,Sintético / Indefinido,C2H6ClOS,NaN,NaN,33.8,0,70.2097140301775,1,NaN,NaN,No,No,NaN,112.983440022662,NaN,NaN,NaN
LMPK12111434,"5,6,7,8-Tetramethoxyflavone",Sintético / Indefinido,C19H18O6,COC1=C(C(=C(C2=C1C(=O)C=C(O2)C3=CC=CC=C3)OC)OC)OC,"5,6,7,8-tetramethoxy-2-phenylchromen-4-one",36.2,0,82.0341051585441,234,NaN,NaN,No,No,NaN,341.102776126292,HLBQIAYRCJIRCQ-UHFFFAOYSA-N,NaN,NaN
CSID22382,Plutonium,Sintético / Indefinido,Pu,NaN,NaN,19.3,0,0,45,NaN,NaN,No,No,NaN,243.056235309506,NaN,NaN,NaN
CSID20121340,"3-(1H-Indol-3-yl)-2H-1,4-benzoxazin-2-one",Sintético / Indefinido,C16H10N2O2,NaN,NaN,36.6,0,83.7426733530287,45,NaN,NaN,No,No,NaN,243.056235309506,NaN,NaN,NaN
CSID13087818,"11H-Isoquinolino[3,2-b]quinazoline-6,13-dione",Sintético / Indefinido,C16H10N2O2,NaN,NaN,36.6,0,83.7426733530287,45,NaN,NaN,No,No,NaN,243.056235309506,NaN,NaN,NaN
LMPK12112686,"6,8-Di-C-methylkaempferol 3,7-dimethyl ether",Sintético / Indefinido,C19H18O6,CC1=C(C2=C(C(=C1OC)C)OC(=C(C2=O)OC)C3=CC=C(C=C3)O)O,"5-hydroxy-2-(4-hydroxyphenyl)-3,7-dimethoxy-6,8-dimethylchromen-4-one",36.2,0,82.0341051585441,234,"6,8-Di-C-methylkaempferol 3,7-dimethyl ether is an ether and a member of flavonoids.",NaN,No,No,ChEBI,341.102776126292,PCRPRSKMNFYFSI-UHFFFAOYSA-N,NaN,NaN
LMPK12113098,"3,5,7,8-Tetramethoxyflavone",Sintético / Indefinido,C19H18O6,COC1=CC(=C(C2=C1C(=O)C(=C(O2)C3=CC=CC=C3)OC)OC)OC,"3,5,7,8-tetramethoxy-2-phenylchromen-4-one",36.2,0,82.0341051585441,234,NaN,NaN,No,No,NaN,341.102776126292,NTLVZMFGFHBJIJ-UHFFFAOYSA-N,NaN,NaN
CSID2297829,Carnidazole,Sintético / Indefinido,C8H12N4O3S,NaN,NaN,36.7,0,85.8359646578731,45,NaN,NaN,No,No,NaN,243.056235309506,NaN,NaN,NaN
LMPK12112810,"3,5,6,7-Tetramethoxyflavone",Sintético / Indefinido,C19H18O6,COC1=C(C(=C2C(=C1)OC(=C(C2=O)OC)C3=CC=CC=C3)OC)OC,"3,5,6,7-tetramethoxy-2-phenylchromen-4-one",36.2,0,82.0341051585441,234,NaN,NaN,No,No,NaN,341.102776126292,YOZUDFLREPPXIO-UHFFFAOYSA-N,NaN,NaN
LMPK12120325,"3,4-Methylenedioxy-2',4',6'-trimethoxychalcone",Produto Natural,Yes,C19H18O6,COC1=CC(=C(C(=C1)OC)C(=O)/C=C/C2=CC3=C(C=C2)OCO3)OC,"(E)-3-(1,3-benzodioxol-5-yl)-1-(2,4,6-trimethoxyphenyl)prop-2-en-1-one",36.2,0,82.0341051585441,234,NaN,NaN,Small molecule,NaN,No,No,NaN,341.102776126292,JVOXGQQMPCSFBL-GQCTYLIASA-N,NaN,NaN
CSID24605731,"2-(1H-Indol-2-yl)-4H-3,1-benzoxazin-4-one",Sintético / Indefinido,C16H10N2O2,NaN,NaN,36.6,0,83.7426733530287,45,NaN,NaN,No,No,NaN,243.056235309506,NaN,NaN,NaN
CSID23194370,"5H-Indolo[3,2-b]quinoline-11-carboxylic acid",Sintético / Indefinido,C16H10N2O2,NaN,NaN,36.6,0,83.7426733530287,45,NaN,NaN,No,No,NaN,243.056235309506,NaN,NaN,NaN
LMPK12120364,"2',5'-Dihydroxy-4,3',4',6'-tetramethoxychalcone",Sintético / Indefinido,C19H20O7,COC1=CC=C(C=C1)/C=C/C(=O)C2=C(C(=C(C(=C2OC)O)OC)OC)O,"(E)-1-(2,5-dihydroxy-3,4,6-trimethoxyphenyl)-3-(4-methoxyphenyl)prop-2-en-1-one",36.2,0,81.8210990423586,234,NaN,NaN,No,No,NaN,341.102776126292,GAAWSCXYZOMCME-JXMROGBWSA-N,NaN,NaN
LMPK12110133,"5,7,2',5'-tetramethoxyflavone",Sintético / Indefinido,C19H18O6,COC1=CC(=C(C=C1)OC)C2=CC(=O)C3=C(O2)C=C(C=C3OC)OC,"2-(2,5-dimethoxyphenyl)-5,7-dimethoxychromen-4-one",36.2,0,82.0341051585441,234,NaN,NaN,No,No,NaN,341.102776126292,LIOJFJYPMYGQFI-UHFFFAOYSA-N,NaN,NaN
LMPK12140458,"5,7,3'-Trihydroxy-4',5'-dimethoxy-6,8-di-C-methylflavanone",Sintético / Indefinido,C19H20O7,CC1=C(C(=C2C(=C1O)C(=O)CC(O2)C3=CC(=C(C(=C3)OC)OC)O)C)O,"5,7-dihydroxy-2-(3-hydroxy-4,5-dimethoxyphenyl)-6,8-dimethyl-2,3-dihydrochromen-4-one",36.2,0,81.8210990423586,234,NaN,NaN,No,No,NaN,341.102776126292,KBHNNERSMMYNCG-UHFFFAOYSA-N,NaN,NaN
CSID2729221,"5H-Isoquinolino[2,3-a]quinazoline-5,12(6H)-dione",Sintético / Indefinido,C16H10N2O2,NaN,NaN,36.6,0,83.7426733530287,45,NaN,NaN,No,No,NaN,243.056235309506,NaN,NaN,NaN
CSID24605733,"2-(1H-Indol-3-yl)-4H-3,1-benzoxazin-4-one",Sintético / Indefinido,C16H10N2O2,NaN,NaN,36.6,0,83.7426733530287,45,NaN,NaN,No,No,NaN,243.056235309506,NaN,NaN,NaN
LMPK12140685,"5-Hydroxy-6,7,8,4'-tetramethoxyflavanone",Sintético / Indefinido,C19H20O7,COC1=CC=C(C=C1)C2CC(=O)C3=C(C(=C(C(=C3O2)OC)OC)OC)O,"5-hydroxy-6,7,8-trimethoxy-2-(4-methoxyphenyl)-2,3-dihydrochromen-4-one",36.2,0,81.8210990423586,234,NaN,NaN,No,No,NaN,341.102776126292,SGWLCEXRWADMOA-UHFFFAOYSA-N,NaN,NaN
LMPK12140592,"5-Hydroxy-7,3',4',5'-tetramethoxyflavanone",Sintético / Indefinido,C19H20O7,COC1=CC(=C2C(=O)CC(OC2=C1)C3=CC(=C(C(=C3)OC)OC)OC)O,"5-hydroxy-7-methoxy-2-(3,4,5-trimethoxyphenyl)-2,3-dihydrochromen-4-one",36.2,0,81.8210990423586,234,NaN,NaN,No,No,NaN,341.102776126292,YHUVYYVAPBAXIH-UHFFFAOYSA-N,NaN,NaN
LMPK12120365,"4,3'-Hydroxy-2',4',5',6'-methoxychalcone",Sintético / Indefinido,C19H20O7,COC1=C(C(=C(C(=C1O)OC)OC)OC)C(=O)/C=C/C2=CC=C(C=C2)O,"(E)-3-(4-hydroxyphenyl)-1-(3-hydroxy-2,4,5,6-tetramethoxyphenyl)prop-2-en-1-one",36.2,0,81.8210990423586,234,NaN,NaN,No,No,NaN,341.102776126292,YFLYXUCAZKSRMZ-JXMROGBWSA-N,NaN,NaN
LMPK12140632,Agecorynin E,Sintético / Indefinido,C19H20O7,COC1=C(C=CC(=C1)[C@@H]2CC(=O)C3=C(C(=C(C=C3O2)OC)OC)OC)O,"(2S)-2-(4-hydroxy-3-methoxyphenyl)-5,6,7-trimethoxy-2,3-dihydrochromen-4-one",36.2,0,81.8210990423586,234,NaN,NaN,No,No,NaN,341.102776126292,RTHZXRUUOCCNTA-ZDUSSCGKSA-N,NaN,NaN
CSID4435610,"4-Amino-1-(2-deoxy-4-thio-β-D-erythro-pentofuranosyl)-1,3,5-triazin-2(1H)-one",Sintético / Indefinido,C8H12N4O3S,NaN,NaN,36.7,0,85.8359646578731,45,NaN,NaN,No,No,NaN,243.056235309506,NaN,NaN,NaN
CSID4514277,(3E)-Indirubin,Sintético / Indefinido,C16H10N2O2,NaN,NaN,36.6,0,83.7426733530287,45,NaN,NaN,No,No,NaN,243.056235309506,NaN,NaN,NaN
CSID122464,Chlorodimethylethylsilane,Sintético / Indefinido,C4H11ClSi,CC[Si](C)(C)Cl,chloro-ethyl-dimethylsilane,33.3,0,67.4128037968951,45,NaN,NaN,No,No,NaN,243.056235309506,AVDUEHWPPXIAEB-UHFFFAOYSA-N,NaN,NaN
CSID4886846,"[(1,2-Dioxo-1,2-ethanediyl)bis(oxy)]diammonium",Sintético / Indefinido,C2H6N2O4+2,NaN,NaN,39.2,0,96.9441699551601,45,NaN,NaN,No,No,NaN,243.056235309506,NaN,NaN,NaN
267390,Proflavin hydrochloride,Sintético / Indefinido,No,C13H11ClN3,C1=CC(=CC2=NC3=C(C=CC(=C3)N)C=C21)N.Cl,"acridine-3,6-diamine;hydrochloride",32.5,0,65.6151105363954,45,"3,6-diaminoacridine monohydrochloride is a hydrochloride resulting from the reaction of equimolar amounts of 3,6-diaminoacridine and hydrogen chloride. It has a role as an intercalator, an antibacterial agent, an antiseptic drug and a carcinogenic agent. It contains a 3,6-diaminoacridine(1+).",NaN,Small molecule,NaN,No,No,ChEBI,243.056235309506,PBBGTVBGXBUVLT-UHFFFAOYSA-N,NaN,NaN
CSID206217,"2,3-Di(2-furyl)quinoxaline",Sintético / Indefinido,No,C16H10N2O2,C1=CC=C2C(=C1)N=C(C(=N2)C3=CC=CO3)C4=CC=CO4,"2,3-bis(furan-2-yl)quinoxaline",36.6,0,83.7426733530287,45,NaN,NaN,Small molecule,NaN,No,No,NaN,243.056235309506,GMUROSQCXMKHEN-UHFFFAOYSA-N,NaN,NaN
CSID10592691,3-(1H-Benzimidazol-2-yl)-4H-chromen-4-one,Sintético / Indefinido,C16H10N2O2,C1=CC=C2C(=C1)C(=O)C(=CO2)C3=NC4=CC=CC=C4N3,3-(1H-benzimidazol-2-yl)chromen-4-one,36.6,0,83.7426733530287,45,NaN,NaN,No,No,NaN,243.056235309506,CDTPMSJYRHCMBU-UHFFFAOYSA-N,NaN,NaN
CSID4477009,Indigo dye,Produto Natural,Yes,C16H10N2O2,C1=CC=C2C(=C1)C(=C(N2)C3=NC4=CC=CC=C4C3=O)O,2-(3-hydroxy-1H-indol-2-yl)indol-3-one,36.6,0,83.7426733530287,45,NaN,NaN,Small molecule,NaN,No,No,NaN,243.056235309506,QQILFGKZUJYXGS-UHFFFAOYSA-N,NaN,NaN
CSID57498628,1-Diazo-1-(triethylgermyl)acetone,Sintético / Indefinido,C9H18GeN2O,NaN,NaN,22.8,0,16.0511593108916,45,NaN,NaN,No,No,NaN,243.056235309506,NaN,NaN,NaN
989847,INDIGO,Produto Natural,Yes,C16H10N2O2,C1=CC=C2C(=C1)C(=C(N2)C3=NC4=CC=CC=C4C3=O)O,2-(3-hydroxy-1H-indol-2-yl)indol-3-one,36.6,0,83.7426733530287,45,NaN,NaN,Small molecule,NaN,No,No,NaN,243.056235309506,QQILFGKZUJYXGS-UHFFFAOYSA-N,NaN,NaN
CSID66424382,Trimethylsilyl phosphinite,Sintético / Indefinido,C3H9OPSi,NaN,NaN,37.8,0,89.699971313984,45,NaN,NaN,No,No,NaN,243.056235309506,NaN,NaN,NaN
CSID2297324,Buthalital Sodium,Sintético / Indefinido,No,C11H15N2NaO2S,CC(C)CC1(C(=O)NC(=NC1=O)[S-])CC=C.[Na+],"sodium 5-(2-methylpropyl)-4,6-dioxo-5-prop-2-enyl-1H-pyrimidine-2-thiolate",35.8,0,83.8944675048817,45,NaN,NaN,Small molecule,2.0,No,No,NaN,243.056235309506,APSWQQYXFMUODF-UHFFFAOYSA-M,NaN,NaN
CSID67025357,(3Z)-3-(2-Oxo-2-phenylethylidene)-2(3H)-quinoxalinone,Sintético / Indefinido,C16H10N2O2,NaN,NaN,36.6,0,83.7426733530287,45,NaN,NaN,No,No,NaN,243.056235309506,NaN,NaN,NaN
CSID67031910,"Chromeno[3,4-b][1,5]benzodiazepin-8(6H)-one",Sintético / Indefinido,C16H10N2O2,NaN,NaN,36.6,0,83.7426733530287,45,NaN,NaN,No,No,NaN,243.056235309506,NaN,NaN,NaN
CSID67157943,"7-Amino-1-cyclopropyl-6-fluoro-4-oxo-1,4-dihydro-3-quinolinecarboxylic acid",Sintético / Indefinido,C13H11FN2O3,NaN,NaN,36.1,0,86.2688201161389,45,NaN,NaN,No,No,NaN,243.056235309506,NaN,NaN,NaN
CSID67033087,"2,4-Dihydroanthra[1,9-ef][1,4]diazepine-3,8-dione",Sintético / Indefinido,C16H10N2O2,NaN,NaN,36.6,0,83.7426733530287,45,NaN,NaN,No,No,NaN,243.056235309506,NaN,NaN,NaN
CSID67160724,3-(1H-Benzimidazol-1-yl)-4H-chromen-4-one,Sintético / Indefinido,C16H10N2O2,NaN,NaN,36.6,0,83.7426733530287,45,NaN,NaN,No,No,NaN,243.056235309506,NaN,NaN,NaN
CSID639620,"3-(1H-1,3-benzodiazol-2-yl)chromen-2-one",Sintético / Indefinido,C16H10N2O2,NaN,NaN,36.6,0,83.7426733530287,45,NaN,NaN,No,No,NaN,243.056235309506,NaN,NaN,NaN
CSID67158139,"1-Acetyl-5-fluoro-3-(2-methylphenyl)-2,4(1H,3H)-pyrimidinedione",Sintético / Indefinido,C13H11FN2O3,NaN,NaN,36.1,0,86.2688201161389,45,NaN,NaN,No,No,NaN,243.056235309506,NaN,NaN,NaN
CSID62910281,3-Nitro-2-fluoranthenamine,Sintético / Indefinido,C16H10N2O2,NaN,NaN,36.6,0,83.7426733530287,45,NaN,NaN,No,No,NaN,243.056235309506,NaN,NaN,NaN
CSID67491964,"(2E)-2-(7-Oxo-1,7-dihydro-6H-indol-6-ylidene)-1,2-dihydro-3H-indol-3-one",Sintético / Indefinido,C16H10N2O2,NaN,NaN,36.6,0,83.7426733530287,45,NaN,NaN,No,No,NaN,243.056235309506,NaN,NaN,NaN
CSID24605732,"3-(1H-Indol-2-yl)-2H-1,4-benzoxazin-2-one",Sintético / Indefinido,C16H10N2O2,NaN,NaN,36.6,0,83.7426733530287,45,NaN,NaN,No,No,NaN,243.056235309506,NaN,NaN,NaN
CSID67158487,"N-[2-(2,5-Dioxo-2,5-dihydro-1H-pyrrol-1-yl)ethyl]-4-fluorobenzamide",Sintético / Indefinido,C13H11FN2O3,NaN,NaN,38.2,10.6,86.2688201161389,45,NaN,NaN,No,No,NaN,243.056235309506,NaN,NaN,NaN
CSID67175690,1-Nitro-2-pyrenamine,Sintético / Indefinido,C16H10N2O2,NaN,NaN,36.6,0,83.7426733530287,45,NaN,NaN,No,No,NaN,243.056235309506,NaN,NaN,NaN
CSID67497963,3-(1H-Pyrazol-1-yl)-2H-benzo[g]chromen-2-one,Sintético / Indefinido,C16H10N2O2,NaN,NaN,36.6,0,83.7426733530287,45,NaN,NaN,No,No,NaN,243.056235309506,NaN,NaN,NaN
CSID14398775,his-pro-ala-phe,Metabólito Endógeno (HMDB),Yes,C23H30N6O5,NaN,NaN,34.5,0,75.2451765137187,162,Fragmento de peptídeo identificado por sequenciamento.,NaN,Oligopeptide,NaN,Yes,Yes,Regras Locais (Peptídeo),451.211041295324,NaN,NaN,NaN
CSID14398795,his-pro-phe-ala,Metabólito Endógeno (HMDB),Yes,C23H30N6O5,NaN,NaN,34.5,0,75.2451765137187,162,Fragmento de peptídeo identificado por sequenciamento.,NaN,Oligopeptide,NaN,Yes,Yes,Regras Locais (Peptídeo),451.211041295324,NaN,NaN,NaN
CSID16569025,arg-met-phe,Metabólito Endógeno (HMDB),Yes,C20H32N6O4S,NaN,NaN,33.6,0,73.9149107455817,162,Fragmento de peptídeo identificado por sequenciamento.,NaN,Oligopeptide,NaN,Yes,Yes,Regras Locais (Peptídeo),451.211041295324,NaN,NaN,NaN
CSID16569043,arg-phe-met,Metabólito Endógeno (HMDB),Yes,C20H32N6O4S,NaN,NaN,33.6,0,73.9149107455817,162,Fragmento de peptídeo identificado por sequenciamento.,NaN,Oligopeptide,NaN,Yes,Yes,Regras Locais (Peptídeo),451.211041295324,NaN,NaN,NaN
CSID16573044,met-arg-phe,Metabólito Endógeno (HMDB),Yes,C20H32N6O4S,NaN,NaN,33.6,0,73.9149107455817,162,Fragmento de peptídeo identificado por sequenciamento.,NaN,Oligopeptide,NaN,Yes,Yes,Regras Locais (Peptídeo),451.211041295324,NaN,NaN,NaN
CSID16573269,met-phe-arg,Metabólito Endógeno (HMDB),Yes,C20H32N6O4S,NaN,NaN,33.6,0,73.9149107455817,162,Fragmento de peptídeo identificado por sequenciamento.,NaN,Oligopeptide,NaN,Yes,Yes,Regras Locais (Peptídeo),451.211041295324,NaN,NaN,NaN
CSID16573436,phe-arg-met,Metabólito Endógeno (HMDB),Yes,C20H32N6O4S,NaN,NaN,33.6,0,73.9149107455817,162,Fragmento de peptídeo identificado por sequenciamento.,NaN,Oligopeptide,NaN,Yes,Yes,Regras Locais (Peptídeo),451.211041295324,NaN,NaN,NaN
CSID16573636,phe-met-arg,Metabólito Endógeno (HMDB),Yes,C20H32N6O4S,NaN,NaN,33.6,0,73.9149107455817,162,Fragmento de peptídeo identificado por sequenciamento.,NaN,Oligopeptide,NaN,Yes,Yes,Regras Locais (Peptídeo),451.211041295324,NaN,NaN,NaN
CSID16579478,ala-his-ile-met,Metabólito Endógeno (HMDB),Yes,C20H34N6O5S,NaN,NaN,33.6,0,73.7203921543293,162,Fragmento de peptídeo identificado por sequenciamento.,NaN,Oligopeptide,NaN,Yes,Yes,Regras Locais (Peptídeo),451.211041295324,NaN,NaN,NaN
CSID16579497,ala-his-leu-met,Metabólito Endógeno (HMDB),Yes,C20H34N6O5S,NaN,NaN,33.6,0,73.7203921543293,162,Fragmento de peptídeo identificado por sequenciamento.,NaN,Oligopeptide,NaN,Yes,Yes,Regras Locais (Peptídeo),451.211041295324,NaN,NaN,NaN
CSID16579534,ala-his-met-ile,Metabólito Endógeno (HMDB),Yes,C20H34N6O5S,NaN,NaN,33.6,0,73.7203921543293,162,Fragmento de peptídeo identificado por sequenciamento.,NaN,Oligopeptide,NaN,Yes,Yes,Regras Locais (Peptídeo),451.211041295324,NaN,NaN,NaN
CSID16579535,ala-his-met-leu,Metabólito Endógeno (HMDB),Yes,C20H34N6O5S,NaN,NaN,33.6,0,73.7203921543293,162,Fragmento de peptídeo identificado por sequenciamento.,NaN,Oligopeptide,NaN,Yes,Yes,Regras Locais (Peptídeo),451.211041295324,NaN,NaN,NaN
CSID16579559,ala-his-phe-pro,Metabólito Endógeno (HMDB),Yes,C23H30N6O5,NaN,NaN,34.5,0,75.2451765137187,162,Fragmento de peptídeo identificado por sequenciamento.,NaN,Oligopeptide,NaN,Yes,Yes,Regras Locais (Peptídeo),451.211041295324,NaN,NaN,NaN
CSID16579578,ala-his-pro-phe,Metabólito Endógeno (HMDB),Yes,C23H30N6O5,NaN,NaN,34.5,0,75.2451765137187,162,Fragmento de peptídeo identificado por sequenciamento.,NaN,Oligopeptide,NaN,Yes,Yes,Regras Locais (Peptídeo),451.211041295324,NaN,NaN,NaN
CSID16579857,ala-ile-his-met,Metabólito Endógeno (HMDB),Yes,C20H34N6O5S,NaN,NaN,33.6,0,73.7203921543293,162,Fragmento de peptídeo identificado por sequenciamento.,NaN,Oligopeptide,NaN,Yes,Yes,Regras Locais (Peptídeo),451.211041295324,NaN,NaN,NaN
CSID16579933,ala-ile-met-his,Metabólito Endógeno (HMDB),Yes,C20H34N6O5S,NaN,NaN,33.6,0,73.7203921543293,162,Fragmento de peptídeo identificado por sequenciamento.,NaN,Oligopeptide,NaN,Yes,Yes,Regras Locais (Peptídeo),451.211041295324,NaN,NaN,NaN
CSID16580253,ala-leu-his-met,Metabólito Endógeno (HMDB),Yes,C20H34N6O5S,NaN,NaN,33.6,0,73.7203921543293,162,Fragmento de peptídeo identificado por sequenciamento.,NaN,Oligopeptide,NaN,Yes,Yes,Regras Locais (Peptídeo),451.211041295324,NaN,NaN,NaN
CSID16580328,ala-leu-met-his,Metabólito Endógeno (HMDB),Yes,C20H34N6O5S,NaN,NaN,33.6,0,73.7203921543293,162,Fragmento de peptídeo identificado por sequenciamento.,NaN,Oligopeptide,NaN,Yes,Yes,Regras Locais (Peptídeo),451.211041295324,NaN,NaN,NaN
CSID16581048,ala-met-his-ile,Metabólito Endógeno (HMDB),Yes,C20H34N6O5S,NaN,NaN,33.6,0,73.7203921543293,162,Fragmento de peptídeo identificado por sequenciamento.,NaN,Oligopeptide,NaN,Yes,Yes,Regras Locais (Peptídeo),451.211041295324,NaN,NaN,NaN
CSID16581049,ala-met-his-leu,Metabólito Endógeno (HMDB),Yes,C20H34N6O5S,NaN,NaN,33.6,0,73.7203921543293,162,Fragmento de peptídeo identificado por sequenciamento.,NaN,Oligopeptide,NaN,Yes,Yes,Regras Locais (Peptídeo),451.211041295324,NaN,NaN,NaN
CSID16581067,ala-met-ile-his,Metabólito Endógeno (HMDB),Yes,C20H34N6O5S,NaN,NaN,33.6,0,73.7203921543293,162,Fragmento de peptídeo identificado por sequenciamento.,NaN,Oligopeptide,NaN,Yes,Yes,Regras Locais (Peptídeo),451.211041295324,NaN,NaN,NaN
CSID16581087,ala-met-leu-his,Metabólito Endógeno (HMDB),Yes,C20H34N6O5S,NaN,NaN,33.6,0,73.7203921543293,162,Fragmento de peptídeo identificado por sequenciamento.,NaN,Oligopeptide,NaN,Yes,Yes,Regras Locais (Peptídeo),451.211041295324,NaN,NaN,NaN
CSID16581452,ala-phe-his-pro,Metabólito Endógeno (HMDB),Yes,C23H30N6O5,NaN,NaN,34.5,0,75.2451765137187,162,Fragmento de peptídeo identificado por sequenciamento.,NaN,Oligopeptide,NaN,Yes,Yes,Regras Locais (Peptídeo),451.211041295324,NaN,NaN,NaN
CSID16581564,ala-phe-pro-his,Metabólito Endógeno (HMDB),Yes,C23H30N6O5,NaN,NaN,34.5,0,75.2451765137187,162,Fragmento de peptídeo identificado por sequenciamento.,NaN,Oligopeptide,NaN,Yes,Yes,Regras Locais (Peptídeo),451.211041295324,NaN,NaN,NaN
CSID16581848,ala-pro-his-phe,Metabólito Endógeno (HMDB),Yes,C23H30N6O5,NaN,NaN,34.5,0,75.2451765137187,162,Fragmento de peptídeo identificado por sequenciamento.,NaN,Oligopeptide,NaN,Yes,Yes,Regras Locais (Peptídeo),451.211041295324,NaN,NaN,NaN
CSID16581943,ala-pro-phe-his,Metabólito Endógeno (HMDB),Yes,C23H30N6O5,NaN,NaN,34.5,0,75.2451765137187,162,Fragmento de peptídeo identificado por sequenciamento.,NaN,Oligopeptide,NaN,Yes,Yes,Regras Locais (Peptídeo),451.211041295324,NaN,NaN,NaN
CSID16611410,cys-his-ile-val,Metabólito Endógeno (HMDB),Yes,C20H34N6O5S,NaN,NaN,33.6,0,73.7203921543293,162,Fragmento de peptídeo identificado por sequenciamento.,NaN,Oligopeptide,NaN,Yes,Yes,Regras Locais (Peptídeo),451.211041295324,NaN,NaN,NaN
CSID16611430,cys-his-leu-val,Metabólito Endógeno (HMDB),Yes,C20H34N6O5S,NaN,NaN,33.6,0,73.7203921543293,162,Fragmento de peptídeo identificado por sequenciamento.,NaN,Oligopeptide,NaN,Yes,Yes,Regras Locais (Peptídeo),451.211041295324,NaN,NaN,NaN
CSID16611600,cys-his-val-ile,Metabólito Endógeno (HMDB),Yes,C20H34N6O5S,NaN,NaN,33.6,0,73.7203921543293,162,Fragmento de peptídeo identificado por sequenciamento.,NaN,Oligopeptide,NaN,Yes,Yes,Regras Locais (Peptídeo),451.211041295324,NaN,NaN,NaN
CSID16611601,cys-his-val-leu,Metabólito Endógeno (HMDB),Yes,C20H34N6O5S,NaN,NaN,33.6,0,73.7203921543293,162,Fragmento de peptídeo identificado por sequenciamento.,NaN,Oligopeptide,NaN,Yes,Yes,Regras Locais (Peptídeo),451.211041295324,NaN,NaN,NaN
CSID16611790,cys-ile-his-val,Metabólito Endógeno (HMDB),Yes,C20H34N6O5S,NaN,NaN,33.6,0,73.7203921543293,162,Fragmento de peptídeo identificado por sequenciamento.,NaN,Oligopeptide,NaN,Yes,Yes,Regras Locais (Peptídeo),451.211041295324,NaN,NaN,NaN
CSID16611998,cys-ile-val-his,Metabólito Endógeno (HMDB),Yes,C20H34N6O5S,NaN,NaN,33.6,0,73.7203921543293,162,Fragmento de peptídeo identificado por sequenciamento.,NaN,Oligopeptide,NaN,Yes,Yes,Regras Locais (Peptídeo),451.211041295324,NaN,NaN,NaN
CSID16612189,cys-leu-his-val,Metabólito Endógeno (HMDB),Yes,C20H34N6O5S,NaN,NaN,33.6,0,73.7203921543293,162,Fragmento de peptídeo identificado por sequenciamento.,NaN,Oligopeptide,NaN,Yes,Yes,Regras Locais (Peptídeo),451.211041295324,NaN,NaN,NaN
CSID16612398,cys-leu-val-his,Metabólito Endógeno (HMDB),Yes,C20H34N6O5S,NaN,NaN,33.6,0,73.7203921543293,162,Fragmento de peptídeo identificado por sequenciamento.,NaN,Oligopeptide,NaN,Yes,Yes,Regras Locais (Peptídeo),451.211041295324,NaN,NaN,NaN
CSID16615773,cys-val-his-ile,Metabólito Endógeno (HMDB),Yes,C20H34N6O5S,NaN,NaN,33.6,0,73.7203921543293,162,Fragmento de peptídeo identificado por sequenciamento.,NaN,Oligopeptide,NaN,Yes,Yes,Regras Locais (Peptídeo),451.211041295324,NaN,NaN,NaN
CSID16615774,cys-val-his-leu,Metabólito Endógeno (HMDB),Yes,C20H34N6O5S,NaN,NaN,33.6,0,73.7203921543293,162,Fragmento de peptídeo identificado por sequenciamento.,NaN,Oligopeptide,NaN,Yes,Yes,Regras Locais (Peptídeo),451.211041295324,NaN,NaN,NaN
CSID16615792,cys-val-ile-his,Metabólito Endógeno (HMDB),Yes,C20H34N6O5S,NaN,NaN,33.6,0,73.7203921543293,162,Fragmento de peptídeo identificado por sequenciamento.,NaN,Oligopeptide,NaN,Yes,Yes,Regras Locais (Peptídeo),451.211041295324,NaN,NaN,NaN
CSID16615812,cys-val-leu-his,Metabólito Endógeno (HMDB),Yes,C20H34N6O5S,NaN,NaN,33.6,0,73.7203921543293,162,Fragmento de peptídeo identificado por sequenciamento.,NaN,Oligopeptide,NaN,Yes,Yes,Regras Locais (Peptídeo),451.211041295324,NaN,NaN,NaN
CSID16640077,his-ala-ile-met,Metabólito Endógeno (HMDB),Yes,C20H34N6O5S,NaN,NaN,33.6,0,73.7203921543293,162,Fragmento de peptídeo identificado por sequenciamento.,NaN,Oligopeptide,NaN,Yes,Yes,Regras Locais (Peptídeo),451.211041295324,NaN,NaN,NaN
CSID16640097,his-ala-leu-met,Metabólito Endógeno (HMDB),Yes,C20H34N6O5S,NaN,NaN,33.6,0,73.7203921543293,162,Fragmento de peptídeo identificado por sequenciamento.,NaN,Oligopeptide,NaN,Yes,Yes,Regras Locais (Peptídeo),451.211041295324,NaN,NaN,NaN
CSID16640134,his-ala-met-ile,Metabólito Endógeno (HMDB),Yes,C20H34N6O5S,NaN,NaN,33.6,0,73.7203921543293,162,Fragmento de peptídeo identificado por sequenciamento.,NaN,Oligopeptide,NaN,Yes,Yes,Regras Locais (Peptídeo),451.211041295324,NaN,NaN,NaN
CSID16640135,his-ala-met-leu,Metabólito Endógeno (HMDB),Yes,C20H34N6O5S,NaN,NaN,33.6,0,73.7203921543293,162,Fragmento de peptídeo identificado por sequenciamento.,NaN,Oligopeptide,NaN,Yes,Yes,Regras Locais (Peptídeo),451.211041295324,NaN,NaN,NaN
CSID16640159,his-ala-phe-pro,Metabólito Endógeno (HMDB),Yes,C23H30N6O5,NaN,NaN,34.5,0,75.2451765137187,162,Fragmento de peptídeo identificado por sequenciamento.,NaN,Oligopeptide,NaN,Yes,Yes,Regras Locais (Peptídeo),451.211041295324,NaN,NaN,NaN
CSID16640178,his-ala-pro-phe,Metabólito Endógeno (HMDB),Yes,C23H30N6O5,NaN,NaN,34.5,0,75.2451765137187,162,Fragmento de peptídeo identificado por sequenciamento.,NaN,Oligopeptide,NaN,Yes,Yes,Regras Locais (Peptídeo),451.211041295324,NaN,NaN,NaN
CSID16641683,his-cys-ile-val,Metabólito Endógeno (HMDB),Yes,C20H34N6O5S,NaN,NaN,33.6,0,73.7203921543293,162,Fragmento de peptídeo identificado por sequenciamento.,NaN,Oligopeptide,NaN,Yes,Yes,Regras Locais (Peptídeo),451.211041295324,NaN,NaN,NaN
CSID16641703,his-cys-leu-val,Metabólito Endógeno (HMDB),Yes,C20H34N6O5S,NaN,NaN,33.6,0,73.7203921543293,162,Fragmento de peptídeo identificado por sequenciamento.,NaN,Oligopeptide,NaN,Yes,Yes,Regras Locais (Peptídeo),451.211041295324,NaN,NaN,NaN
CSID16641872,his-cys-val-ile,Metabólito Endógeno (HMDB),Yes,C20H34N6O5S,NaN,NaN,33.6,0,73.7203921543293,162,Fragmento de peptídeo identificado por sequenciamento.,NaN,Oligopeptide,NaN,Yes,Yes,Regras Locais (Peptídeo),451.211041295324,NaN,NaN,NaN
CSID16641873,his-cys-val-leu,Metabólito Endógeno (HMDB),Yes,C20H34N6O5S,NaN,NaN,33.6,0,73.7203921543293,162,Fragmento de peptídeo identificado por sequenciamento.,NaN,Oligopeptide,NaN,Yes,Yes,Regras Locais (Peptídeo),451.211041295324,NaN,NaN,NaN
CSID16643493,his-ile-ala-met,Metabólito Endógeno (HMDB),Yes,C20H34N6O5S,NaN,NaN,33.6,0,73.7203921543293,162,Fragmento de peptídeo identificado por sequenciamento.,NaN,Oligopeptide,NaN,Yes,Yes,Regras Locais (Peptídeo),451.211041295324,NaN,NaN,NaN
CSID16643580,his-ile-cys-val,Metabólito Endógeno (HMDB),Yes,C20H34N6O5S,NaN,NaN,33.6,0,73.7203921543293,162,Fragmento de peptídeo identificado por sequenciamento.,NaN,Oligopeptide,NaN,Yes,Yes,Regras Locais (Peptídeo),451.211041295324,NaN,NaN,NaN
CSID16643721,his-ile-met-ala,Metabólito Endógeno (HMDB),Yes,C20H34N6O5S,NaN,NaN,33.6,0,73.7203921543293,162,Fragmento de peptídeo identificado por sequenciamento.,NaN,Oligopeptide,NaN,Yes,Yes,Regras Locais (Peptídeo),451.211041295324,NaN,NaN,NaN
CSID16643865,his-ile-val-cys,Metabólito Endógeno (HMDB),Yes,C20H34N6O5S,NaN,NaN,33.6,0,73.7203921543293,162,Fragmento de peptídeo identificado por sequenciamento.,NaN,Oligopeptide,NaN,Yes,Yes,Regras Locais (Peptídeo),451.211041295324,NaN,NaN,NaN
CSID16643893,his-leu-ala-met,Metabólito Endógeno (HMDB),Yes,C20H34N6O5S,NaN,NaN,33.6,0,73.7203921543293,162,Fragmento de peptídeo identificado por sequenciamento.,NaN,Oligopeptide,NaN,Yes,Yes,Regras Locais (Peptídeo),451.211041295324,NaN,NaN,NaN
CSID16643980,his-leu-cys-val,Metabólito Endógeno (HMDB),Yes,C20H34N6O5S,NaN,NaN,33.6,0,73.7203921543293,162,Fragmento de peptídeo identificado por sequenciamento.,NaN,Oligopeptide,NaN,Yes,Yes,Regras Locais (Peptídeo),451.211041295324,NaN,NaN,NaN
CSID16644120,his-leu-met-ala,Metabólito Endógeno (HMDB),Yes,C20H34N6O5S,NaN,NaN,33.6,0,73.7203921543293,162,Fragmento de peptídeo identificado por sequenciamento.,NaN,Oligopeptide,NaN,Yes,Yes,Regras Locais (Peptídeo),451.211041295324,NaN,NaN,NaN
CSID16644264,his-leu-val-cys,Metabólito Endógeno (HMDB),Yes,C20H34N6O5S,NaN,NaN,33.6,0,73.7203921543293,162,Fragmento de peptídeo identificado por sequenciamento.,NaN,Oligopeptide,NaN,Yes,Yes,Regras Locais (Peptídeo),451.211041295324,NaN,NaN,NaN
CSID16644687,his-met-ala-ile,Metabólito Endógeno (HMDB),Yes,C20H34N6O5S,NaN,NaN,33.6,0,73.7203921543293,162,Fragmento de peptídeo identificado por sequenciamento.,NaN,Oligopeptide,NaN,Yes,Yes,Regras Locais (Peptídeo),451.211041295324,NaN,NaN,NaN
CSID16644688,his-met-ala-leu,Metabólito Endógeno (HMDB),Yes,C20H34N6O5S,NaN,NaN,33.6,0,73.7203921543293,162,Fragmento de peptídeo identificado por sequenciamento.,NaN,Oligopeptide,NaN,Yes,Yes,Regras Locais (Peptídeo),451.211041295324,NaN,NaN,NaN
CSID16644858,his-met-ile-ala,Metabólito Endógeno (HMDB),Yes,C20H34N6O5S,NaN,NaN,33.6,0,73.7203921543293,162,Fragmento de peptídeo identificado por sequenciamento.,NaN,Oligopeptide,NaN,Yes,Yes,Regras Locais (Peptídeo),451.211041295324,NaN,NaN,NaN
CSID16644878,his-met-leu-ala,Metabólito Endógeno (HMDB),Yes,C20H34N6O5S,NaN,NaN,33.6,0,73.7203921543293,162,Fragmento de peptídeo identificado por sequenciamento.,NaN,Oligopeptide,NaN,Yes,Yes,Regras Locais (Peptídeo),451.211041295324,NaN,NaN,NaN
CSID16645092,his-phe-ala-pro,Metabólito Endógeno (HMDB),Yes,C23H30N6O5,NaN,NaN,34.5,0,75.2451765137187,162,Fragmento de peptídeo identificado por sequenciamento.,NaN,Oligopeptide,NaN,Yes,Yes,Regras Locais (Peptídeo),451.211041295324,NaN,NaN,NaN
CSID16645356,his-phe-pro-ala,Metabólito Endógeno (HMDB),Yes,C23H30N6O5,NaN,NaN,34.5,0,75.2451765137187,162,Fragmento de peptídeo identificado por sequenciamento.,NaN,Oligopeptide,NaN,Yes,Yes,Regras Locais (Peptídeo),451.211041295324,NaN,NaN,NaN
CSID16647557,his-val-cys-ile,Metabólito Endógeno (HMDB),Yes,C20H34N6O5S,NaN,NaN,33.6,0,73.7203921543293,162,Fragmento de peptídeo identificado por sequenciamento.,NaN,Oligopeptide,NaN,Yes,Yes,Regras Locais (Peptídeo),451.211041295324,NaN,NaN,NaN
CSID16647558,his-val-cys-leu,Metabólito Endógeno (HMDB),Yes,C20H34N6O5S,NaN,NaN,33.6,0,73.7203921543293,162,Fragmento de peptídeo identificado por sequenciamento.,NaN,Oligopeptide,NaN,Yes,Yes,Regras Locais (Peptídeo),451.211041295324,NaN,NaN,NaN
CSID16647652,his-val-ile-cys,Metabólito Endógeno (HMDB),Yes,C20H34N6O5S,NaN,NaN,33.6,0,73.7203921543293,162,Fragmento de peptídeo identificado por sequenciamento.,NaN,Oligopeptide,NaN,Yes,Yes,Regras Locais (Peptídeo),451.211041295324,NaN,NaN,NaN
CSID16647672,his-val-leu-cys,Metabólito Endógeno (HMDB),Yes,C20H34N6O5S,NaN,NaN,33.6,0,73.7203921543293,162,Fragmento de peptídeo identificado por sequenciamento.,NaN,Oligopeptide,NaN,Yes,Yes,Regras Locais (Peptídeo),451.211041295324,NaN,NaN,NaN
CSID16648039,ile-ala-his-met,Metabólito Endógeno (HMDB),Yes,C20H34N6O5S,NaN,NaN,33.6,0,73.7203921543293,162,Fragmento de peptídeo identificado por sequenciamento.,NaN,Oligopeptide,NaN,Yes,Yes,Regras Locais (Peptídeo),451.211041295324,NaN,NaN,NaN
CSID16648115,ile-ala-met-his,Metabólito Endógeno (HMDB),Yes,C20H34N6O5S,NaN,NaN,33.6,0,73.7203921543293,162,Fragmento de peptídeo identificado por sequenciamento.,NaN,Oligopeptide,NaN,Yes,Yes,Regras Locais (Peptídeo),451.211041295324,NaN,NaN,NaN
CSID16649646,ile-cys-his-val,Metabólito Endógeno (HMDB),Yes,C20H34N6O5S,NaN,NaN,33.6,0,73.7203921543293,162,Fragmento de peptídeo identificado por sequenciamento.,NaN,Oligopeptide,NaN,Yes,Yes,Regras Locais (Peptídeo),451.211041295324,NaN,NaN,NaN
CSID16649855,ile-cys-val-his,Metabólito Endógeno (HMDB),Yes,C20H34N6O5S,NaN,NaN,33.6,0,73.7203921543293,162,Fragmento de peptídeo identificado por sequenciamento.,NaN,Oligopeptide,NaN,Yes,Yes,Regras Locais (Peptídeo),451.211041295324,NaN,NaN,NaN
CSID16651074,ile-his-ala-met,Metabólito Endógeno (HMDB),Yes,C20H34N6O5S,NaN,NaN,33.6,0,73.7203921543293,162,Fragmento de peptídeo identificado por sequenciamento.,NaN,Oligopeptide,NaN,Yes,Yes,Regras Locais (Peptídeo),451.211041295324,NaN,NaN,NaN
CSID16651161,ile-his-cys-val,Metabólito Endógeno (HMDB),Yes,C20H34N6O5S,NaN,NaN,33.6,0,73.7203921543293,162,Fragmento de peptídeo identificado por sequenciamento.,NaN,Oligopeptide,NaN,Yes,Yes,Regras Locais (Peptídeo),451.211041295324,NaN,NaN,NaN
CSID16651302,ile-his-met-ala,Metabólito Endógeno (HMDB),Yes,C20H34N6O5S,NaN,NaN,33.6,0,73.7203921543293,162,Fragmento de peptídeo identificado por sequenciamento.,NaN,Oligopeptide,NaN,Yes,Yes,Regras Locais (Peptídeo),451.211041295324,NaN,NaN,NaN
CSID16651446,ile-his-val-cys,Metabólito Endógeno (HMDB),Yes,C20H34N6O5S,NaN,NaN,33.6,0,73.7203921543293,162,Fragmento de peptídeo identificado por sequenciamento.,NaN,Oligopeptide,NaN,Yes,Yes,Regras Locais (Peptídeo),451.211041295324,NaN,NaN,NaN
CSID16652670,ile-met-ala-his,Metabólito Endógeno (HMDB),Yes,C20H34N6O5S,NaN,NaN,33.6,0,73.7203921543293,162,Fragmento de peptídeo identificado por sequenciamento.,NaN,Oligopeptide,NaN,Yes,Yes,Regras Locais (Peptídeo),451.211041295324,NaN,NaN,NaN
CSID16652822,ile-met-his-ala,Metabólito Endógeno (HMDB),Yes,C20H34N6O5S,NaN,NaN,33.6,0,73.7203921543293,162,Fragmento de peptídeo identificado por sequenciamento.,NaN,Oligopeptide,NaN,Yes,Yes,Regras Locais (Peptídeo),451.211041295324,NaN,NaN,NaN
CSID16655550,ile-val-cys-his,Metabólito Endógeno (HMDB),Yes,C20H34N6O5S,NaN,NaN,33.6,0,73.7203921543293,162,Fragmento de peptídeo identificado por sequenciamento.,NaN,Oligopeptide,NaN,Yes,Yes,Regras Locais (Peptídeo),451.211041295324,NaN,NaN,NaN
CSID16655625,ile-val-his-cys,Metabólito Endógeno (HMDB),Yes,C20H34N6O5S,NaN,NaN,33.6,0,73.7203921543293,162,Fragmento de peptídeo identificado por sequenciamento.,NaN,Oligopeptide,NaN,Yes,Yes,Regras Locais (Peptídeo),451.211041295324,NaN,NaN,NaN
CSID16656029,leu-ala-his-met,Metabólito Endógeno (HMDB),Yes,C20H34N6O5S,NaN,NaN,33.6,0,73.7203921543293,162,Fragmento de peptídeo identificado por sequenciamento.,NaN,Oligopeptide,NaN,Yes,Yes,Regras Locais (Peptídeo),451.211041295324,NaN,NaN,NaN
CSID16656104,leu-ala-met-his,Metabólito Endógeno (HMDB),Yes,C20H34N6O5S,NaN,NaN,33.6,0,73.7203921543293,162,Fragmento de peptídeo identificado por sequenciamento.,NaN,Oligopeptide,NaN,Yes,Yes,Regras Locais (Peptídeo),451.211041295324,NaN,NaN,NaN
CSID16657632,leu-cys-his-val,Metabólito Endógeno (HMDB),Yes,C20H34N6O5S,NaN,NaN,33.6,0,73.7203921543293,162,Fragmento de peptídeo identificado por sequenciamento.,NaN,Oligopeptide,NaN,Yes,Yes,Regras Locais (Peptídeo),451.211041295324,NaN,NaN,NaN
CSID16657841,leu-cys-val-his,Metabólito Endógeno (HMDB),Yes,C20H34N6O5S,NaN,NaN,33.6,0,73.7203921543293,162,Fragmento de peptídeo identificado por sequenciamento.,NaN,Oligopeptide,NaN,Yes,Yes,Regras Locais (Peptídeo),451.211041295324,NaN,NaN,NaN
CSID16659058,leu-his-ala-met,Metabólito Endógeno (HMDB),Yes,C20H34N6O5S,NaN,NaN,33.6,0,73.7203921543293,162,Fragmento de peptídeo identificado por sequenciamento.,NaN,Oligopeptide,NaN,Yes,Yes,Regras Locais (Peptídeo),451.211041295324,NaN,NaN,NaN
CSID16659145,leu-his-cys-val,Metabólito Endógeno (HMDB),Yes,C20H34N6O5S,NaN,NaN,33.6,0,73.7203921543293,162,Fragmento de peptídeo identificado por sequenciamento.,NaN,Oligopeptide,NaN,Yes,Yes,Regras Locais (Peptídeo),451.211041295324,NaN,NaN,NaN
CSID16659286,leu-his-met-ala,Metabólito Endógeno (HMDB),Yes,C20H34N6O5S,NaN,NaN,33.6,0,73.7203921543293,162,Fragmento de peptídeo identificado por sequenciamento.,NaN,Oligopeptide,NaN,Yes,Yes,Regras Locais (Peptídeo),451.211041295324,NaN,NaN,NaN
CSID16659430,leu-his-val-cys,Metabólito Endógeno (HMDB),Yes,C20H34N6O5S,NaN,NaN,33.6,0,73.7203921543293,162,Fragmento de peptídeo identificado por sequenciamento.,NaN,Oligopeptide,NaN,Yes,Yes,Regras Locais (Peptídeo),451.211041295324,NaN,NaN,NaN
CSID16660646,leu-met-ala-his,Metabólito Endógeno (HMDB),Yes,C20H34N6O5S,NaN,NaN,33.6,0,73.7203921543293,162,Fragmento de peptídeo identificado por sequenciamento.,NaN,Oligopeptide,NaN,Yes,Yes,Regras Locais (Peptídeo),451.211041295324,NaN,NaN,NaN
CSID16660796,leu-met-his-ala,Metabólito Endógeno (HMDB),Yes,C20H34N6O5S,NaN,NaN,33.6,0,73.7203921543293,162,Fragmento de peptídeo identificado por sequenciamento.,NaN,Oligopeptide,NaN,Yes,Yes,Regras Locais (Peptídeo),451.211041295324,NaN,NaN,NaN
CSID16663521,leu-val-cys-his,Metabólito Endógeno (HMDB),Yes,C20H34N6O5S,NaN,NaN,33.6,0,73.7203921543293,162,Fragmento de peptídeo identificado por sequenciamento.,NaN,Oligopeptide,NaN,Yes,Yes,Regras Locais (Peptídeo),451.211041295324,NaN,NaN,NaN
CSID16663597,leu-val-his-cys,Metabólito Endógeno (HMDB),Yes,C20H34N6O5S,NaN,NaN,33.6,0,73.7203921543293,162,Fragmento de peptídeo identificado por sequenciamento.,NaN,Oligopeptide,NaN,Yes,Yes,Regras Locais (Peptídeo),451.211041295324,NaN,NaN,NaN
CSID16671945,met-ala-his-ile,Metabólito Endógeno (HMDB),Yes,C20H34N6O5S,NaN,NaN,33.6,0,73.7203921543293,162,Fragmento de peptídeo identificado por sequenciamento.,NaN,Oligopeptide,NaN,Yes,Yes,Regras Locais (Peptídeo),451.211041295324,NaN,NaN,NaN
CSID16671946,met-ala-his-leu,Metabólito Endógeno (HMDB),Yes,C20H34N6O5S,NaN,NaN,33.6,0,73.7203921543293,162,Fragmento de peptídeo identificado por sequenciamento.,NaN,Oligopeptide,NaN,Yes,Yes,Regras Locais (Peptídeo),451.211041295324,NaN,NaN,NaN
CSID16671964,met-ala-ile-his,Metabólito Endógeno (HMDB),Yes,C20H34N6O5S,NaN,NaN,33.6,0,73.7203921543293,162,Fragmento de peptídeo identificado por sequenciamento.,NaN,Oligopeptide,NaN,Yes,Yes,Regras Locais (Peptídeo),451.211041295324,NaN,NaN,NaN
CSID16671984,met-ala-leu-his,Metabólito Endógeno (HMDB),Yes,C20H34N6O5S,NaN,NaN,33.6,0,73.7203921543293,162,Fragmento de peptídeo identificado por sequenciamento.,NaN,Oligopeptide,NaN,Yes,Yes,Regras Locais (Peptídeo),451.211041295324,NaN,NaN,NaN
CSID16674984,met-his-ala-ile,Metabólito Endógeno (HMDB),Yes,C20H34N6O5S,NaN,NaN,33.6,0,73.7203921543293,162,Fragmento de peptídeo identificado por sequenciamento.,NaN,Oligopeptide,NaN,Yes,Yes,Regras Locais (Peptídeo),451.211041295324,NaN,NaN,NaN
CSID16674985,met-his-ala-leu,Metabólito Endógeno (HMDB),Yes,C20H34N6O5S,NaN,NaN,33.6,0,73.7203921543293,162,Fragmento de peptídeo identificado por sequenciamento.,NaN,Oligopeptide,NaN,Yes,Yes,Regras Locais (Peptídeo),451.211041295324,NaN,NaN,NaN
CSID16675155,met-his-ile-ala,Metabólito Endógeno (HMDB),Yes,C20H34N6O5S,NaN,NaN,33.6,0,73.7203921543293,162,Fragmento de peptídeo identificado por sequenciamento.,NaN,Oligopeptide,NaN,Yes,Yes,Regras Locais (Peptídeo),451.211041295324,NaN,NaN,NaN
CSID16675175,met-his-leu-ala,Metabólito Endógeno (HMDB),Yes,C20H34N6O5S,NaN,NaN,33.6,0,73.7203921543293,162,Fragmento de peptídeo identificado por sequenciamento.,NaN,Oligopeptide,NaN,Yes,Yes,Regras Locais (Peptídeo),451.211041295324,NaN,NaN,NaN
CSID16675383,met-ile-ala-his,Metabólito Endógeno (HMDB),Yes,C20H34N6O5S,NaN,NaN,33.6,0,73.7203921543293,162,Fragmento de peptídeo identificado por sequenciamento.,NaN,Oligopeptide,NaN,Yes,Yes,Regras Locais (Peptídeo),451.211041295324,NaN,NaN,NaN
CSID16675535,met-ile-his-ala,Metabólito Endógeno (HMDB),Yes,C20H34N6O5S,NaN,NaN,33.6,0,73.7203921543293,162,Fragmento de peptídeo identificado por sequenciamento.,NaN,Oligopeptide,NaN,Yes,Yes,Regras Locais (Peptídeo),451.211041295324,NaN,NaN,NaN
CSID16675783,met-leu-ala-his,Metabólito Endógeno (HMDB),Yes,C20H34N6O5S,NaN,NaN,33.6,0,73.7203921543293,162,Fragmento de peptídeo identificado por sequenciamento.,NaN,Oligopeptide,NaN,Yes,Yes,Regras Locais (Peptídeo),451.211041295324,NaN,NaN,NaN
CSID16675935,met-leu-his-ala,Metabólito Endógeno (HMDB),Yes,C20H34N6O5S,NaN,NaN,33.6,0,73.7203921543293,162,Fragmento de peptídeo identificado por sequenciamento.,NaN,Oligopeptide,NaN,Yes,Yes,Regras Locais (Peptídeo),451.211041295324,NaN,NaN,NaN
CSID16679947,phe-ala-his-pro,Metabólito Endógeno (HMDB),Yes,C23H30N6O5,NaN,NaN,34.5,0,75.2451765137187,162,Fragmento de peptídeo identificado por sequenciamento.,NaN,Oligopeptide,NaN,Yes,Yes,Regras Locais (Peptídeo),451.211041295324,NaN,NaN,NaN
CSID16680060,phe-ala-pro-his,Metabólito Endógeno (HMDB),Yes,C23H30N6O5,NaN,NaN,34.5,0,75.2451765137187,162,Fragmento de peptídeo identificado por sequenciamento.,NaN,Oligopeptide,NaN,Yes,Yes,Regras Locais (Peptídeo),451.211041295324,NaN,NaN,NaN
CSID16682975,phe-his-ala-pro,Metabólito Endógeno (HMDB),Yes,C23H30N6O5,NaN,NaN,34.5,0,75.2451765137187,162,Fragmento de peptídeo identificado por sequenciamento.,NaN,Oligopeptide,NaN,Yes,Yes,Regras Locais (Peptídeo),451.211041295324,NaN,NaN,NaN
CSID16683241,phe-his-pro-ala,Metabólito Endógeno (HMDB),Yes,C23H30N6O5,NaN,NaN,34.5,0,75.2451765137187,162,Fragmento de peptídeo identificado por sequenciamento.,NaN,Oligopeptide,NaN,Yes,Yes,Regras Locais (Peptídeo),451.211041295324,NaN,NaN,NaN
CSID16685352,phe-pro-ala-his,Metabólito Endógeno (HMDB),Yes,C23H30N6O5,NaN,NaN,34.5,0,75.2451765137187,162,Fragmento de peptídeo identificado por sequenciamento.,NaN,Oligopeptide,NaN,Yes,Yes,Regras Locais (Peptídeo),451.211041295324,NaN,NaN,NaN
CSID16685501,phe-pro-his-ala,Metabólito Endógeno (HMDB),Yes,C23H30N6O5,NaN,NaN,34.5,0,75.2451765137187,162,Fragmento de peptídeo identificado por sequenciamento.,NaN,Oligopeptide,NaN,Yes,Yes,Regras Locais (Peptídeo),451.211041295324,NaN,NaN,NaN
CSID16687908,pro-ala-his-phe,Metabólito Endógeno (HMDB),Yes,C23H30N6O5,NaN,NaN,34.5,0,75.2451765137187,162,Fragmento de peptídeo identificado por sequenciamento.,NaN,Oligopeptide,NaN,Yes,Yes,Regras Locais (Peptídeo),451.211041295324,NaN,NaN,NaN
CSID16688003,pro-ala-phe-his,Metabólito Endógeno (HMDB),Yes,C23H30N6O5,NaN,NaN,34.5,0,75.2451765137187,162,Fragmento de peptídeo identificado por sequenciamento.,NaN,Oligopeptide,NaN,Yes,Yes,Regras Locais (Peptídeo),451.211041295324,NaN,NaN,NaN
CSID16690936,pro-his-ala-phe,Metabólito Endógeno (HMDB),Yes,C23H30N6O5,NaN,NaN,34.5,0,75.2451765137187,162,Fragmento de peptídeo identificado por sequenciamento.,NaN,Oligopeptide,NaN,Yes,Yes,Regras Locais (Peptídeo),451.211041295324,NaN,NaN,NaN
CSID16691182,pro-his-phe-ala,Metabólito Endógeno (HMDB),Yes,C23H30N6O5,NaN,NaN,34.5,0,75.2451765137187,162,Fragmento de peptídeo identificado por sequenciamento.,NaN,Oligopeptide,NaN,Yes,Yes,Regras Locais (Peptídeo),451.211041295324,NaN,NaN,NaN
CSID16692926,pro-phe-ala-his,Metabólito Endógeno (HMDB),Yes,C23H30N6O5,NaN,NaN,34.5,0,75.2451765137187,162,Fragmento de peptídeo identificado por sequenciamento.,NaN,Oligopeptide,NaN,Yes,Yes,Regras Locais (Peptídeo),451.211041295324,NaN,NaN,NaN
CSID16693076,pro-phe-his-ala,Metabólito Endógeno (HMDB),Yes,C23H30N6O5,NaN,NaN,34.5,0,75.2451765137187,162,Fragmento de peptídeo identificado por sequenciamento.,NaN,Oligopeptide,NaN,Yes,Yes,Regras Locais (Peptídeo),451.211041295324,NaN,NaN,NaN
CSID16729421,val-cys-his-ile,Metabólito Endógeno (HMDB),Yes,C20H34N6O5S,NaN,NaN,33.6,0,73.7203921543293,162,Fragmento de peptídeo identificado por sequenciamento.,NaN,Oligopeptide,NaN,Yes,Yes,Regras Locais (Peptídeo),451.211041295324,NaN,NaN,NaN
CSID16729422,val-cys-his-leu,Metabólito Endógeno (HMDB),Yes,C20H34N6O5S,NaN,NaN,33.6,0,73.7203921543293,162,Fragmento de peptídeo identificado por sequenciamento.,NaN,Oligopeptide,NaN,Yes,Yes,Regras Locais (Peptídeo),451.211041295324,NaN,NaN,NaN
CSID16729440,val-cys-ile-his,Metabólito Endógeno (HMDB),Yes,C20H34N6O5S,NaN,NaN,33.6,0,73.7203921543293,162,Fragmento de peptídeo identificado por sequenciamento.,NaN,Oligopeptide,NaN,Yes,Yes,Regras Locais (Peptídeo),451.211041295324,NaN,NaN,NaN
CSID16729460,val-cys-leu-his,Metabólito Endógeno (HMDB),Yes,C20H34N6O5S,NaN,NaN,33.6,0,73.7203921543293,162,Fragmento de peptídeo identificado por sequenciamento.,NaN,Oligopeptide,NaN,Yes,Yes,Regras Locais (Peptídeo),451.211041295324,NaN,NaN,NaN
CSID16730939,val-his-cys-ile,Metabólito Endógeno (HMDB),Yes,C20H34N6O5S,NaN,NaN,33.6,0,73.7203921543293,162,Fragmento de peptídeo identificado por sequenciamento.,NaN,Oligopeptide,NaN,Yes,Yes,Regras Locais (Peptídeo),451.211041295324,NaN,NaN,NaN
CSID16730940,val-his-cys-leu,Metabólito Endógeno (HMDB),Yes,C20H34N6O5S,NaN,NaN,33.6,0,73.7203921543293,162,Fragmento de peptídeo identificado por sequenciamento.,NaN,Oligopeptide,NaN,Yes,Yes,Regras Locais (Peptídeo),451.211041295324,NaN,NaN,NaN
CSID16731034,val-his-ile-cys,Metabólito Endógeno (HMDB),Yes,C20H34N6O5S,NaN,NaN,33.6,0,73.7203921543293,162,Fragmento de peptídeo identificado por sequenciamento.,NaN,Oligopeptide,NaN,Yes,Yes,Regras Locais (Peptídeo),451.211041295324,NaN,NaN,NaN
CSID16731054,val-his-leu-cys,Metabólito Endógeno (HMDB),Yes,C20H34N6O5S,NaN,NaN,33.6,0,73.7203921543293,162,Fragmento de peptídeo identificado por sequenciamento.,NaN,Oligopeptide,NaN,Yes,Yes,Regras Locais (Peptídeo),451.211041295324,NaN,NaN,NaN
CSID16731338,val-ile-cys-his,Metabólito Endógeno (HMDB),Yes,C20H34N6O5S,NaN,NaN,33.6,0,73.7203921543293,162,Fragmento de peptídeo identificado por sequenciamento.,NaN,Oligopeptide,NaN,Yes,Yes,Regras Locais (Peptídeo),451.211041295324,NaN,NaN,NaN
CSID16731414,val-ile-his-cys,Metabólito Endógeno (HMDB),Yes,C20H34N6O5S,NaN,NaN,33.6,0,73.7203921543293,162,Fragmento de peptídeo identificado por sequenciamento.,NaN,Oligopeptide,NaN,Yes,Yes,Regras Locais (Peptídeo),451.211041295324,NaN,NaN,NaN
CSID16731737,val-leu-cys-his,Metabólito Endógeno (HMDB),Yes,C20H34N6O5S,NaN,NaN,33.6,0,73.7203921543293,162,Fragmento de peptídeo identificado por sequenciamento.,NaN,Oligopeptide,NaN,Yes,Yes,Regras Locais (Peptídeo),451.211041295324,NaN,NaN,NaN
CSID16731812,val-leu-his-cys,Metabólito Endógeno (HMDB),Yes,C20H34N6O5S,NaN,NaN,33.6,0,73.7203921543293,162,Fragmento de peptídeo identificado por sequenciamento.,NaN,Oligopeptide,NaN,Yes,Yes,Regras Locais (Peptídeo),451.211041295324,NaN,NaN,NaN
CSID8530792,N-[(2-Aminoethyl)sulfonyl]-L-histidine,Sintético / Indefinido,C8H14N4O4S,NaN,NaN,36.7,0,85.6172991931179,45,NaN,NaN,No,No,NaN,243.056235309506,NaN,NaN,NaN
CSID67897,Silane CMM3,Sintético / Indefinido,C4H11ClSi,NaN,NaN,33.3,0,67.4128037968951,45,NaN,NaN,No,No,NaN,243.056235309506,NaN,NaN,NaN
CSID67038442,chlorodimethylsulfoxide,Sintético / Indefinido,C2H6ClOS,NaN,NaN,33.9,0,70.2097140301775,1,NaN,NaN,No,No,NaN,112.983273804907,NaN,NaN,NaN
CSID9954986,"5,11-Dihydrodibenzo[b,g][1,5]naphthyridine-6,12-dione",Sintético / Indefinido,C16H10N2O2,NaN,NaN,36.6,0,83.7426733530287,45,NaN,NaN,No,No,NaN,243.056235309506,NaN,NaN,NaN
CSID28636936,"Dibenzo[b,f]oxepine-2,3-dicarbonitrile",Sintético / Indefinido,C16H8N2O,C1=CC=C2C(=C1)C=CC3=CC(=C(C=C3O2)C#N)C#N,"benzo[b][1]benzoxepine-2,3-dicarbonitrile",36.6,0,83.9632199585045,45,NaN,NaN,No,No,NaN,243.056235309506,BHOIJLPCSDPZKS-UHFFFAOYSA-N,NaN,NaN
CSID303171,"1-Phenylchromeno[4,3-c]pyrazol-4(1H)-one",Sintético / Indefinido,No,C16H10N2O2,C1=CC=C(C=C1)N2C3=C(C=N2)C(=O)OC4=CC=CC=C43,"1-phenylchromeno[3,4-d]pyrazol-4-one",36.6,0,83.7426733530287,45,NaN,NaN,Small molecule,NaN,No,No,NaN,243.056235309506,FCEYJZUAYRXKOS-UHFFFAOYSA-N,NaN,NaN
18674,Arg Phe Met,Sintético / Indefinido,C20H32N6O4S,NaN,NaN,33.6,0,73.9149107455817,162,NaN,NaN,No,No,NaN,451.211041295324,NaN,NaN,NaN
CSID4481853,styelsamine C,Sintético / Indefinido,C16H10N2O2,C1=CC=C2C(=C1)C3=C4C(=NC=C3)C(=C/C(=C\O)/C4=N2)O.C(=O)(C(F)(F)F)O,"(10E)-10-(hydroxymethylidene)-8,14-diazatetracyclo[7.7.1.02,7.013,17]heptadeca-1(17),2,4,6,8,11,13,15-octaen-12-ol;2,2,2-trifluoroacetic acid",36.6,0,83.7426733530287,45,NaN,NaN,No,No,NaN,243.056235309506,VULGKBJSUPUFFP-HRNDJLQDSA-N,NaN,NaN
CSID9463468,"Chromeno[4,3-b][1,5]benzodiazepin-7(8H)-one",Sintético / Indefinido,C16H10N2O2,NaN,NaN,36.6,0,83.7426733530287,45,NaN,NaN,No,No,NaN,243.056235309506,NaN,NaN,NaN
CSID452889,Diethylchlorosilane,Sintético / Indefinido,C4H11ClSi,CC[Si](CC)Cl,NaN,33.3,0,67.4128037968951,45,NaN,NaN,No,No,NaN,243.056235309506,SOYVLBDERBHIME-UHFFFAOYSA-N,NaN,NaN
18659,Met Phe Arg,Sintético / Indefinido,C20H32N6O4S,NaN,NaN,33.6,0,73.9149107455817,162,NaN,NaN,No,No,NaN,451.211041295324,NaN,NaN,NaN
1036054,"N,N-diethyl-3-oxo-4-[2-oxo-2-(4-pyrimidin-2-ylpiperazin-1-yl)ethyl]-1,4-benzoxazine-6-carboxamide",Sintético / Indefinido,C23H28N6O4,NaN,NaN,34.5,0,75.4397756084217,162,NaN,NaN,No,No,NaN,451.211041295324,NaN,NaN,NaN
17281,Met Arg Phe,Sintético / Indefinido,C20H32N6O4S,NaN,NaN,33.6,0,73.9149107455817,162,NaN,NaN,No,No,NaN,451.211041295324,NaN,NaN,NaN
CSID4477117,Isoindigotin,Sintético / Indefinido,C16H10N2O2,C1=CC=C2C(=C1)C(=C(N2)O)C3=C4C=CC=CC4=NC3=O,3-(2-hydroxy-1H-indol-3-yl)indol-2-one,36.6,0,83.7426733530287,45,NaN,NaN,No,No,NaN,243.056235309506,VBMISAYWIMDRCV-UHFFFAOYSA-N,NaN,NaN
64694,17-trifluoromethylphenyl trinor PGF2α methyl ester,Sintético / Indefinido,C25H33F3O5,NaN,NaN,34.6,0,75.2464467033808,162,NaN,NaN,No,No,NaN,451.211041295324,NaN,NaN,NaN
CSID10155208,(2S)-2′-methoxykurarinone,Sintético / Indefinido,C27H32O6,NaN,NaN,33.9,0,73.4883320310272,162,NaN,NaN,No,No,NaN,451.211041295324,NaN,NaN,NaN
CSID10229223,Subtrifloralactone C,Sintético / Indefinido,C27H34O7,NaN,NaN,33.9,0,73.3000846191581,162,NaN,NaN,No,No,NaN,451.211041295324,NaN,NaN,NaN
CSID28282196,"(1R,5R,6R,13R,14R,16S)-6-(3-Furyl)-14-hydroxy-16-(2-hydroxy-2-methoxyethyl)-1,5,15,15-tetramethyl-7-oxatetracyclo[11.3.1.0~2,11~.0~5,10~]heptadeca-9,11-diene-8,17-dione",Sintético / Indefinido,C27H34O7,NaN,NaN,33.9,0,73.3000846191581,162,NaN,NaN,No,No,NaN,451.211041295324,NaN,NaN,NaN
CSID24846574,"5-Hydroxy-2-(4-hydroxy-3-methoxyphenyl)-7-methoxy-6,8-bis(3-methyl-2-buten-1-yl)-2,3-dihydro-4H-chromen-4-one",Sintético / Indefinido,C27H32O6,NaN,NaN,33.9,0,73.4883320310272,162,NaN,NaN,No,No,NaN,451.211041295324,NaN,NaN,NaN
CSID28283415,"(2aR,3S,4S,5aS,6bR,10aS,11aR)-2a,5a-Dihydroxy-3,4′,5′,6b-tetramethyl-1,2,2a,5a,6,6a,6b,11a,12,12a,12b,12c-dodecahydro-3H-spiro[cyclopenta[de]oxireno[4,4a]naphtho[2,1-g]chromene-4,2′-pyran]-6′,7(3′H,10",Sintético / Indefinido,C27H34O7,NaN,NaN,33.9,0,73.3000846191581,162,NaN,NaN,No,No,NaN,NaN,NaN,NaN,NaN
CSID24995701,5-[2-(2-Carboxyethyl)-3-{[(5E)-6-(4-methoxyphenyl)-5-hexen-1-yl]oxy}phenoxy]pentanoic acid,Sintético / Indefinido,C27H34O7,NaN,NaN,33.9,0,73.3000846191581,162,NaN,NaN,No,No,NaN,451.211041295324,NaN,NaN,NaN
CSID28285029,"(2S)-2-(3,4-Dimethoxyphenyl)-6-[(2E)-3,7-dimethyl-2,6-octadien-1-yl]-5,7-dihydroxy-2,3-dihydro-4H-chromen-4-one",Sintético / Indefinido,C27H32O6,NaN,NaN,33.9,0,73.4883320310272,162,NaN,NaN,No,No,NaN,451.211041295324,NaN,NaN,NaN
CSID28542177,"(11α,13α,14β,15β,17α)-17-(3-Furyl)-6,11-dihydroxy-1-methoxy-4,4,8-trimethyl-14,15-epoxyandrost-5-ene-3,7-dione",Sintético / Indefinido,C27H34O7,NaN,NaN,33.9,0,73.3000846191581,162,NaN,NaN,No,No,NaN,451.211041295324,NaN,NaN,NaN
CSID32821698,Diisopropyl {2-[(1Z)-3-isopropoxy-3-oxo-1-phenyl-1-propen-2-yl]phenyl}malonate,Sintético / Indefinido,C27H32O6,NaN,NaN,33.9,0,73.4883320310272,162,NaN,NaN,No,No,NaN,451.211041295324,NaN,NaN,NaN
CSID28284557,"(6β,8ξ,9ξ,12α,14ξ,17α,22S,23R)-1,6,12,17-Tetrahydroxy-24-methyl-12,22:23,26-diepoxy-19-norcholesta-1(10),2,4,24-tetraen-26-one",Sintético / Indefinido,C27H34O7,NaN,NaN,33.9,0,73.3000846191581,162,NaN,NaN,No,No,NaN,451.211041295324,NaN,NaN,NaN
CSID32821696,"Triisopropyl (2S,3R)-2-phenyl-1,1,3-indanetricarboxylate",Sintético / Indefinido,C27H32O6,NaN,NaN,33.9,0,73.4883320310272,162,NaN,NaN,No,No,NaN,451.211041295324,NaN,NaN,NaN
CSID32821697,"Triisopropyl (2S,3S)-2-phenyl-1,1,3-indanetricarboxylate",Sintético / Indefinido,C27H32O6,NaN,NaN,33.9,0,73.4883320310272,162,NaN,NaN,No,No,NaN,451.211041295324,NaN,NaN,NaN
CSID58113699,"3,7-Dibutoxy-2-(4-butoxy-3-hydroxyphenyl)-5-hydroxy-4H-chromen-4-one",Sintético / Indefinido,C27H34O7,NaN,NaN,33.9,0,73.3000846191581,162,NaN,NaN,No,No,NaN,451.211041295324,NaN,NaN,NaN
CSID58837613,"(1S,4R,10R,11S,13R,15S,16R,17R,21R)-5,5,10,13,15-Pentamethyl-7,14,18-trioxo-6,19-dioxahexacyclo[13.6.1.0~1,11~.0~4,10~.0~13,21~.0~17,21~]docos-8-en-16-yl acetate",Sintético / Indefinido,C27H34O7,NaN,NaN,33.9,0,73.3000846191581,162,NaN,NaN,No,No,NaN,451.211041295324,NaN,NaN,NaN
CSID58113700,"2-(3,4-Dipropoxyphenyl)-5-hydroxy-3,7-dipropoxy-4H-chromen-4-one",Sintético / Indefinido,C27H34O7,NaN,NaN,33.9,0,73.3000846191581,162,NaN,NaN,No,No,NaN,451.211041295324,NaN,NaN,NaN
CSID4477350,"(2E)-1-[2,4-Dihydroxy-3-(2-isopropenyl-5-methyl-4-hexen-1-yl)-6-methoxyphenyl]-3-(4-hydroxy-2-methoxyphenyl)-2-propen-1-one",Sintético / Indefinido,C27H32O6,NaN,NaN,33.9,0,73.4883320310272,162,NaN,NaN,No,No,NaN,451.211041295324,NaN,NaN,NaN
CSID10195659,Subtrifloralactone L,Sintético / Indefinido,C27H34O7,NaN,NaN,33.9,0,73.3000846191581,162,NaN,NaN,No,No,NaN,451.211041295324,NaN,NaN,NaN
20425,Phe Arg Met,Sintético / Indefinido,C20H32N6O4S,NaN,NaN,33.6,0,73.9149107455817,162,NaN,NaN,No,No,NaN,451.211041295324,NaN,NaN,NaN
CSID65326828,"Triisopropyl 2-phenyl-1,1,3-indanetricarboxylate",Sintético / Indefinido,C27H32O6,NaN,NaN,33.9,0,73.4883320310272,162,NaN,NaN,No,No,NaN,451.211041295324,NaN,NaN,NaN
CSID10235477,anthoptilide A,Sintético / Indefinido,C27H34O7,NaN,NaN,33.9,0,73.3000846191581,162,NaN,NaN,No,No,NaN,451.211041295324,NaN,NaN,NaN
CSID65327252,"(6E)-4,6-Dimethyl-5,7-bis(2,4,5-trimethoxyphenyl)-6-hepten-2-yn-1-ol",Sintético / Indefinido,C27H34O7,NaN,NaN,33.9,0,73.3000846191581,162,NaN,NaN,No,No,NaN,451.211041295324,NaN,NaN,NaN
CSID28286734,"Methyl {(1S,6S)-6-[(1R,6S,8aR)-1-(3-furyl)-8a-methyl-5-methylene-3-oxo-3,5,6,7,8,8a-hexahydro-1H-isochromen-6-yl]-2,2,6-trimethyl-5-oxo-3-cyclohexen-1-yl}acetate",Sintético / Indefinido,C27H32O6,NaN,NaN,33.9,0,73.4883320310272,162,NaN,NaN,No,No,NaN,451.211041295324,NaN,NaN,NaN
CSID67171809,"3-(Imidazo[1,2-a]pyridin-2-yl)-1H-isochromen-1-one",Sintético / Indefinido,C16H10N2O2,C1=CC=C2C(=C1)C=C(OC2=O)C3=CN4C=CC=CC4=N3,"3-imidazo[1,2-a]pyridin-2-ylisochromen-1-one",36.6,0,83.7426733530287,45,NaN,NaN,No,No,NaN,243.056235309506,OEXATHZJTCDATD-UHFFFAOYSA-N,NaN,NaN
CSID67160802,"(1E,6E)-1-{3-[(3-Ethyl-3-pentanyl)oxy]-4-hydroxyphenyl}-7-(4-hydroxy-3-methoxyphenyl)-1,6-heptadiene-3,5-dione",Sintético / Indefinido,C27H32O6,NaN,NaN,33.9,0,73.4883320310272,162,NaN,NaN,No,No,NaN,451.211041295324,NaN,NaN,NaN
CSID71907,Dicyano(phenyl)methyl benzoate,Sintético / Indefinido,C16H10N2O2,C1=CC=C(C=C1)C(=O)OC(C#N)(C#N)C2=CC=CC=C2,[dicyano(phenyl)methyl] benzoate,36.6,0,83.7426733530287,45,NaN,NaN,No,No,NaN,243.056235309506,ZVSMJEBFSMHOPE-UHFFFAOYSA-N,NaN,NaN
CSID67170439,"4,4′-(1,4-Phenylene)bis(3,5-dimethyl-1,4,7,8-tetrahydrodipyrazolo[3,4-b:4′,3′-e]pyridine)",Sintético / Indefinido,C24H24N10,NaN,NaN,34.7,0,74.2896725429054,162,NaN,NaN,No,No,NaN,451.211041295324,NaN,NaN,NaN
CSID28542174,"(11α,13α,14β,15β,17α)-17-(3-Furyl)-11-hydroxy-6-methoxy-4,4,8-trimethyl-14,15-epoxyandrosta-1,5-diene-3,7-dione",Sintético / Indefinido,C27H32O6,NaN,NaN,33.9,0,73.4883320310272,162,NaN,NaN,No,No,NaN,451.211041295324,NaN,NaN,NaN
CSID62848,"1,1,3,3,3-PENTAFLUOROPROPENE",Sintético / Indefinido,C3HF5,NaN,NaN,38.3,0,96.846466182426,3,NaN,NaN,No,No,NaN,112.982616367773,NaN,NaN,NaN
CSID19924771,"1,1′-[(3E,5E)-1,3,5,7-Octatetraene-1,1-diyl]dibenzene",Sintético / Indefinido,C20H18,NaN,NaN,36,0,80.479681181744,22,NaN,NaN,No,No,NaN,257.133443942747,NaN,NaN,NaN
CSID10404652,Proceranolide,Produto Natural,Yes,C27H34O7,C[C@@]12CC[C@H]3C(=C1CC(=O)O[C@H]2C4=COC=C4)C[C@H]5[C@H](C([C@@H]([C@@]3(C5=O)C)CC(=O)OC)(C)C)O,"methyl 2-[(1R,2S,5R,6R,13S,14R,16S)-6-(furan-3-yl)-14-hydroxy-1,5,15,15-tetramethyl-8,17-dioxo-7-oxatetracyclo[11.3.1.02,11.05,10]heptadec-10-en-16-yl]acetate",33.9,0,73.3000846191581,162,Proceranolide is a limonoid. It has a role as a metabolite.,NaN,Small molecule,NaN,No,No,ChEBI,451.211041295324,WAIKPAHSFOBDTD-OLJNMEOCSA-N,NaN,NaN
CSID65792009,"2,4-Dimethyl-1,1′:3′,1″-terphenyl",Sintético / Indefinido,C20H18,NaN,NaN,36,0,80.479681181744,22,NaN,NaN,No,No,NaN,257.133443942747,NaN,NaN,NaN
CSID66424190,4′-Benzyl-3-methylbiphenyl,Sintético / Indefinido,C20H18,NaN,NaN,36,0,80.479681181744,22,NaN,NaN,No,No,NaN,257.133443942747,NaN,NaN,NaN
CSID67173328,N-Fluoro-2-(1H-imidazol-4-yl)ethanamine,Sintético / Indefinido,C5H8FN3,NaN,NaN,38.5,0,93.6486204167956,22,NaN,NaN,No,No,NaN,257.133443942747,NaN,NaN,NaN
CSID67024501,L-Leucyl-S-ethyl-L-homocysteine,Sintético / Indefinido,C12H24N2O3S,NaN,NaN,36,0,82.0716607087327,22,NaN,NaN,No,No,NaN,257.133443942747,NaN,NaN,NaN
CSID66424859,(2E)-3-[2-(3-Methyl-2-buten-1-yl)phenyl]-1-phenyl-2-propen-1-one,Sintético / Indefinido,C20H20O,NaN,NaN,35.9,0,80.2689168447232,22,NaN,NaN,No,No,NaN,257.133443942747,NaN,NaN,NaN
CSID67168762,"(2E,3R)-2-(4-Biphenylylmethylene)-3-methylcyclohexanone",Sintético / Indefinido,C20H20O,NaN,NaN,35.9,0,80.2689168447232,22,NaN,NaN,No,No,NaN,257.133443942747,NaN,NaN,NaN
CSID67160308,"7,12-Dimethyl-4H-benzo[e]anthracene",Sintético / Indefinido,C20H18,NaN,NaN,36,0,80.479681181744,22,NaN,NaN,No,No,NaN,257.133443942747,NaN,NaN,NaN
CSID67495346,"4-[(Hexylsulfonyl)methyl]-3,5-dimethyl-1H-pyrazole",Sintético / Indefinido,C12H22N2O2S,NaN,NaN,36,0,82.2809025269207,22,NaN,NaN,No,No,NaN,257.133443942747,NaN,NaN,NaN
CSID67169995,"(2Z,3R)-2-(4-Biphenylylmethylene)-3-methylcyclohexanone",Sintético / Indefinido,C20H20O,NaN,NaN,35.9,0,80.2689168447232,22,NaN,NaN,No,No,NaN,257.133443942747,NaN,NaN,NaN
CSID4526535,"α,ω-Diphenyloctatetraene",Sintético / Indefinido,C20H18,NaN,NaN,36,0,80.479681181744,22,NaN,NaN,No,No,NaN,257.133443942747,NaN,NaN,NaN
CSID8236629,"4,4″-Dimethyl-1,1′:4′,1″-terphenyl",Sintético / Indefinido,C20H18,NaN,NaN,36,0,80.479681181744,22,NaN,NaN,No,No,NaN,257.133443942747,NaN,NaN,NaN
1002911,"4-[[4-[(4-fluorophenyl)methyl]-2,3-dioxopiperazin-1-yl]methyl]-N-(pyridin-3-ylmethyl)benzamide",Sintético / Indefinido,C25H23FN4O3,NaN,NaN,35.3,0,77.2469876731504,108,NaN,NaN,No,No,NaN,445.167887308116,NaN,NaN,NaN
1031551,"N-[2-(1,3-benzodioxol-5-yl)-2-(4-methylpiperazin-1-yl)ethyl]-N'-(2,4-difluorophenyl)oxamide",Sintético / Indefinido,C22H24F2N4O4,NaN,NaN,35.2,0,79.5742896217797,108,NaN,NaN,No,No,NaN,445.167887308116,NaN,NaN,NaN
LMPK12120281,Kushenol D,Sintético / Indefinido,C27H32O6,CC(=CCC(CC1=C(C(=C(C=C1O)OC)C(=O)/C=C/C2=C(C=C(C=C2)O)OC)O)C(=C)C)C,"(E)-1-[2,4-dihydroxy-6-methoxy-3-(5-methyl-2-prop-1-en-2-ylhex-4-enyl)phenyl]-3-(4-hydroxy-2-methoxyphenyl)prop-2-en-1-one",33.9,0,73.4883320310272,162,Kushenol D is a member of chalcones.,NaN,No,No,ChEBI,451.211041295324,LZSUTCMOKIJOBI-ZRDIBKRKSA-N,NaN,NaN
1025949,"ethyl 4-[4-(benzylcarbamoyl)piperidin-1-yl]sulfonyl-2,5-dimethyl-1H-pyrrole-3-carboxylate",Sintético / Indefinido,C22H28N3O5S,NaN,NaN,35,0,75.5900542922269,108,NaN,NaN,No,No,NaN,445.167887308116,NaN,NaN,NaN
HMDB38199,Lucidenic acid D1,Sintético / Indefinido,C27H34O7,CC(CCC(=O)O)C1CC(=O)C2(C1(C(=O)C(=O)C3=C2C(=O)CC4C3(CCC(=O)C4(C)C)C)C)C,"4-(4,4,10,13,14-pentamethyl-3,7,11,12,15-pentaoxo-1,2,5,6,16,17-hexahydrocyclopenta[a]phenanthren-17-yl)pentanoic acid",33.9,0,73.3000846191581,162,Lucidenic acid D1 is a triterpenoid.,NaN,No,No,ChEBI,451.211041295324,LCFUTECDUKUAFQ-UHFFFAOYSA-N,NaN,NaN
CSID8738573,1-(Diphenylmethyl)-2-methylbenzene,Sintético / Indefinido,C20H18,NaN,NaN,36,0,80.479681181744,22,NaN,NaN,No,No,NaN,257.133443942747,NaN,NaN,NaN
1001980,"4-[(4-fluorophenyl)methyl]-6-(4-pyridin-2-ylpiperazine-1-carbonyl)-1,4-benzoxazin-3-one",Sintético / Indefinido,C25H23FN4O3,NaN,NaN,35.3,0,77.2469876731504,108,NaN,NaN,No,No,NaN,445.167887308116,NaN,NaN,NaN
CSID7952,Bethanidine hemisulfate,Produto Natural,Yes,C20H32N6O4S,CNC(=NC)NCC1=CC=CC=C1,"1-benzyl-2,3-dimethylguanidine",33.6,0,73.9149107455817,162,Bethanidine is a member of guanidines. It has a role as an antihypertensive agent and an adrenergic antagonist.,NaN,Small molecule,4.0,No,No,ChEBI,451.211041295324,NIVZHWNOUVJHKV-UHFFFAOYSA-N,NaN,NaN
LMPK12140583,Amoradinin,Sintético / Indefinido,C27H32O6,CC(=CCC1=C(C2=C(C(=C1OC)CC=C(C)C)OC(CC2=O)C3=CC(=C(C=C3)O)OC)O)C,"5-hydroxy-2-(4-hydroxy-3-methoxyphenyl)-7-methoxy-6,8-bis(3-methylbut-2-enyl)-2,3-dihydrochromen-4-one",33.9,0,73.4883320310272,162,NaN,NaN,No,No,NaN,451.211041295324,RIILZRHMYBTZEI-UHFFFAOYSA-N,NaN,NaN
CSID16576945,ala-asn-asn-glu,Metabólito Endógeno (HMDB),Yes,C16H26N6O9,NaN,NaN,54.9,93.6,83.2368452324857,108,Fragmento de peptídeo identificado por sequenciamento.,NaN,Oligopeptide,NaN,Yes,Yes,Regras Locais (Peptídeo),445.167887308116,NaN,NaN,NaN
CSID16576965,ala-asn-asp-gln,Metabólito Endógeno (HMDB),Yes,C16H26N6O9,NaN,NaN,54.9,93.6,83.2368452324857,108,Fragmento de peptídeo identificado por sequenciamento.,NaN,Oligopeptide,NaN,Yes,Yes,Regras Locais (Peptídeo),445.167887308116,NaN,NaN,NaN
CSID16577001,ala-asn-glu-asn,Metabólito Endógeno (HMDB),Yes,C16H26N6O9,NaN,NaN,54.9,93.6,83.2368452324857,108,Fragmento de peptídeo identificado por sequenciamento.,NaN,Oligopeptide,NaN,Yes,Yes,Regras Locais (Peptídeo),445.167887308116,NaN,NaN,NaN
CSID16577022,ala-asn-gln-asp,Metabólito Endógeno (HMDB),Yes,C16H26N6O9,NaN,NaN,54.9,93.6,83.2368452324857,108,Fragmento de peptídeo identificado por sequenciamento.,NaN,Oligopeptide,NaN,Yes,Yes,Regras Locais (Peptídeo),445.167887308116,NaN,NaN,NaN
CSID16577345,ala-asp-asn-gln,Metabólito Endógeno (HMDB),Yes,C16H26N6O9,NaN,NaN,54.9,93.6,83.2368452324857,108,Fragmento de peptídeo identificado por sequenciamento.,NaN,Oligopeptide,NaN,Yes,Yes,Regras Locais (Peptídeo),445.167887308116,NaN,NaN,NaN
CSID16577421,ala-asp-gln-asn,Metabólito Endógeno (HMDB),Yes,C16H26N6O9,NaN,NaN,54.9,93.6,83.2368452324857,108,Fragmento de peptídeo identificado por sequenciamento.,NaN,Oligopeptide,NaN,Yes,Yes,Regras Locais (Peptídeo),445.167887308116,NaN,NaN,NaN
CSID16578141,ala-glu-asn-asn,Metabólito Endógeno (HMDB),Yes,C16H26N6O9,NaN,NaN,54.9,93.6,83.2368452324857,108,Fragmento de peptídeo identificado por sequenciamento.,NaN,Oligopeptide,NaN,Yes,Yes,Regras Locais (Peptídeo),445.167887308116,NaN,NaN,NaN
CSID16578536,ala-gln-asn-asp,Metabólito Endógeno (HMDB),Yes,C16H26N6O9,NaN,NaN,54.9,93.6,83.2368452324857,108,Fragmento de peptídeo identificado por sequenciamento.,NaN,Oligopeptide,NaN,Yes,Yes,Regras Locais (Peptídeo),445.167887308116,NaN,NaN,NaN
CSID16578555,ala-gln-asp-asn,Metabólito Endógeno (HMDB),Yes,C16H26N6O9,NaN,NaN,54.9,93.6,83.2368452324857,108,Fragmento de peptídeo identificado por sequenciamento.,NaN,Oligopeptide,NaN,Yes,Yes,Regras Locais (Peptídeo),445.167887308116,NaN,NaN,NaN
CSID16592081,asn-ala-asn-glu,Metabólito Endógeno (HMDB),Yes,C16H26N6O9,NaN,NaN,54.9,93.6,83.2368452324857,108,Fragmento de peptídeo identificado por sequenciamento.,NaN,Oligopeptide,NaN,Yes,Yes,Regras Locais (Peptídeo),445.167887308116,NaN,NaN,NaN
CSID16592101,asn-ala-asp-gln,Metabólito Endógeno (HMDB),Yes,C16H26N6O9,NaN,NaN,54.9,93.6,83.2368452324857,108,Fragmento de peptídeo identificado por sequenciamento.,NaN,Oligopeptide,NaN,Yes,Yes,Regras Locais (Peptídeo),445.167887308116,NaN,NaN,NaN
CSID16592137,asn-ala-glu-asn,Metabólito Endógeno (HMDB),Yes,C16H26N6O9,NaN,NaN,54.9,93.6,83.2368452324857,108,Fragmento de peptídeo identificado por sequenciamento.,NaN,Oligopeptide,NaN,Yes,Yes,Regras Locais (Peptídeo),445.167887308116,NaN,NaN,NaN
CSID16592158,asn-ala-gln-asp,Metabólito Endógeno (HMDB),Yes,C16H26N6O9,NaN,NaN,54.9,93.6,83.2368452324857,108,Fragmento de peptídeo identificado por sequenciamento.,NaN,Oligopeptide,NaN,Yes,Yes,Regras Locais (Peptídeo),445.167887308116,NaN,NaN,NaN
CSID16592839,asn-asn-ala-glu,Metabólito Endógeno (HMDB),Yes,C16H26N6O9,NaN,NaN,54.9,93.6,83.2368452324857,108,Fragmento de peptídeo identificado por sequenciamento.,NaN,Oligopeptide,NaN,Yes,Yes,Regras Locais (Peptídeo),445.167887308116,NaN,NaN,NaN
CSID16592934,asn-asn-glu-ala,Metabólito Endógeno (HMDB),Yes,C16H26N6O9,NaN,NaN,54.9,93.6,83.2368452324857,108,Fragmento de peptídeo identificado por sequenciamento.,NaN,Oligopeptide,NaN,Yes,Yes,Regras Locais (Peptídeo),445.167887308116,NaN,NaN,NaN
CSID16593240,asn-asp-ala-gln,Metabólito Endógeno (HMDB),Yes,C16H26N6O9,NaN,NaN,54.9,93.6,83.2368452324857,108,Fragmento de peptídeo identificado por sequenciamento.,NaN,Oligopeptide,NaN,Yes,Yes,Regras Locais (Peptídeo),445.167887308116,NaN,NaN,NaN
CSID16593354,asn-asp-gln-ala,Metabólito Endógeno (HMDB),Yes,C16H26N6O9,NaN,NaN,54.9,93.6,83.2368452324857,108,Fragmento de peptídeo identificado por sequenciamento.,NaN,Oligopeptide,NaN,Yes,Yes,Regras Locais (Peptídeo),445.167887308116,NaN,NaN,NaN
CSID16594036,asn-glu-ala-asn,Metabólito Endógeno (HMDB),Yes,C16H26N6O9,NaN,NaN,54.9,93.6,83.2368452324857,108,Fragmento de peptídeo identificado por sequenciamento.,NaN,Oligopeptide,NaN,Yes,Yes,Regras Locais (Peptídeo),445.167887308116,NaN,NaN,NaN
CSID16594074,asn-glu-asn-ala,Metabólito Endógeno (HMDB),Yes,C16H26N6O9,NaN,NaN,54.9,93.6,83.2368452324857,108,Fragmento de peptídeo identificado por sequenciamento.,NaN,Oligopeptide,NaN,Yes,Yes,Regras Locais (Peptídeo),445.167887308116,NaN,NaN,NaN
CSID16594161,asn-glu-gln-gly,Metabólito Endógeno (HMDB),Yes,C16H26N6O9,NaN,NaN,54.9,93.6,83.2368452324857,108,Fragmento de peptídeo identificado por sequenciamento.,NaN,Oligopeptide,NaN,Yes,Yes,Regras Locais (Peptídeo),445.167887308116,NaN,NaN,NaN
CSID16594180,asn-glu-gly-gln,Metabólito Endógeno (HMDB),Yes,C16H26N6O9,NaN,NaN,54.9,93.6,83.2368452324857,108,Fragmento de peptídeo identificado por sequenciamento.,NaN,Oligopeptide,NaN,Yes,Yes,Regras Locais (Peptídeo),445.167887308116,NaN,NaN,NaN
CSID16594436,asn-gln-ala-asp,Metabólito Endógeno (HMDB),Yes,C16H26N6O9,NaN,NaN,54.9,93.6,83.2368452324857,108,Fragmento de peptídeo identificado por sequenciamento.,NaN,Oligopeptide,NaN,Yes,Yes,Regras Locais (Peptídeo),445.167887308116,NaN,NaN,NaN
CSID16594493,asn-gln-asp-ala,Metabólito Endógeno (HMDB),Yes,C16H26N6O9,NaN,NaN,54.9,93.6,83.2368452324857,108,Fragmento de peptídeo identificado por sequenciamento.,NaN,Oligopeptide,NaN,Yes,Yes,Regras Locais (Peptídeo),445.167887308116,NaN,NaN,NaN
CSID16594540,asn-gln-glu-gly,Metabólito Endógeno (HMDB),Yes,C16H26N6O9,NaN,NaN,54.9,93.6,83.2368452324857,108,Fragmento de peptídeo identificado por sequenciamento.,NaN,Oligopeptide,NaN,Yes,Yes,Regras Locais (Peptídeo),445.167887308116,NaN,NaN,NaN
CSID16594578,asn-gln-gly-glu,Metabólito Endógeno (HMDB),Yes,C16H26N6O9,NaN,NaN,54.9,93.6,83.2368452324857,108,Fragmento de peptídeo identificado por sequenciamento.,NaN,Oligopeptide,NaN,Yes,Yes,Regras Locais (Peptídeo),445.167887308116,NaN,NaN,NaN
CSID16594939,asn-gly-glu-gln,Metabólito Endógeno (HMDB),Yes,C16H26N6O9,NaN,NaN,54.9,93.6,83.2368452324857,108,Fragmento de peptídeo identificado por sequenciamento.,NaN,Oligopeptide,NaN,Yes,Yes,Regras Locais (Peptídeo),445.167887308116,NaN,NaN,NaN
CSID16594958,asn-gly-gln-glu,Metabólito Endógeno (HMDB),Yes,C16H26N6O9,NaN,NaN,54.9,93.6,83.2368452324857,108,Fragmento de peptídeo identificado por sequenciamento.,NaN,Oligopeptide,NaN,Yes,Yes,Regras Locais (Peptídeo),445.167887308116,NaN,NaN,NaN
CSID16600076,asp-ala-asn-gln,Metabólito Endógeno (HMDB),Yes,C16H26N6O9,NaN,NaN,54.9,93.6,83.2368452324857,108,Fragmento de peptídeo identificado por sequenciamento.,NaN,Oligopeptide,NaN,Yes,Yes,Regras Locais (Peptídeo),445.167887308116,NaN,NaN,NaN
CSID16600152,asp-ala-gln-asn,Metabólito Endógeno (HMDB),Yes,C16H26N6O9,NaN,NaN,54.9,93.6,83.2368452324857,108,Fragmento de peptídeo identificado por sequenciamento.,NaN,Oligopeptide,NaN,Yes,Yes,Regras Locais (Peptídeo),445.167887308116,NaN,NaN,NaN
CSID16600832,asp-asn-ala-gln,Metabólito Endógeno (HMDB),Yes,C16H26N6O9,NaN,NaN,54.9,93.6,83.2368452324857,108,Fragmento de peptídeo identificado por sequenciamento.,NaN,Oligopeptide,NaN,Yes,Yes,Regras Locais (Peptídeo),445.167887308116,NaN,NaN,NaN
CSID16600946,asp-asn-gln-ala,Metabólito Endógeno (HMDB),Yes,C16H26N6O9,NaN,NaN,54.9,93.6,83.2368452324857,108,Fragmento de peptídeo identificado por sequenciamento.,NaN,Oligopeptide,NaN,Yes,Yes,Regras Locais (Peptídeo),445.167887308116,NaN,NaN,NaN
CSID16602427,asp-gln-ala-asn,Metabólito Endógeno (HMDB),Yes,C16H26N6O9,NaN,NaN,54.9,93.6,83.2368452324857,108,Fragmento de peptídeo identificado por sequenciamento.,NaN,Oligopeptide,NaN,Yes,Yes,Regras Locais (Peptídeo),445.167887308116,NaN,NaN,NaN
CSID16602465,asp-gln-asn-ala,Metabólito Endógeno (HMDB),Yes,C16H26N6O9,NaN,NaN,54.9,93.6,83.2368452324857,108,Fragmento de peptídeo identificado por sequenciamento.,NaN,Oligopeptide,NaN,Yes,Yes,Regras Locais (Peptídeo),445.167887308116,NaN,NaN,NaN
CSID16602552,asp-gln-gln-gly,Metabólito Endógeno (HMDB),Yes,C16H26N6O9,NaN,NaN,54.9,93.6,83.2368452324857,108,Fragmento de peptídeo identificado por sequenciamento.,NaN,Oligopeptide,NaN,Yes,Yes,Regras Locais (Peptídeo),445.167887308116,NaN,NaN,NaN
CSID16602571,asp-gln-gly-gln,Metabólito Endógeno (HMDB),Yes,C16H26N6O9,NaN,NaN,54.9,93.6,83.2368452324857,108,Fragmento de peptídeo identificado por sequenciamento.,NaN,Oligopeptide,NaN,Yes,Yes,Regras Locais (Peptídeo),445.167887308116,NaN,NaN,NaN
CSID16602950,asp-gly-gln-gln,Metabólito Endógeno (HMDB),Yes,C16H26N6O9,NaN,NaN,54.9,93.6,83.2368452324857,108,Fragmento de peptídeo identificado por sequenciamento.,NaN,Oligopeptide,NaN,Yes,Yes,Regras Locais (Peptídeo),445.167887308116,NaN,NaN,NaN
CSID16616042,glu-ala-asn-asn,Metabólito Endógeno (HMDB),Yes,C16H26N6O9,NaN,NaN,54.9,93.6,83.2368452324857,108,Fragmento de peptídeo identificado por sequenciamento.,NaN,Oligopeptide,NaN,Yes,Yes,Regras Locais (Peptídeo),445.167887308116,NaN,NaN,NaN
CSID16616796,glu-asn-ala-asn,Metabólito Endógeno (HMDB),Yes,C16H26N6O9,NaN,NaN,54.9,93.6,83.2368452324857,108,Fragmento de peptídeo identificado por sequenciamento.,NaN,Oligopeptide,NaN,Yes,Yes,Regras Locais (Peptídeo),445.167887308116,NaN,NaN,NaN
CSID16616834,glu-asn-asn-ala,Metabólito Endógeno (HMDB),Yes,C16H26N6O9,NaN,NaN,54.9,93.6,83.2368452324857,108,Fragmento de peptídeo identificado por sequenciamento.,NaN,Oligopeptide,NaN,Yes,Yes,Regras Locais (Peptídeo),445.167887308116,NaN,NaN,NaN
CSID16616921,glu-asn-gln-gly,Metabólito Endógeno (HMDB),Yes,C16H26N6O9,NaN,NaN,54.9,93.6,83.2368452324857,108,Fragmento de peptídeo identificado por sequenciamento.,NaN,Oligopeptide,NaN,Yes,Yes,Regras Locais (Peptídeo),445.167887308116,NaN,NaN,NaN
CSID16616940,glu-asn-gly-gln,Metabólito Endógeno (HMDB),Yes,C16H26N6O9,NaN,NaN,54.9,93.6,83.2368452324857,108,Fragmento de peptídeo identificado por sequenciamento.,NaN,Oligopeptide,NaN,Yes,Yes,Regras Locais (Peptídeo),445.167887308116,NaN,NaN,NaN
CSID16618433,glu-gln-asn-gly,Metabólito Endógeno (HMDB),Yes,C16H26N6O9,NaN,NaN,54.9,93.6,83.2368452324857,108,Fragmento de peptídeo identificado por sequenciamento.,NaN,Oligopeptide,NaN,Yes,Yes,Regras Locais (Peptídeo),445.167887308116,NaN,NaN,NaN
CSID16618527,glu-gln-gly-asn,Metabólito Endógeno (HMDB),Yes,C16H26N6O9,NaN,NaN,54.9,93.6,83.2368452324857,108,Fragmento de peptídeo identificado por sequenciamento.,NaN,Oligopeptide,NaN,Yes,Yes,Regras Locais (Peptídeo),445.167887308116,NaN,NaN,NaN
CSID16618830,glu-gly-asn-gln,Metabólito Endógeno (HMDB),Yes,C16H26N6O9,NaN,NaN,54.9,93.6,83.2368452324857,108,Fragmento de peptídeo identificado por sequenciamento.,NaN,Oligopeptide,NaN,Yes,Yes,Regras Locais (Peptídeo),445.167887308116,NaN,NaN,NaN
CSID16618906,glu-gly-gln-asn,Metabólito Endógeno (HMDB),Yes,C16H26N6O9,NaN,NaN,54.9,93.6,83.2368452324857,108,Fragmento de peptídeo identificado por sequenciamento.,NaN,Oligopeptide,NaN,Yes,Yes,Regras Locais (Peptídeo),445.167887308116,NaN,NaN,NaN
CSID16624004,gln-ala-asn-asp,Metabólito Endógeno (HMDB),Yes,C16H26N6O9,NaN,NaN,54.9,93.6,83.2368452324857,108,Fragmento de peptídeo identificado por sequenciamento.,NaN,Oligopeptide,NaN,Yes,Yes,Regras Locais (Peptídeo),445.167887308116,NaN,NaN,NaN
CSID16624023,gln-ala-asp-asn,Metabólito Endógeno (HMDB),Yes,C16H26N6O9,NaN,NaN,54.9,93.6,83.2368452324857,108,Fragmento de peptídeo identificado por sequenciamento.,NaN,Oligopeptide,NaN,Yes,Yes,Regras Locais (Peptídeo),445.167887308116,NaN,NaN,NaN
CSID16624764,gln-asn-ala-asp,Metabólito Endógeno (HMDB),Yes,C16H26N6O9,NaN,NaN,54.9,93.6,83.2368452324857,108,Fragmento de peptídeo identificado por sequenciamento.,NaN,Oligopeptide,NaN,Yes,Yes,Regras Locais (Peptídeo),445.167887308116,NaN,NaN,NaN
CSID16624821,gln-asn-asp-ala,Metabólito Endógeno (HMDB),Yes,C16H26N6O9,NaN,NaN,54.9,93.6,83.2368452324857,108,Fragmento de peptídeo identificado por sequenciamento.,NaN,Oligopeptide,NaN,Yes,Yes,Regras Locais (Peptídeo),445.167887308116,NaN,NaN,NaN
CSID16624868,gln-asn-glu-gly,Metabólito Endógeno (HMDB),Yes,C16H26N6O9,NaN,NaN,54.9,93.6,83.2368452324857,108,Fragmento de peptídeo identificado por sequenciamento.,NaN,Oligopeptide,NaN,Yes,Yes,Regras Locais (Peptídeo),445.167887308116,NaN,NaN,NaN
CSID16624906,gln-asn-gly-glu,Metabólito Endógeno (HMDB),Yes,C16H26N6O9,NaN,NaN,54.9,93.6,83.2368452324857,108,Fragmento de peptídeo identificado por sequenciamento.,NaN,Oligopeptide,NaN,Yes,Yes,Regras Locais (Peptídeo),445.167887308116,NaN,NaN,NaN
CSID16625163,gln-asp-ala-asn,Metabólito Endógeno (HMDB),Yes,C16H26N6O9,NaN,NaN,54.9,93.6,83.2368452324857,108,Fragmento de peptídeo identificado por sequenciamento.,NaN,Oligopeptide,NaN,Yes,Yes,Regras Locais (Peptídeo),445.167887308116,NaN,NaN,NaN
CSID16625201,gln-asp-asn-ala,Metabólito Endógeno (HMDB),Yes,C16H26N6O9,NaN,NaN,54.9,93.6,83.2368452324857,108,Fragmento de peptídeo identificado por sequenciamento.,NaN,Oligopeptide,NaN,Yes,Yes,Regras Locais (Peptídeo),445.167887308116,NaN,NaN,NaN
CSID16625288,gln-asp-gln-gly,Metabólito Endógeno (HMDB),Yes,C16H26N6O9,NaN,NaN,54.9,93.6,83.2368452324857,108,Fragmento de peptídeo identificado por sequenciamento.,NaN,Oligopeptide,NaN,Yes,Yes,Regras Locais (Peptídeo),445.167887308116,NaN,NaN,NaN
CSID16625307,gln-asp-gly-gln,Metabólito Endógeno (HMDB),Yes,C16H26N6O9,NaN,NaN,54.9,93.6,83.2368452324857,108,Fragmento de peptídeo identificado por sequenciamento.,NaN,Oligopeptide,NaN,Yes,Yes,Regras Locais (Peptídeo),445.167887308116,NaN,NaN,NaN
CSID16626007,gln-glu-asn-gly,Metabólito Endógeno (HMDB),Yes,C16H26N6O9,NaN,NaN,54.9,93.6,83.2368452324857,108,Fragmento de peptídeo identificado por sequenciamento.,NaN,Oligopeptide,NaN,Yes,Yes,Regras Locais (Peptídeo),445.167887308116,NaN,NaN,NaN
CSID16626102,gln-glu-gly-asn,Metabólito Endógeno (HMDB),Yes,C16H26N6O9,NaN,NaN,54.9,93.6,83.2368452324857,108,Fragmento de peptídeo identificado por sequenciamento.,NaN,Oligopeptide,NaN,Yes,Yes,Regras Locais (Peptídeo),445.167887308116,NaN,NaN,NaN
CSID16626427,gln-gln-asp-gly,Metabólito Endógeno (HMDB),Yes,C16H26N6O9,NaN,NaN,54.9,93.6,83.2368452324857,108,Fragmento de peptídeo identificado por sequenciamento.,NaN,Oligopeptide,NaN,Yes,Yes,Regras Locais (Peptídeo),445.167887308116,NaN,NaN,NaN
CSID16626503,gln-gln-gly-asp,Metabólito Endógeno (HMDB),Yes,C16H26N6O9,NaN,NaN,54.9,93.6,83.2368452324857,108,Fragmento de peptídeo identificado por sequenciamento.,NaN,Oligopeptide,NaN,Yes,Yes,Regras Locais (Peptídeo),445.167887308116,NaN,NaN,NaN
CSID16626804,gln-gly-asn-glu,Metabólito Endógeno (HMDB),Yes,C16H26N6O9,NaN,NaN,54.9,93.6,83.2368452324857,108,Fragmento de peptídeo identificado por sequenciamento.,NaN,Oligopeptide,NaN,Yes,Yes,Regras Locais (Peptídeo),445.167887308116,NaN,NaN,NaN
CSID16626825,gln-gly-asp-gln,Metabólito Endógeno (HMDB),Yes,C16H26N6O9,NaN,NaN,54.9,93.6,83.2368452324857,108,Fragmento de peptídeo identificado por sequenciamento.,NaN,Oligopeptide,NaN,Yes,Yes,Regras Locais (Peptídeo),445.167887308116,NaN,NaN,NaN
CSID16626861,gln-gly-glu-asn,Metabólito Endógeno (HMDB),Yes,C16H26N6O9,NaN,NaN,54.9,93.6,83.2368452324857,108,Fragmento de peptídeo identificado por sequenciamento.,NaN,Oligopeptide,NaN,Yes,Yes,Regras Locais (Peptídeo),445.167887308116,NaN,NaN,NaN
CSID16626882,gln-gly-gln-asp,Metabólito Endógeno (HMDB),Yes,C16H26N6O9,NaN,NaN,54.9,93.6,83.2368452324857,108,Fragmento de peptídeo identificado por sequenciamento.,NaN,Oligopeptide,NaN,Yes,Yes,Regras Locais (Peptídeo),445.167887308116,NaN,NaN,NaN
CSID16632856,gly-asn-glu-gln,Metabólito Endógeno (HMDB),Yes,C16H26N6O9,NaN,NaN,54.9,93.6,83.2368452324857,108,Fragmento de peptídeo identificado por sequenciamento.,NaN,Oligopeptide,NaN,Yes,Yes,Regras Locais (Peptídeo),445.167887308116,NaN,NaN,NaN
CSID16632875,gly-asn-gln-glu,Metabólito Endógeno (HMDB),Yes,C16H26N6O9,NaN,NaN,54.9,93.6,83.2368452324857,108,Fragmento de peptídeo identificado por sequenciamento.,NaN,Oligopeptide,NaN,Yes,Yes,Regras Locais (Peptídeo),445.167887308116,NaN,NaN,NaN
CSID16633276,gly-asp-gln-gln,Metabólito Endógeno (HMDB),Yes,C16H26N6O9,NaN,NaN,54.9,93.6,83.2368452324857,108,Fragmento de peptídeo identificado por sequenciamento.,NaN,Oligopeptide,NaN,Yes,Yes,Regras Locais (Peptídeo),445.167887308116,NaN,NaN,NaN
CSID16633996,gly-glu-asn-gln,Metabólito Endógeno (HMDB),Yes,C16H26N6O9,NaN,NaN,54.9,93.6,83.2368452324857,108,Fragmento de peptídeo identificado por sequenciamento.,NaN,Oligopeptide,NaN,Yes,Yes,Regras Locais (Peptídeo),445.167887308116,NaN,NaN,NaN
CSID16634072,gly-glu-gln-asn,Metabólito Endógeno (HMDB),Yes,C16H26N6O9,NaN,NaN,54.9,93.6,83.2368452324857,108,Fragmento de peptídeo identificado por sequenciamento.,NaN,Oligopeptide,NaN,Yes,Yes,Regras Locais (Peptídeo),445.167887308116,NaN,NaN,NaN
CSID16634389,gly-gln-asn-glu,Metabólito Endógeno (HMDB),Yes,C16H26N6O9,NaN,NaN,54.9,93.6,83.2368452324857,108,Fragmento de peptídeo identificado por sequenciamento.,NaN,Oligopeptide,NaN,Yes,Yes,Regras Locais (Peptídeo),445.167887308116,NaN,NaN,NaN
CSID16634410,gly-gln-asp-gln,Metabólito Endógeno (HMDB),Yes,C16H26N6O9,NaN,NaN,54.9,93.6,83.2368452324857,108,Fragmento de peptídeo identificado por sequenciamento.,NaN,Oligopeptide,NaN,Yes,Yes,Regras Locais (Peptídeo),445.167887308116,NaN,NaN,NaN
CSID16634445,gly-gln-glu-asn,Metabólito Endógeno (HMDB),Yes,C16H26N6O9,NaN,NaN,54.9,93.6,83.2368452324857,108,Fragmento de peptídeo identificado por sequenciamento.,NaN,Oligopeptide,NaN,Yes,Yes,Regras Locais (Peptídeo),445.167887308116,NaN,NaN,NaN
CSID16634466,gly-gln-gln-asp,Metabólito Endógeno (HMDB),Yes,C16H26N6O9,NaN,NaN,54.9,93.6,83.2368452324857,108,Fragmento de peptídeo identificado por sequenciamento.,NaN,Oligopeptide,NaN,Yes,Yes,Regras Locais (Peptídeo),445.167887308116,NaN,NaN,NaN
1016635,2-[1-(5-chloro-1H-indole-2-carbonyl)piperidin-4-yl]-1-(4-pyridin-2-ylpiperazin-1-yl)ethanone,Sintético / Indefinido,C25H27ClN5O2,NaN,NaN,31.5,0,58.4215157903346,108,NaN,NaN,No,No,NaN,445.167887308116,NaN,NaN,NaN
LMPK12140500,(2S)-2'-Methoxykurarinone,Produto Natural,Yes,C27H32O6,CC(=CC[C@H](CC1=C2C(=C(C=C1O)OC)C(=O)C[C@H](O2)C3=C(C=C(C=C3)O)OC)C(=C)C)C,"(2S)-7-hydroxy-2-(4-hydroxy-2-methoxyphenyl)-5-methoxy-8-[(2R)-5-methyl-2-prop-1-en-2-ylhex-4-enyl]-2,3-dihydrochromen-4-one",33.9,0,73.4883320310272,162,"(2S)-2'-methoxykurarinone is a dimethoxyflavanone that is (2S)-()-kurarinone in which the hydroxy group at position 2' is replaced by a methoxy group. Isolated from the roots of Sophora flavescens, it exhibits cytotoxicity against human myeloid leukemia HL-60 cells. It has a role as a metabolite and an antineoplastic agent. It is a member of 4'-hydroxyflavanones, a dimethoxyflavanone and a dihydroxyflavanone. It is functionally related to a (2S)-(-)-kurarinone.",NaN,Small molecule,NaN,No,No,ChEBI,451.211041295324,KTAQQSUPNZAWEY-OSPHWJPCSA-N,NaN,NaN
CSID4647379,"(1Z)-1,2,3,3,3-Pentafluoro-1-propene",Sintético / Indefinido,C3HF5,C(=C(/C(F)(F)F)\F)\F,"(Z)-1,2,3,3,3-pentafluoroprop-1-ene",38.3,0,96.846466182426,3,NaN,NaN,No,No,NaN,112.982616367773,DMUPYMORYHFFCT-UPHRSURJSA-N,NaN,NaN
1033838,"methyl 7-[(4-fluorophenyl)methyl]-6-methyl-6-[(4-methylphenyl)methylcarbamoyl]-8-oxo-5H-imidazo[1,5-a]pyrazine-1-carboxylate",Sintético / Indefinido,C25H25FN4O4,NaN,NaN,35.3,0,77.0478485214823,108,NaN,NaN,No,No,NaN,445.167887308116,NaN,NaN,NaN
CSID19486711,"1,3,6,8-Tetramethylpyrene",Sintético / Indefinido,C20H18,CC1=CC(=C2C=CC3=C(C=C(C4=C3C2=C1C=C4)C)C)C,"1,3,6,8-tetramethylpyrene",36,0,80.479681181744,22,NaN,NaN,No,No,NaN,257.133443942747,HRHHFPGFYOBEPE-UHFFFAOYSA-N,NaN,NaN
CSID205991,"1,4-Dibenzylbenzene",Sintético / Indefinido,C20H18,C1=CC=C(C=C1)CC2=CC=C(C=C2)CC3=CC=CC=C3,"1,4-dibenzylbenzene",36,0,80.479681181744,22,NaN,NaN,No,No,NaN,257.133443942747,LTGXPINWZFIICV-UHFFFAOYSA-N,NaN,NaN
CSID34043,"7,12-Dimethyl-5,6-dihydrotetraphene",Sintético / Indefinido,C20H18,CC1=C2CCC3=CC=CC=C3C2=C(C4=CC=CC=C14)C,"7,12-dimethyl-5,6-dihydrobenzo[a]anthracene",36,0,80.479681181744,22,NaN,NaN,No,No,NaN,257.133443942747,OSPZOOPTBDSTQN-UHFFFAOYSA-N,NaN,NaN
CSID18975866,RCL T279196,Sintético / Indefinido,C20H18,CC1=C(C(=C(C=C1)C)C2=CC=CC=C2)C3=CC=CC=C3,"1,4-dimethyl-2,3-diphenylbenzene",36,0,80.479681181744,22,NaN,NaN,No,No,NaN,257.133443942747,DWRQIROFOIDAOI-UHFFFAOYSA-N,NaN,NaN
1085633,"methyl 7-[(2-fluorophenyl)methyl]-6-methyl-6-[(4-methylphenyl)methylcarbamoyl]-8-oxo-5H-imidazo[1,5-a]pyrazine-1-carboxylate",Sintético / Indefinido,C25H25FN4O4,NaN,NaN,35.3,0,77.0478485214823,108,NaN,NaN,No,No,NaN,445.167887308116,NaN,NaN,NaN
1088018,"methyl 7-[(3-fluorophenyl)methyl]-6-methyl-6-[(4-methylphenyl)methylcarbamoyl]-8-oxo-5H-imidazo[1,5-a]pyrazine-1-carboxylate",Sintético / Indefinido,C25H25FN4O4,NaN,NaN,35.3,0,77.0478485214823,108,NaN,NaN,No,No,NaN,445.167887308116,NaN,NaN,NaN
1085030,"1-[2-(3,4-dihydro-2H-quinolin-1-yl)-2-oxoethyl]-3-(4-fluorophenyl)-5,6-dimethylpyrrolo[3,2-d]pyrimidine-2,4-dione",Sintético / Indefinido,C25H23FN4O3,NaN,NaN,35.3,0,77.2469876731504,108,NaN,NaN,No,No,NaN,445.167887308116,NaN,NaN,NaN
994866,ethyl 3-[[1-[1-(4-fluorophenyl)-6-oxopyridazin-3-yl]piperidine-3-carbonyl]amino]benzoate,Sintético / Indefinido,C25H25FN4O4,NaN,NaN,35.3,0,77.0478485214823,108,NaN,NaN,No,No,NaN,445.167887308116,NaN,NaN,NaN
CSID24842810,"7-{3,5-Dimethoxy-4-[(2-methyl-3-buten-2-yl)oxy]phenyl}-5-hydroxy-2,2-dimethyl-2H,6H-pyrano[3,2-g]chromen-6-one",Sintético / Indefinido,C27H28O7,NaN,NaN,34.1,0,75.9565155423712,108,NaN,NaN,No,No,NaN,445.167887308116,NaN,NaN,NaN
CSID24842807,"6-{3,5-Dimethoxy-4-[(2-methyl-3-buten-2-yl)oxy]phenyl}-4-hydroxy-2-isopropenyl-2,3-dihydro-5H-furo[3,2-g]chromen-5-one",Sintético / Indefinido,C27H28O7,NaN,NaN,34.1,0,75.9565155423712,108,NaN,NaN,No,No,NaN,445.167887308116,NaN,NaN,NaN
CSID26050887,"1,6-Anhydro-2-O-benzoyl-3,4-di-O-benzyl-β-L-idopyranose",Sintético / Indefinido,C27H26O6,NaN,NaN,34.1,0,76.1516092585121,108,NaN,NaN,No,No,NaN,445.167887308116,NaN,NaN,NaN
CSID120763,"1,1,2-Triphenylethane",Produto Natural,Yes,C20H18,C1=CC=C(C=C1)CC(C2=CC=CC=C2)C3=CC=CC=C3,"1,2-diphenylethylbenzene",36,0,80.479681181744,22,NaN,NaN,Small molecule,NaN,No,No,NaN,257.133443942747,KIIBETRYVBIAOO-UHFFFAOYSA-N,NaN,NaN
CSID4887279,"(E)-1,2,3,3,3-Pentafluoropropene",Sintético / Indefinido,C3HF5,C(=C(\C(F)(F)F)/F)\F,"(E)-1,2,3,3,3-pentafluoroprop-1-ene",38.3,0,96.846466182426,3,NaN,NaN,No,No,NaN,112.982616367773,DMUPYMORYHFFCT-OWOJBTEDSA-N,NaN,NaN
CSID35013283,"3,4,13-Trimethyl-5-{[(2Z)-3-(methylsulfanyl)-2-propenoyl]oxy}-12-oxo-11,14-dioxatetracyclo[8.3.1.0~1,10~.0~3,8~]tetradec-2-yl (2E)-2-methyl-2-butenoate",Sintético / Indefinido,C24H32O7S,NaN,NaN,35.9,8.12,74.4038350056634,108,NaN,NaN,No,No,NaN,445.167887308116,NaN,NaN,NaN
CSID35015197,"3,4a,5-Trimethyl-6-{[(2E)-3-(methylsulfinyl)-2-propenoyl]oxy}-2-oxo-2,4,4a,5,6,7,8,8a,9,9a-decahydronaphtho[2,3-b]furan-4-yl (2E)-2-methyl-2-butenoate",Sintético / Indefinido,C24H32O7S,NaN,NaN,35.9,8.12,74.4038350056634,108,NaN,NaN,No,No,NaN,445.167887308116,NaN,NaN,NaN
CSID71260,"ethane, 1,1,1-triphenyl-",Sintético / Indefinido,No,C20H18,CC(C1=CC=CC=C1)(C2=CC=CC=C2)C3=CC=CC=C3,"1,1-diphenylethylbenzene",36,0,80.479681181744,22,NaN,NaN,Small molecule,NaN,No,No,NaN,257.133443942747,QIDUHGHFWAMMPV-UHFFFAOYSA-N,NaN,NaN
CSID2906870,MOBS,Sintético / Indefinido,C8H17NO4S,NaN,NaN,37.5,0,88.8921853696741,108,NaN,NaN,No,No,NaN,445.167887308116,NaN,NaN,NaN
CSID64835198,"1′-{[5-(Aminomethyl)-1-(4,4,4-trifluorobutyl)-1H-benzimidazol-2-yl]methyl}-6′-fluorospiro[cyclopropane-1,3′-indol]-2′(1′H)-one",Sintético / Indefinido,C23H22F4N4O,NaN,NaN,34.7,0,79.3047173715747,108,NaN,NaN,No,No,NaN,445.167887308116,NaN,NaN,NaN
CSID53328522,N-(4-Chlorobutyl)-1H-benzimidazol-2-amine,Sintético / Indefinido,C11H14ClN3,NaN,NaN,33.7,0,68.8498728900437,108,NaN,NaN,No,No,NaN,445.167887308116,NaN,NaN,NaN
CSID67025686,6-Fluoro-L-(O-~2~H)tryptophan,Sintético / Indefinido,C11H10DFN2O2,NaN,NaN,56.1,94.1,90.8470288526941,108,NaN,NaN,No,No,NaN,445.167887308116,NaN,NaN,NaN
CSID67031913,"2,2′-(2,2′-Biphenyldiyl)bis(5-phenyl-2,3-dihydro-1,2,3-oxadiazole)",Sintético / Indefinido,C28H22N4O2,NaN,NaN,34.5,0,74.9881889171413,108,NaN,NaN,No,No,NaN,445.167887308116,NaN,NaN,NaN
CSID539614,"2′,5′-Dimethyl-p-terphenyl",Sintético / Indefinido,C20H18,CC1=CC(=C(C=C1C2=CC=CC=C2)C)C3=CC=CC=C3,"1,4-dimethyl-2,5-diphenylbenzene",36,0,80.479681181744,22,NaN,NaN,No,No,NaN,257.133443942747,TUSIRMATSRRTEJ-UHFFFAOYSA-N,NaN,NaN
CSID94258,RCL R999903,Sintético / Indefinido,C20H18,CC1=CC=CC=C1C2=CC=C(C=C2)C3=CC=CC=C3C,"1,4-bis(2-methylphenyl)benzene",36,0,80.479681181744,22,NaN,NaN,No,No,NaN,257.133443942747,MSMADJZSMBWBTF-UHFFFAOYSA-N,NaN,NaN
CSID9109397,"1,2-Dibenzylbenzene",Sintético / Indefinido,C20H18,C1=CC=C(C=C1)CC2=CC=CC=C2CC3=CC=CC=C3,"1,2-dibenzylbenzene",36,0,80.479681181744,22,NaN,NaN,No,No,NaN,257.133443942747,JQCVPZXMGXKNOD-UHFFFAOYSA-N,NaN,NaN
CSID67161809,3-(3-Aminobenzyl)-1-methyl-1H-imidazol-3-ium chloride,Sintético / Indefinido,C11H14ClN3,NaN,NaN,33.7,0,68.8498728900437,108,NaN,NaN,No,No,NaN,445.167887308116,NaN,NaN,NaN
LMPK12050272,Pumilaisoflavone A,Sintético / Indefinido,C27H28O7,NaN,NaN,34.1,0,75.9565155423712,108,NaN,NaN,No,No,NaN,445.167887308116,NaN,NaN,NaN
CSID67496669,"3-[3,3-Dimethyl-2-oxo-1-(3-oxo-3,4-dihydro-2-quinoxalinyl)butyl]-1-phenyl-2(1H)-quinoxalinone",Sintético / Indefinido,C28H24N4O3,NaN,NaN,34.5,0,74.7956614045102,108,NaN,NaN,No,No,NaN,445.167887308116,NaN,NaN,NaN
CSID8179279,akaol B,Sintético / Indefinido,C22H31NaO6S,NaN,NaN,34.6,0,76.2102312375312,108,NaN,NaN,No,No,NaN,445.167887308116,NaN,NaN,NaN
CSID8823180,Conrauinone B,Sintético / Indefinido,C27H28O7,NaN,NaN,34.1,0,75.9565155423712,108,NaN,NaN,No,No,NaN,445.167887308116,NaN,NaN,NaN
1047598,3-amino-N-(4-nitrophenyl)-1-benzofuran-2-carboxamide,Sintético / Indefinido,C15H11N3O4,NaN,NaN,36.2,0,83.2644703073808,15,NaN,NaN,No,No,NaN,593.141635933346,NaN,NaN,NaN
CSID10154949,"1,1,3,3,5,5-Hexaphenyltrisiloxane-1,5-diol",Sintético / Indefinido,C36H32O4Si3,NaN,NaN,30,0,52.5652182261415,15,NaN,NaN,No,No,NaN,593.141635933346,NaN,NaN,NaN
LMPK12050306,Euchrenone b4,Sintético / Indefinido,C27H28O7,NaN,NaN,52.9,94.1,75.9565155423712,108,NaN,NaN,No,No,NaN,445.167887308116,NaN,NaN,NaN
1047367,"2-(4-methoxyphenyl)-5-(3-nitrophenyl)-1,3,4-oxadiazole",Sintético / Indefinido,C15H11N3O4,NaN,NaN,36.2,0,83.2644703073808,15,NaN,NaN,No,No,NaN,593.141635933346,NaN,NaN,NaN
CSID65791538,(4E)-4-[(6-Methyl-2-pyridinyl)imino]-3-nitro-4H-chromen-2-ol,Sintético / Indefinido,C15H11N3O4,NaN,NaN,36.2,0,83.2644703073808,15,NaN,NaN,No,No,NaN,593.141635933346,NaN,NaN,NaN
1043686,"ethyl 4-[2-[[7-(4-methoxyphenyl)-5,6-dihydroimidazo[2,1-c][1,2,4]triazol-3-yl]sulfanyl]acetyl]piperazine-1-carboxylate",Sintético / Indefinido,C20H26N6O4S,CCOC(=O)N1CCN(CC1)C(=O)CSC2=NN=C3N2CCN3C4=CC=C(C=C4)OC,"ethyl 4-[2-[[7-(4-methoxyphenyl)-5,6-dihydroimidazo[2,1-c][1,2,4]triazol-3-yl]sulfanyl]acetyl]piperazine-1-carboxylate",34.5,0,76.593854251355,108,NaN,NaN,No,No,NaN,445.167887308116,QJVWUFWBAMXLBC-UHFFFAOYSA-N,NaN,NaN
1076104,"5-benzyl-7-(2,3-dihydroindole-1-carbonyl)-2-phenylpyrazolo[4,3-c]pyridin-3-one",Sintético / Indefinido,C28H22N4O2,C1CN(C2=CC=CC=C21)C(=O)C3=CN(C=C4C3=NN(C4=O)C5=CC=CC=C5)CC6=CC=CC=C6,"5-benzyl-7-(2,3-dihydroindole-1-carbonyl)-2-phenylpyrazolo[4,3-c]pyridin-3-one",34.5,0,74.9881889171413,108,NaN,NaN,No,No,NaN,445.167887308116,YFWMQNJTLSVLTA-UHFFFAOYSA-N,NaN,NaN
CSID17340027,Hydroquinidine 4-chlorobenzoate,Sintético / Indefinido,C27H29ClN2O3,CC[C@@H]1CN2CC[C@H]1C[C@@H]2[C@H](C3=C4C=C(C=CC4=NC=C3)OC)OC(=O)C5=CC=C(C=C5)Cl,"[(S)-[(2R,4S,5S)-5-ethyl-1-azabicyclo[2.2.2]octan-2-yl]-(6-methoxyquinolin-4-yl)methyl] 4-chlorobenzoate",31,0,57.6549448333198,108,NaN,NaN,No,No,NaN,445.167887308116,TXVNNFDXQZFMBQ-XHYUFEOFSA-N,NaN,NaN
988700,Carbazole-2-acetamide,Sintético / Indefinido,No,C14H11N2O,C1=CC=C2C(=C1)C3=C(N2)C=C(C=C3)CC(=O)N,2-(9H-carbazol-2-yl)acetamide,37.2,0,88.1710923673476,108,NaN,NaN,Small molecule,NaN,No,No,NaN,445.167887308116,FXYYHFHQOYZNNW-UHFFFAOYSA-N,NaN,NaN
CSID143323,Imafen hydrochloride,Sintético / Indefinido,No,C11H13ClN3,C1CN2C(CN=C2N1)C3=CC=CC=C3.Cl,"5-phenyl-2,3,5,6-tetrahydro-1H-imidazo[1,2-a]imidazole;hydrochloride",33.7,0,68.8577780788078,108,NaN,NaN,Small molecule,-1.0,No,No,NaN,445.167887308116,OGFIMJLYLLFOPU-UHFFFAOYSA-N,NaN,NaN
CSID65791624,(4E)-4-[(5-Methyl-2-pyridinyl)imino]-3-nitro-4H-chromen-2-ol,Sintético / Indefinido,C15H11N3O4,NaN,NaN,36.2,0,83.2644703073808,15,NaN,NaN,No,No,NaN,593.141635933346,NaN,NaN,NaN
CSID10391632,Euchrenone B4,Sintético / Indefinido,C27H28O7,CC(=CCC1=C(C(=C2C(=C1O)C(=O)C(=CO2)C3=CC4=C(C=C3OC)OCO4)CC=C(C)C)O)C,"5,7-dihydroxy-3-(6-methoxy-1,3-benzodioxol-5-yl)-6,8-bis(3-methylbut-2-enyl)chromen-4-one",52.9,94.1,75.9565155423712,108,NaN,NaN,No,No,NaN,445.167887308116,HEWXGYZXVVKVLP-UHFFFAOYSA-N,NaN,NaN
CSID67031897,Bis(triphenylsilyl) dihydrogen orthosilicate,Sintético / Indefinido,C36H32O4Si3,NaN,NaN,30,0,52.5652182261415,15,NaN,NaN,No,No,NaN,593.141635933346,NaN,NaN,NaN
CSID65792131,(4E)-4-[(4-Methyl-2-pyridinyl)imino]-3-nitro-4H-chromen-2-ol,Sintético / Indefinido,C15H11N3O4,NaN,NaN,36.2,0,83.2644703073808,15,NaN,NaN,No,No,NaN,593.141635933346,NaN,NaN,NaN
CSID67177978,"2-(3-Amino-2-methyl-5-nitrophenyl)-1H-isoindole-1,3(2H)-dione",Sintético / Indefinido,C15H11N3O4,NaN,NaN,36.2,0,83.2644703073808,15,NaN,NaN,No,No,NaN,593.141635933346,NaN,NaN,NaN
CSID8741296,4-[(6-Methyl-2-pyridinyl)amino]-3-nitro-2H-chromen-2-one,Sintético / Indefinido,C15H11N3O4,NaN,NaN,36.2,0,83.2644703073808,15,NaN,NaN,No,No,NaN,593.141635933346,NaN,NaN,NaN
CSID65792744,(4E)-4-[(3-Methyl-2-pyridinyl)imino]-3-nitro-4H-chromen-2-ol,Sintético / Indefinido,C15H11N3O4,NaN,NaN,36.2,0,83.2644703073808,15,NaN,NaN,No,No,NaN,593.141635933346,NaN,NaN,NaN
1004376,ethyl 2-[2-[2-(4-fluorophenyl)benzimidazol-1-yl]ethylcarbamoylamino]acetate,Sintético / Indefinido,C20H21FN4O3,NaN,NaN,35.2,0,80.6447280479564,128,NaN,NaN,No,No,NaN,365.140403635614,NaN,NaN,NaN
CSID8908083,4-[(3-Methyl-2-pyridinyl)amino]-3-nitro-2H-chromen-2-one,Sintético / Indefinido,C15H11N3O4,NaN,NaN,36.2,0,83.2644703073808,15,NaN,NaN,No,No,NaN,593.141635933346,NaN,NaN,NaN
CSID8955621,4-[(5-Methyl-2-pyridinyl)amino]-3-nitro-2H-chromen-2-one,Sintético / Indefinido,C15H11N3O4,NaN,NaN,36.2,0,83.2644703073808,15,NaN,NaN,No,No,NaN,593.141635933346,NaN,NaN,NaN
1019502,3-[4-(2-fluorobenzoyl)piperazin-1-yl]-1-methylquinoxalin-2-one,Sintético / Indefinido,C20H19FN4O2,NaN,NaN,35.2,0,80.8553235197933,128,NaN,NaN,No,No,NaN,365.140403635614,NaN,NaN,NaN
1021476,"2-[3-[3-(4-fluorophenyl)-1,2,4-oxadiazol-5-yl]-2-oxopyridin-1-yl]-N-(3-methylbutyl)acetamide",Sintético / Indefinido,C20H21FN4O3,NaN,NaN,35.2,0,80.6447280479564,128,NaN,NaN,No,No,NaN,365.140403635614,NaN,NaN,NaN
1018878,N-[(2-fluorophenyl)methyl]-4-morpholin-4-ylquinazoline-2-carboxamide,Sintético / Indefinido,C20H19FN4O2,NaN,NaN,35.2,0,80.8553235197933,128,NaN,NaN,No,No,NaN,365.140403635614,NaN,NaN,NaN
1036035,"1-[2-[5-[(2-fluorophenoxy)methyl]-1,2,4-oxadiazol-3-yl]ethyl]-1-methyl-3-(2-methylphenyl)urea",Sintético / Indefinido,C20H21FN4O3,NaN,NaN,35.2,0,80.6447280479564,128,NaN,NaN,No,No,NaN,365.140403635614,NaN,NaN,NaN
1021806,"N-(2-fluorophenyl)-2-[3-(2-methylphenyl)-1,2,4-oxadiazol-5-yl]pyrrolidine-1-carboxamide",Sintético / Indefinido,C20H19FN4O2,NaN,NaN,35.2,0,80.8553235197933,128,NaN,NaN,No,No,NaN,365.140403635614,NaN,NaN,NaN
HMDB30901,Eremopetasitenin B2,Sintético / Indefinido,C24H32O7S,C/C=C(\C)/C(=O)OC1C2(C(C(CCC2CC34C1(O3)C(C(=O)O4)C)OC(=O)/C=C\SC)C)C,"[3,4,13-trimethyl-5-[(Z)-3-methylsulfanylprop-2-enoyl]oxy-12-oxo-11,14-dioxatetracyclo[8.3.1.01,10.03,8]tetradecan-2-yl] (E)-2-methylbut-2-enoate",35.9,8.12,74.4038350056634,108,Eremopetasitenin B2 is a naphthofuran.,NaN,No,No,ChEBI,445.167887308116,DDMWYCBISCBTIJ-PCGFSOLGSA-N,NaN,NaN
1033848,2-(2-oxo-4-phenylquinazolin-1-yl)-N-(2-pyridin-2-ylethyl)acetamide,Sintético / Indefinido,C23H20N4O2,NaN,NaN,35.4,0,78.2847533119043,128,NaN,NaN,No,No,NaN,365.140403635614,NaN,NaN,NaN
1036043,"1-[2-[5-[(4-fluorophenoxy)methyl]-1,2,4-oxadiazol-3-yl]ethyl]-1-methyl-3-(4-methylphenyl)urea",Sintético / Indefinido,C20H21FN4O3,NaN,NaN,35.2,0,80.6447280479564,128,NaN,NaN,No,No,NaN,365.140403635614,NaN,NaN,NaN
1021830,"2-[3-(3-fluorophenyl)-1,2,4-oxadiazol-5-yl]-N-(3-methylphenyl)pyrrolidine-1-carboxamide",Sintético / Indefinido,C20H19FN4O2,NaN,NaN,35.2,0,80.8553235197933,128,NaN,NaN,No,No,NaN,365.140403635614,NaN,NaN,NaN
HMDB41532,Eremosulphoxinolide A,Sintético / Indefinido,C24H32O7S,C/C=C(\C)/C(=O)OC1C2=C(C(=O)OC2CC3C1(C(C(CC3)OC(=O)/C=C/S(=O)C)C)C)C,"[3,4a,5-trimethyl-6-[(E)-3-methylsulfinylprop-2-enoyl]oxy-2-oxo-4,5,6,7,8,8a,9,9a-octahydrobenzo[f][1]benzofuran-4-yl] (E)-2-methylbut-2-enoate",35.9,8.12,74.4038350056634,108,NaN,NaN,No,No,NaN,445.167887308116,VIUDBOBKMBZVGZ-DTICODAZSA-N,NaN,NaN
LMPK12050269,Pumilaisoflavone B,Sintético / Indefinido,C27H28O7,CC(=C)C1CC2=C(O1)C=C3C(=C2O)C(=O)C(=CO3)C4=CC(=C(C(=C4)OC)OC(C)(C)C=C)OC,"6-[3,5-dimethoxy-4-(2-methylbut-3-en-2-yloxy)phenyl]-4-hydroxy-2-prop-1-en-2-yl-2,3-dihydrofuro[3,2-g]chromen-5-one",34.1,0,75.9565155423712,108,Pumilaisoflavone B is a member of isoflavanones.,NaN,No,No,ChEBI,445.167887308116,XUNJCHOQUWRGCB-UHFFFAOYSA-N,NaN,NaN
1037974,"1-(3,4-dihydro-2H-quinolin-1-yl)-2-[2-(3-phenyl-1,2,4-oxadiazol-5-yl)pyrrol-1-yl]ethanone",Sintético / Indefinido,C23H20N4O2,NaN,NaN,35.4,0,78.2847533119043,128,NaN,NaN,No,No,NaN,365.140403635614,NaN,NaN,NaN
1038379,"2-(7-fluoro-4-oxopyrrolo[1,2-a]quinoxalin-5-yl)-N-[3-(2-oxopyrrolidin-1-yl)propyl]acetamide",Sintético / Indefinido,C20H21FN4O3,NaN,NaN,35.2,0,80.6447280479564,128,NaN,NaN,No,No,NaN,365.140403635614,NaN,NaN,NaN
CSID5038,"5-(4-pyridyl)-6-(4-fluorophenyl)-2,3-dihydroimidazo(2,1-b)-thiazole",Sintético / Indefinido,No,C16H12FN3S,C1CSC2=NC(=C(N21)C3=CC=NC=C3)C4=CC=C(C=C4)F,"6-(4-fluorophenyl)-5-pyridin-4-yl-2,3-dihydroimidazo[2,1-b][1,3]thiazole",35.1,0,79.0075581890599,15,NaN,NaN,Small molecule,NaN,No,No,NaN,593.141635933346,YOELZIQOLWZLQC-UHFFFAOYSA-N,NaN,NaN
CSID20121003,"2,4-Dimethyl-8,9-dinitrobenzo[h]quinoline",Sintético / Indefinido,C15H11N3O4,CC1=CC(=NC2=C1C=CC3=CC(=C(C=C32)[N+](=O)[O-])[N+](=O)[O-])C,"2,4-dimethyl-8,9-dinitrobenzo[h]quinoline",36.2,0,83.2644703073808,15,NaN,NaN,No,No,NaN,593.141635933346,MPZZLSZZAKYOBI-UHFFFAOYSA-N,NaN,NaN
1038955,1-(3-fluorophenyl)-3-[3-oxo-4-(4-propan-2-ylphenyl)pyrazin-2-yl]urea,Sintético / Indefinido,C20H19FN4O2,NaN,NaN,35.2,0,80.8553235197933,128,NaN,NaN,No,No,NaN,365.140403635614,NaN,NaN,NaN
CSID61494,Hexaphenylcyclotrisiloxane,Sintético / Indefinido,C36H30O3Si3,C1=CC=C(C=C1)[Si]2(O[Si](O[Si](O2)(C3=CC=CC=C3)C4=CC=CC=C4)(C5=CC=CC=C5)C6=CC=CC=C6)C7=CC=CC=C7,"2,2,4,4,6,6-hexakis-phenyl-1,3,5,2,4,6-trioxatrisilinane",30,0,52.7039635136531,15,NaN,NaN,No,No,NaN,593.141635933346,VCYDUTCMKSROID-UHFFFAOYSA-N,NaN,NaN
1039839,"2-(2-fluorophenyl)-1-[(3R,4R)-3-methyl-4-(3-pyridin-3-yl-1,2,4-oxadiazol-5-yl)pyrrolidin-1-yl]ethanone",Sintético / Indefinido,C20H19FN4O2,NaN,NaN,35.2,0,80.8553235197933,128,NaN,NaN,No,No,NaN,365.140403635614,NaN,NaN,NaN
1076534,1-(4-fluorophenyl)-3-[3-oxo-4-(4-propan-2-ylphenyl)pyrazin-2-yl]urea,Sintético / Indefinido,C20H19FN4O2,NaN,NaN,35.2,0,80.8553235197933,128,NaN,NaN,No,No,NaN,365.140403635614,NaN,NaN,NaN
1081222,N-(2-fluorophenyl)-4-(4-oxoquinazolin-3-yl)piperidine-1-carboxamide,Sintético / Indefinido,C20H19FN4O2,NaN,NaN,35.2,0,80.8553235197933,128,NaN,NaN,No,No,NaN,365.140403635614,NaN,NaN,NaN
1080286,"4-[5-[3-(dimethylamino)phenyl]-1,2,4-oxadiazol-3-yl]-1-(4-fluorophenyl)pyrrolidin-2-one",Sintético / Indefinido,C20H19FN4O2,NaN,NaN,35.2,0,80.8553235197933,128,NaN,NaN,No,No,NaN,365.140403635614,NaN,NaN,NaN
1076052,"3-butan-2-yl-1-[2-[5-[(4-chlorophenoxy)methyl]-1,2,4-oxadiazol-3-yl]ethyl]-1-methylurea",Sintético / Indefinido,C17H23ClN4O3,NaN,NaN,31.5,0,63.1211656998596,128,NaN,NaN,No,No,NaN,365.140403635614,NaN,NaN,NaN
1085943,4-(6-fluoro-4-oxoquinazolin-3-yl)-N-phenylpiperidine-1-carboxamide,Sintético / Indefinido,C20H19FN4O2,NaN,NaN,35.2,0,80.8553235197933,128,NaN,NaN,No,No,NaN,365.140403635614,NaN,NaN,NaN
1082683,"4-[5-[4-(dimethylamino)phenyl]-1,2,4-oxadiazol-3-yl]-1-(4-fluorophenyl)pyrrolidin-2-one",Sintético / Indefinido,C20H19FN4O2,NaN,NaN,35.2,0,80.8553235197933,128,NaN,NaN,No,No,NaN,365.140403635614,NaN,NaN,NaN
1081204,"1-(azepan-1-yl)-2-[[3-(4-fluorophenyl)-6-methyl-[1,2]oxazolo[5,4-d]pyrimidin-4-yl]oxy]ethanone",Sintético / Indefinido,C20H21FN4O3,NaN,NaN,35.2,0,80.6447280479564,128,NaN,NaN,No,No,NaN,365.140403635614,NaN,NaN,NaN
1017125,"N-(4-fluorophenyl)-2-[3-(3-methylphenyl)-1,2,4-oxadiazol-5-yl]pyrrolidine-1-carboxamide",Sintético / Indefinido,C20H19FN4O2,CC1=CC(=CC=C1)C2=NOC(=N2)C3CCCN3C(=O)NC4=CC=C(C=C4)F,"N-(4-fluorophenyl)-2-[3-(3-methylphenyl)-1,2,4-oxadiazol-5-yl]pyrrolidine-1-carboxamide",35.2,0,80.8553235197933,128,NaN,NaN,No,No,NaN,365.140403635614,GCBANWUWCHEIBU-UHFFFAOYSA-N,NaN,NaN
1009914,"N-(2-fluorophenyl)-2-[3-(3-methylphenyl)-1,2,4-oxadiazol-5-yl]pyrrolidine-1-carboxamide",Sintético / Indefinido,C20H19FN4O2,CC1=CC(=CC=C1)C2=NOC(=N2)C3CCCN3C(=O)NC4=CC=CC=C4F,"N-(2-fluorophenyl)-2-[3-(3-methylphenyl)-1,2,4-oxadiazol-5-yl]pyrrolidine-1-carboxamide",35.2,0,80.8553235197933,128,NaN,NaN,No,No,NaN,365.140403635614,UQWKEUHJAUMJPV-UHFFFAOYSA-N,NaN,NaN
1085951,4-(7-fluoro-4-oxoquinazolin-3-yl)-N-phenylpiperidine-1-carboxamide,Sintético / Indefinido,C20H19FN4O2,NaN,NaN,35.2,0,80.8553235197933,128,NaN,NaN,No,No,NaN,365.140403635614,NaN,NaN,NaN
1017149,"2-[3-(3-fluorophenyl)-1,2,4-oxadiazol-5-yl]-N-(4-methylphenyl)pyrrolidine-1-carboxamide",Sintético / Indefinido,C20H19FN4O2,CC1=CC=C(C=C1)NC(=O)N2CCCC2C3=NC(=NO3)C4=CC(=CC=C4)F,"2-[3-(3-fluorophenyl)-1,2,4-oxadiazol-5-yl]-N-(4-methylphenyl)pyrrolidine-1-carboxamide",35.2,0,80.8553235197933,128,NaN,NaN,No,No,NaN,365.140403635614,OLSIOMOXZHYUIM-UHFFFAOYSA-N,NaN,NaN
1086057,"1-[4-(3,5-dimethylphenyl)-3-oxopyrazin-2-yl]-3-(3-fluoro-4-methylphenyl)urea",Sintético / Indefinido,C20H19FN4O2,NaN,NaN,35.2,0,80.8553235197933,128,NaN,NaN,No,No,NaN,365.140403635614,NaN,NaN,NaN
1091627,"2-fluoro-N-[1-(3-pyridin-4-yl-1,2,4-oxadiazol-5-yl)cyclohexyl]benzamide",Sintético / Indefinido,C20H19FN4O2,NaN,NaN,35.2,0,80.8553235197933,128,NaN,NaN,No,No,NaN,365.140403635614,NaN,NaN,NaN
1088418,4-[2-(butan-2-ylamino)-2-oxoethyl]-N-(4-chlorophenyl)-3-oxopiperazine-1-carboxamide,Sintético / Indefinido,C17H23ClN4O3,NaN,NaN,31.5,0,63.1211656998596,128,NaN,NaN,No,No,NaN,365.140403635614,NaN,NaN,NaN
1092990,"N-cyclohexyl-2-[[3-(3-fluorophenyl)-6-methyl-[1,2]oxazolo[5,4-d]pyrimidin-4-yl]oxy]acetamide",Sintético / Indefinido,C20H21FN4O3,NaN,NaN,35.2,0,80.6447280479564,128,NaN,NaN,No,No,NaN,365.140403635614,NaN,NaN,NaN
1012324,"N-(3-fluorophenyl)-2-[3-(3-methylphenyl)-1,2,4-oxadiazol-5-yl]pyrrolidine-1-carboxamide",Sintético / Indefinido,C20H19FN4O2,CC1=CC(=CC=C1)C2=NOC(=N2)C3CCCN3C(=O)NC4=CC(=CC=C4)F,"N-(3-fluorophenyl)-2-[3-(3-methylphenyl)-1,2,4-oxadiazol-5-yl]pyrrolidine-1-carboxamide",35.2,0,80.8553235197933,128,NaN,NaN,No,No,NaN,365.140403635614,OUTPCYODHBZHGN-UHFFFAOYSA-N,NaN,NaN
1037808,"N-cyclopentyl-2-[2-(4-fluorophenyl)-3-(hydroxymethyl)-4-oxopyrazolo[1,5-a]pyrazin-5-yl]acetamide",Sintético / Indefinido,C20H21FN4O3,NaN,NaN,35.2,0,80.6447280479564,128,NaN,NaN,No,No,NaN,365.140403635614,NaN,NaN,NaN
1095188,"N-(2-fluorophenyl)-N-methyl-2-(4-oxo-6,7,8,9-tetrahydropyrimido[4,5-b]quinolin-3-yl)acetamide",Sintético / Indefinido,C20H19FN4O2,NaN,NaN,35.2,0,80.8553235197933,128,NaN,NaN,No,No,NaN,365.140403635614,NaN,NaN,NaN
1099239,"N-(2,3-dihydro-1H-inden-5-yl)-2-[2-(3-phenyl-1,2,4-oxadiazol-5-yl)pyrrol-1-yl]acetamide",Sintético / Indefinido,C23H20N4O2,NaN,NaN,35.4,0,78.2847533119043,128,NaN,NaN,No,No,NaN,365.140403635614,NaN,NaN,NaN
1099597,"N-[(4-fluorophenyl)methyl]-2,6-dimethyl-4-morpholin-4-ylfuro[2,3-d]pyrimidine-5-carboxamide",Sintético / Indefinido,C20H21FN4O3,NaN,NaN,35.2,0,80.6447280479564,128,NaN,NaN,No,No,NaN,365.140403635614,NaN,NaN,NaN
1033881,"4-[3-[4-(dimethylamino)phenyl]-1,2,4-oxadiazol-5-yl]-1-(4-fluorophenyl)pyrrolidin-2-one",Sintético / Indefinido,C20H19FN4O2,CN(C)C1=CC=C(C=C1)C2=NOC(=N2)C3CC(=O)N(C3)C4=CC=C(C=C4)F,"4-[3-[4-(dimethylamino)phenyl]-1,2,4-oxadiazol-5-yl]-1-(4-fluorophenyl)pyrrolidin-2-one",35.2,0,80.8553235197933,128,NaN,NaN,No,No,NaN,365.140403635614,POZFRXVFBVGJDO-UHFFFAOYSA-N,NaN,NaN
CSID10264395,"(6S,7S)-13,14-Dimethoxy-6,7-dimethyl-5,6,7,8-tetrahydro[1,3]benzodioxolo[5′,6′:3,4]cycloocta[1,2-f][1,3]benzodioxole",Sintético / Indefinido,C22H24O6,NaN,NaN,35.3,0,79.4950793478261,128,NaN,NaN,No,No,NaN,365.140403635614,NaN,NaN,NaN
443027,443027,Sintético / Indefinido,C22H24O6,NaN,NaN,35.3,0,79.4950793478261,128,NaN,NaN,No,No,NaN,365.140403635614,NaN,NaN,NaN
997748,"1-(3,4-dihydro-1H-isoquinolin-2-yl)-2-[2-(5-phenyl-1,3,4-oxadiazol-2-yl)pyrrol-1-yl]ethanone",Sintético / Indefinido,C23H20N4O2,NaN,NaN,35.4,0,78.2847533119043,128,NaN,NaN,No,No,NaN,365.140403635614,NaN,NaN,NaN
995511,3-[4-(3-fluorobenzoyl)piperazin-1-yl]-1-methylquinoxalin-2-one,Sintético / Indefinido,C20H19FN4O2,NaN,NaN,35.2,0,80.8553235197933,128,NaN,NaN,No,No,NaN,365.140403635614,NaN,NaN,NaN
CSID10307984,Kaerophyllin,Sintético / Indefinido,C22H24O6,NaN,NaN,35.3,0,79.4950793478261,128,NaN,NaN,No,No,NaN,365.140403635614,NaN,NaN,NaN
CSID1388515,"3-(3,4-Dimethoxyphenyl)-7-[(3-methylbut-2-en-1-yl)oxy]-4H-chromen-4-one",Sintético / Indefinido,C22H22O5,NaN,NaN,35.3,0,79.7014186903563,128,NaN,NaN,No,No,NaN,365.140403635614,NaN,NaN,NaN
CSID13077908,N-[4-(4-Biphenylylamino)-6-quinazolinyl]acrylamide,Sintético / Indefinido,C23H18N4O,NaN,NaN,35.4,0,78.4885219770034,128,NaN,NaN,No,No,NaN,365.140403635614,NaN,NaN,NaN
CSID24605070,"(3aR,4S,5R,6aS)-4-(Methoxymethyl)-2-oxohexahydro-2H-cyclopenta[b]furan-5-yl 4-biphenylcarboxylate",Sintético / Indefinido,C22H22O5,NaN,NaN,35.3,0,79.7014186903563,128,NaN,NaN,No,No,NaN,365.140403635614,NaN,NaN,NaN
1018374,propyl 3-[(2-pyridin-3-ylquinazolin-4-yl)amino]benzoate,Sintético / Indefinido,No,C23H20N4O2,CCCOC(=O)C1=CC(=CC=C1)NC2=NC(=NC3=CC=CC=C32)C4=CN=CC=C4,propyl 3-[(2-pyridin-3-ylquinazolin-4-yl)amino]benzoate,35.4,0,78.2847533119043,128,NaN,NaN,Small molecule,NaN,No,No,NaN,365.140403635614,GROCSHUQOZDEOU-UHFFFAOYSA-N,NaN,NaN
1092644,"3-tert-butyl-1-[2-[5-[(4-chlorophenoxy)methyl]-1,2,4-oxadiazol-3-yl]ethyl]-1-methylurea",Sintético / Indefinido,C17H23ClN4O3,NaN,NaN,31.5,0,63.1211656998596,128,NaN,NaN,No,No,NaN,365.140403635614,NaN,NaN,NaN
1092734,"7-(2,3-dihydroindole-1-carbonyl)-5-ethyl-2-phenylpyrazolo[4,3-c]pyridin-3-one",Sintético / Indefinido,C23H20N4O2,NaN,NaN,35.4,0,78.2847533119043,128,NaN,NaN,No,No,NaN,365.140403635614,NaN,NaN,NaN
CSID1266902,Cyclovalone,Sintético / Indefinido,C22H22O5,NaN,NaN,35.3,0,79.7014186903563,128,NaN,NaN,No,No,NaN,365.140403635614,NaN,NaN,NaN
CSID22370140,millesianin H,Sintético / Indefinido,C22H22O5,NaN,NaN,35.3,0,79.7014186903563,128,NaN,NaN,No,No,NaN,365.140403635614,NaN,NaN,NaN
CSID24604489,"(1R,6R,8S)-6,8-Bis(benzyloxy)-9-methoxy-2,4,10-trioxatricyclo[3.3.1.1~3,7~]decane",Sintético / Indefinido,C22H24O6,NaN,NaN,35.3,0,79.4950793478261,128,NaN,NaN,No,No,NaN,365.140403635614,NaN,NaN,NaN
1044510,"ethyl 1-[7-(4-fluoroanilino)-2H-triazolo[4,5-d]pyrimidin-5-yl]piperidine-3-carboxylate",Sintético / Indefinido,C18H19FN7O2,CCOC(=O)C1CCCN(C1)C2=NC3=NNN=C3C(=N2)NC4=CC=C(C=C4)F,"ethyl 1-[7-(4-fluoroanilino)-2H-triazolo[4,5-d]pyrimidin-5-yl]piperidine-3-carboxylate",36.2,0,81.7132743514771,128,NaN,NaN,No,No,NaN,365.140403635614,XJJUBFOIFBWZBV-UHFFFAOYSA-N,NaN,NaN
1041294,"N-[(4-fluorophenyl)methyl]-2-(3-phenyl-1,2,4-oxadiazol-5-yl)pyrrolidine-1-carboxamide",Sintético / Indefinido,C20H19FN4O2,C1CC(N(C1)C(=O)NCC2=CC=C(C=C2)F)C3=NC(=NO3)C4=CC=CC=C4,"N-[(4-fluorophenyl)methyl]-2-(3-phenyl-1,2,4-oxadiazol-5-yl)pyrrolidine-1-carboxamide",35.2,0,80.8553235197933,128,NaN,NaN,No,No,NaN,365.140403635614,JHLJMKSBEGJKAP-UHFFFAOYSA-N,NaN,NaN
CSID24843033,"10,13-Dimethoxy-3,3-dimethyl-7a,12a-dihydro-3H,7H-[1]benzofuro[3,2-c]pyrano[3,2-g]chromene",Sintético / Indefinido,C22H22O5,NaN,NaN,35.3,0,79.7014186903563,128,NaN,NaN,No,No,NaN,365.140403635614,NaN,NaN,NaN
CSID24842923,"5-Hydroxy-3-[4-hydroxy-2-methoxy-5-(2-methyl-3-buten-2-yl)phenyl]-7-methoxy-2,3-dihydro-4H-chromen-4-one",Sintético / Indefinido,C22H24O6,NaN,NaN,35.3,0,79.4950793478261,128,NaN,NaN,No,No,NaN,365.140403635614,NaN,NaN,NaN
CSID24843235,"8-[(1Z)-3-Hydroxy-3-methyl-1-buten-1-yl]-5,7-dimethoxy-2-phenyl-4H-chromen-4-one",Sintético / Indefinido,C22H22O5,NaN,NaN,35.3,0,79.7014186903563,128,NaN,NaN,No,No,NaN,365.140403635614,NaN,NaN,NaN
CSID24845875,"(4E)-6-{2,6-Dihydroxy-3-[(2E)-3-(4-hydroxyphenyl)-2-propenoyl]phenyl}-4-methyl-4-hexenal",Sintético / Indefinido,C22H22O5,NaN,NaN,35.3,0,79.7014186903563,128,NaN,NaN,No,No,NaN,365.140403635614,NaN,NaN,NaN
CSID24845997,"(2E)-1-(5-Hydroxy-7-methoxy-2,2-dimethyl-2H-chromen-6-yl)-3-(4-methoxyphenyl)-2-propen-1-one",Sintético / Indefinido,C22H22O5,NaN,NaN,35.3,0,79.7014186903563,128,NaN,NaN,No,No,NaN,365.140403635614,NaN,NaN,NaN
CSID24846003,"(2E)-1-(7-Hydroxy-5-methoxy-2,2-dimethyl-2H-chromen-8-yl)-3-(4-methoxyphenyl)-2-propen-1-one",Sintético / Indefinido,C22H22O5,NaN,NaN,35.3,0,79.7014186903563,128,NaN,NaN,No,No,NaN,365.140403635614,NaN,NaN,NaN
CSID24846249,"2-(1,3-Benzodioxol-5-yl)-7-methoxy-8-(3-methyl-2-buten-1-yl)-2,3-dihydro-4H-chromen-4-one",Sintético / Indefinido,C22H22O5,NaN,NaN,35.3,0,79.7014186903563,128,NaN,NaN,No,No,NaN,365.140403635614,NaN,NaN,NaN
CSID24846251,"(2S)-2-(3,4-Dimethoxyphenyl)-8,8-dimethyl-2,3-dihydro-4H,8H-pyrano[2,3-f]chromen-4-one",Sintético / Indefinido,C22H22O5,NaN,NaN,35.3,0,79.7014186903563,128,NaN,NaN,No,No,NaN,365.140403635614,NaN,NaN,NaN
CSID24846491,"2-[3,4-Dimethoxy-5-(3-methyl-2-buten-1-yl)phenyl]-5,7-dihydroxy-2,3-dihydro-4H-chromen-4-one",Sintético / Indefinido,C22H24O6,NaN,NaN,35.3,0,79.4950793478261,128,NaN,NaN,No,No,NaN,365.140403635614,NaN,NaN,NaN
CSID24845895,"(2E)-3-(3,4-Dimethoxyphenyl)-1-(5-hydroxy-2,2-dimethyl-2H-chromen-6-yl)-2-propen-1-one",Sintético / Indefinido,C22H22O5,NaN,NaN,35.3,0,79.7014186903563,128,NaN,NaN,No,No,NaN,365.140403635614,NaN,NaN,NaN
CSID28286240,"(5S,6S,7R)-4-Methoxy-5-(7-methoxy-1,3-benzodioxol-5-yl)-6,7-dimethyl-5,6,7,8-tetrahydronaphtho[2,3-d][1,3]dioxole",Sintético / Indefinido,C22H24O6,NaN,NaN,35.3,0,79.4950793478261,128,NaN,NaN,No,No,NaN,365.140403635614,NaN,NaN,NaN
CSID28282882,"(2Z,5R,9S,11S)-14-Formyl-11-isopropenyl-3-methyl-7-oxo-6,16-dioxatricyclo[11.2.1.1~5,8~]heptadeca-1(15),2,8(17),13-tetraen-9-yl acetate",Sintético / Indefinido,C22H24O6,NaN,NaN,35.3,0,79.4950793478261,128,NaN,NaN,No,No,NaN,365.140403635614,NaN,NaN,NaN
CSID28286374,"(2E,4E,6E,8E)-8-Hydroxy-8-(9-hydroxy-4-methyl-2-oxo-5,6,7,8-tetrahydro-2H-3-benzoxecin-1(4H)-ylidene)-2,4,6-octatrienoic acid",Sintético / Indefinido,C22H24O6,NaN,NaN,35.3,0,79.4950793478261,128,NaN,NaN,No,No,NaN,365.140403635614,NaN,NaN,NaN
CSID24846575,"5-Hydroxy-7-methoxy-2-{3-methoxy-4-[(3-methyl-2-buten-1-yl)oxy]phenyl}-2,3-dihydro-4H-chromen-4-one",Sintético / Indefinido,C22H24O6,NaN,NaN,35.3,0,79.4950793478261,128,NaN,NaN,No,No,NaN,365.140403635614,NaN,NaN,NaN
CSID27289229,"(3aR,5R,15aR)-5-Phenyl-4,5,13,14,15,15a-hexahydro-3aH-[1,3]dioxolo[4,5-e][2]benzoxacyclododecine-2,7(12H)-dione",Sintético / Indefinido,C22H22O5,NaN,NaN,35.3,0,79.7014186903563,128,NaN,NaN,No,No,NaN,365.140403635614,NaN,NaN,NaN
CSID28605426,6-[2-(Benzyloxy)-2-oxoethoxy]-6-oxohexyl benzoate,Sintético / Indefinido,C22H24O6,NaN,NaN,35.3,0,79.4950793478261,128,NaN,NaN,No,No,NaN,365.140403635614,NaN,NaN,NaN
CSID28288969,"9-{[(2E,5E)-7-Hydroxy-3,7-dimethyl-2,5-octadien-1-yl]oxy}-4-methoxy-7H-furo[3,2-g]chromen-7-one",Sintético / Indefinido,C22H24O6,NaN,NaN,35.3,0,79.4950793478261,128,NaN,NaN,No,No,NaN,365.140403635614,NaN,NaN,NaN
CSID30777566,"15-Hydroxy-3,16,17-trimethoxytricyclo[12.3.1.1~2,6~]nonadeca-1(18),2(19),3,5,14,16-hexaene-8,9-dione",Sintético / Indefinido,C22H24O6,NaN,NaN,35.3,0,79.4950793478261,128,NaN,NaN,No,No,NaN,365.140403635614,NaN,NaN,NaN
CSID28288303,"(1R,9R,10S)-6-Hydroxy-10-[(1E)-3-hydroxy-3-methyl-1-buten-1-yl]-16-methyl-2-oxatetracyclo[7.5.3.0~1,10~.0~3,8~]heptadeca-3,5,7,12,16-pentaene-11,14-dione",Sintético / Indefinido,C22H22O5,NaN,NaN,35.3,0,79.7014186903563,128,NaN,NaN,No,No,NaN,365.140403635614,NaN,NaN,NaN
CSID28286883,"5-Hydroxy-7-(4-methoxybenzyl)-2,2-dimethyl-7,8-dihydro-2H,6H-pyrano[3,2-g]chromen-6-one",Sintético / Indefinido,C22H22O5,NaN,NaN,35.3,0,79.7014186903563,128,NaN,NaN,No,No,NaN,365.140403635614,NaN,NaN,NaN
997926,"N-(3-fluorophenyl)-2-[3-(2-methylphenyl)-1,2,4-oxadiazol-5-yl]pyrrolidine-1-carboxamide",Sintético / Indefinido,C20H19FN4O2,CC1=CC=CC=C1C2=NOC(=N2)C3CCCN3C(=O)NC4=CC(=CC=C4)F,"N-(3-fluorophenyl)-2-[3-(2-methylphenyl)-1,2,4-oxadiazol-5-yl]pyrrolidine-1-carboxamide",35.2,0,80.8553235197933,128,NaN,NaN,No,No,NaN,365.140403635614,SFVMRKHREZPKNL-UHFFFAOYSA-N,NaN,NaN
CSID28288556,"8,10-Dihydroxy-3-isopropenyl-1-methyl-4a-(3-methyl-2-buten-1-yl)-4,4a-dihydro-11H-pyrano[4,3-c][1]benzoxepine-5,11(3H)-dione",Sintético / Indefinido,C22H24O6,NaN,NaN,35.3,0,79.4950793478261,128,NaN,NaN,No,No,NaN,365.140403635614,NaN,NaN,NaN
CSID28605429,2-{[6-(Benzyloxy)-6-oxohexyl]oxy}-2-oxoethyl benzoate,Sintético / Indefinido,C22H24O6,NaN,NaN,35.3,0,79.4950793478261,128,NaN,NaN,No,No,NaN,365.140403635614,NaN,NaN,NaN
CSID30777357,"(2E,7Z)-1-(4-Hydroxy-3-methoxyphenyl)-9-(4-hydroxyphenyl)-2,7-nonadiene-4,6-dione",Sintético / Indefinido,C22H22O5,NaN,NaN,35.3,0,79.7014186903563,128,NaN,NaN,No,No,NaN,365.140403635614,NaN,NaN,NaN
CSID10888,Cyclovalone,Sintético / Indefinido,C22H22O5,COC1=C(C=CC(=C1)C=C2CCCC(=CC3=CC(=C(C=C3)O)OC)C2=O)O,"2,6-bis[(4-hydroxy-3-methoxyphenyl)methylidene]cyclohexan-1-one",35.3,0,79.7014186903563,128,NaN,NaN,No,No,NaN,365.140403635614,DHKKONBXGAAFTB-UHFFFAOYSA-N,NaN,NaN
CSID35015104,"3-[2,4-Dihydroxy-3-(3-methyl-2-buten-1-yl)phenyl]-7-hydroxy-5-methoxy-8-chromanecarbaldehyde",Sintético / Indefinido,C22H24O6,NaN,NaN,35.3,0,79.4950793478261,128,NaN,NaN,No,No,NaN,365.140403635614,NaN,NaN,NaN
CSID35013927,"7-Hydroxy-2-[6-hydroxy-2,4-dimethoxy-3-(3-methyl-2-buten-1-yl)phenyl]-2,3-dihydro-4H-chromen-4-one",Sintético / Indefinido,C22H24O6,NaN,NaN,35.3,0,79.4950793478261,128,NaN,NaN,No,No,NaN,365.140403635614,NaN,NaN,NaN
CSID106425,wuweizisu C,Produto Natural,Yes,C22H24O6,C[C@@H]1CC2=CC3=C(C(=C2C4=C(C5=C(C=C4C[C@@H]1C)OCO5)OC)OC)OCO3,"(12R,13S)-3,22-dimethoxy-12,13-dimethyl-5,7,18,20-tetraoxapentacyclo[13.7.0.02,10.04,8.017,21]docosa-1(22),2,4(8),9,15,17(21)-hexaene",35.3,0,79.4950793478261,128,NaN,NaN,Small molecule,NaN,No,No,NaN,365.140403635614,HTBWBWWADZJXID-TXEJJXNPSA-N,NaN,NaN
CSID35015034,"5,5′-[(2-Ethoxytetrahydrofuran-3,4-diyl)bis(methylene)]bis(1,3-benzodioxole)",Sintético / Indefinido,C22H24O6,NaN,NaN,35.3,0,79.4950793478261,128,NaN,NaN,No,No,NaN,365.140403635614,NaN,NaN,NaN
CSID35036470,"1-[(6aR,12aR)-2,4,9-Trihydroxy-3,6a,8-trimethyl-12,12a-dihydro-5H,6aH-isochromeno[3,4-b]chromen-11-yl]acetone",Sintético / Indefinido,C22H24O6,NaN,NaN,35.3,0,79.4950793478261,128,NaN,NaN,No,No,NaN,365.140403635614,NaN,NaN,NaN
CSID10305989,trans-Tephrostachin,Sintético / Indefinido,C22H22O5,CC(C)(/C=C/C1=C2C(=C(C=C1OC)OC)C(=O)C=C(O2)C3=CC=CC=C3)O,"8-[(E)-3-hydroxy-3-methylbut-1-enyl]-5,7-dimethoxy-2-phenylchromen-4-one",35.3,0,79.7014186903563,128,NaN,NaN,No,No,NaN,365.140403635614,CYPXFTCVCNFZNY-ZHACJKMWSA-N,NaN,NaN
CSID67028677,"N-{(Z)-Amino[2-(4-methylphenyl)-7-oxo-6,7-dihydro-8(5H)-quinazolinylidene]methyl}benzamide",Sintético / Indefinido,C23H20N4O2,NaN,NaN,35.4,0,78.2847533119043,128,NaN,NaN,No,No,NaN,365.140403635614,NaN,NaN,NaN
CSID67490828,"(2E)-1-(5,7-Dihydroxy-2,2,6-trimethyl-2H-chromen-8-yl)-3-(4-methoxyphenyl)-2-propen-1-one",Sintético / Indefinido,C22H22O5,NaN,NaN,35.3,0,79.7014186903563,128,NaN,NaN,No,No,NaN,365.140403635614,NaN,NaN,NaN
CSID67170312,"8-({5-[3-(1H-Indol-3-yl)propyl]-1,3,4-oxadiazol-2-yl}methoxy)quinoline",Sintético / Indefinido,C23H20N4O2,NaN,NaN,35.4,0,78.2847533119043,128,NaN,NaN,No,No,NaN,365.140403635614,NaN,NaN,NaN
CSID67496065,1-(2-Porphyrinyl)acetone,Sintético / Indefinido,C23H18N4O,NaN,NaN,35.4,0,78.4885219770034,128,NaN,NaN,No,No,NaN,365.140403635614,NaN,NaN,NaN
CSID67035653,"(1R,2R,3S,4R,5R)-2,3-Bis(benzyloxy)-6,8-dioxabicyclo[3.2.1]oct-4-yl acetate (non-preferred name)",Sintético / Indefinido,C22H24O6,NaN,NaN,35.3,0,79.4950793478261,128,NaN,NaN,No,No,NaN,365.140403635614,NaN,NaN,NaN
CSID67492524,"5-Isopropyl-2,3-porphyrindiol",Sintético / Indefinido,C23H20N4O2,NaN,NaN,35.4,0,78.2847533119043,128,NaN,NaN,No,No,NaN,365.140403635614,NaN,NaN,NaN
CSID9265437,"Methyl 2-deoxy-3,5-bis-O-(4-methylbenzoyl)-D-erythro-pentofuranoside",Sintético / Indefinido,C22H24O6,NaN,NaN,35.3,0,79.4950793478261,128,NaN,NaN,No,No,NaN,365.140403635614,NaN,NaN,NaN
CSID67490681,N-Ethyl-2-{[4-(4-nitrophenyl)-1-piperazinyl]acetyl}hydrazinecarbothioamide,Sintético / Indefinido,C15H22N6O3S,NaN,NaN,35.9,0,80.1819943009407,128,NaN,NaN,No,No,NaN,365.140403635614,NaN,NaN,NaN
CSID391328,Schisandrin C,Produto Natural,Yes,C22H24O6,C[C@@H]1CC2=CC3=C(C(=C2C4=C(C5=C(C=C4C[C@@H]1C)OCO5)OC)OC)OCO3,"(12R,13S)-3,22-dimethoxy-12,13-dimethyl-5,7,18,20-tetraoxapentacyclo[13.7.0.02,10.04,8.017,21]docosa-1(22),2,4(8),9,15,17(21)-hexaene",35.3,0,79.4950793478261,128,NaN,NaN,Small molecule,NaN,No,No,NaN,365.140403635614,HTBWBWWADZJXID-TXEJJXNPSA-N,NaN,NaN
CSID65326778,"1-(2,4,9-Trihydroxy-3,6a,8-trimethyl-12,12a-dihydro-5H,6aH-isochromeno[3,4-b]chromen-11-yl)acetone",Sintético / Indefinido,C22H24O6,NaN,NaN,35.3,0,79.4950793478261,128,NaN,NaN,No,No,NaN,365.140403635614,NaN,NaN,NaN
CSID67174918,"11-(4-Ethoxyphenyl)-8,10-dimethyl-6,8-dihydro-5H-benzo[f]pyrazolo[3,4-b][1,8]naphthyridin-5-one",Sintético / Indefinido,C23H20N4O2,NaN,NaN,35.4,0,78.2847533119043,128,NaN,NaN,No,No,NaN,365.140403635614,NaN,NaN,NaN
CSID8265843,"(2Z)-1-(5,7-Dimethoxy-2,2-dimethyl-2H-chromen-6-yl)-3-hydroxy-3-phenyl-2-propen-1-one",Sintético / Indefinido,C22H22O5,NaN,NaN,35.3,0,79.7014186903563,128,NaN,NaN,No,No,NaN,365.140403635614,NaN,NaN,NaN
CSID9763442,8-Methoxy-3-(4-methoxyphenyl)-7-[(3-methyl-2-buten-1-yl)oxy]-4H-chromen-4-one,Sintético / Indefinido,C22H22O5,NaN,NaN,35.3,0,79.7014186903563,128,NaN,NaN,No,No,NaN,365.140403635614,NaN,NaN,NaN
CSID9500999,"5-Methoxy-2-(4-methoxyphenyl)-8,8-dimethyl-2,3-dihydro-4H,8H-pyrano[2,3-f]chromen-4-one",Sintético / Indefinido,C22H22O5,NaN,NaN,35.3,0,79.7014186903563,128,NaN,NaN,No,No,NaN,365.140403635614,NaN,NaN,NaN
CSID67156678,"(2Z,3Z)-2,3-Bis(4-hydroxy-3-methoxybenzylidene)cyclohexanone",Sintético / Indefinido,C22H22O5,NaN,NaN,35.3,0,79.7014186903563,128,NaN,NaN,No,No,NaN,365.140403635614,NaN,NaN,NaN
CSID9903430,Xanthanthusin K,Sintético / Indefinido,C22H24O6,NaN,NaN,35.3,0,79.4950793478261,128,NaN,NaN,No,No,NaN,365.140403635614,NaN,NaN,NaN
CSID9901115,4-[4-Fluoro-3-(1-piperazinylcarbonyl)benzyl]-1(2H)-phthalazinone,Sintético / Indefinido,C20H19FN4O2,NaN,NaN,35.2,0,80.8553235197933,128,NaN,NaN,No,No,NaN,365.140403635614,NaN,NaN,NaN
CSID67496191,"1-[(E)-Benzylideneamino]-4-(4-isopropylphenyl)-2-oxo-1,2-dihydro-3,5-pyridinedicarbonitrile",Sintético / Indefinido,C23H18N4O,NaN,NaN,35.4,0,78.4885219770034,128,NaN,NaN,No,No,NaN,365.140403635614,NaN,NaN,NaN
CSID74851797,"(2E)-1-(4-Hydroxy-3-methoxyphenyl)-3-(5-methoxy-2,2-dimethyl-2H-chromen-6-yl)-2-propen-1-one",Sintético / Indefinido,C22H22O5,NaN,NaN,35.3,0,79.7014186903563,128,NaN,NaN,No,No,NaN,365.140403635614,NaN,NaN,NaN
CSID24846555,"(2S)-5-Methoxy-2-(4-methoxyphenyl)-8,8-dimethyl-2,3-dihydro-4H,8H-pyrano[2,3-f]chromen-4-one",Metabólito (Não-humano / Geral),C22H22O5,CC1(C=CC2=C3C(=C(C=C2O1)OC)C(=O)C[C@H](O3)C4=CC=C(C=C4)OC)C,"(2S)-5-methoxy-2-(4-methoxyphenyl)-8,8-dimethyl-2,3-dihydropyrano[2,3-h]chromen-4-one",35.3,0,79.7014186903563,128,"Glyflavanone A is an extended flavonoid that is 2,3-dihydro-4H,8H-pyrano[2,3-f]chromen-4-one which is substituted by a p-methoxyphenyl group at the 2-pro-S position, a methoxy group at position 5, and two methyl groups at position 8. It has a role as a plant metabolite. It is a polyketide, an organic heterotricyclic compound, a member of flavanones, an aromatic ether, an extended flavonoid and an aromatic ketone.",NaN,No,No,ChEBI,365.140403635614,BIVJHZMNOBBBLR-KRWDZBQOSA-N,NaN,NaN
HMDB40446,Benzyl acetoacetate,Sintético / Indefinido,C22H24O6,NaN,NaN,35.3,0,79.4950793478261,128,NaN,NaN,No,No,NaN,365.140403635614,NaN,NaN,NaN
HMDB41417,12-Dehydroporson,Sintético / Indefinido,C22H24O6,NaN,NaN,35.3,0,79.4950793478261,128,NaN,NaN,No,No,NaN,365.140403635614,NaN,NaN,NaN
CSID32033935,flavipesin A,Sintético / Indefinido,C22H22O5,CCCOC(=O)[C@]1(C(=C(C(=O)O1)O)C2=CC=CC=C2)CC3=CC=CC=C3,propyl (2R)-2-benzyl-4-hydroxy-5-oxo-3-phenylfuran-2-carboxylate,35.3,0,79.7014186903563,128,NaN,NaN,No,No,NaN,365.140403635614,BIABXOXBQYCKHQ-OAQYLSRUSA-N,NaN,NaN
CSID67496299,(5E)-1-(1H-Benzimidazol-2-yl)-5-benzylidene-2-phenyl-4-imidazolidinone,Sintético / Indefinido,C23H18N4O,NaN,NaN,35.4,0,78.4885219770034,128,NaN,NaN,No,No,NaN,365.140403635614,NaN,NaN,NaN
CSID3868537,"Dimethyl 2-benzoyl-2-ethyl-3-phenylcyclopropane-1,1-dicarboxylate",Sintético / Indefinido,C22H22O5,CCC1(C(C1(C(=O)OC)C(=O)OC)C2=CC=CC=C2)C(=O)C3=CC=CC=C3,"dimethyl 2-benzoyl-2-ethyl-3-phenylcyclopropane-1,1-dicarboxylate",35.3,0,79.7014186903563,128,NaN,NaN,No,No,NaN,365.140403635614,BCRUWMIPXZQEIT-UHFFFAOYSA-N,NaN,NaN
LMPK12120302,Glychalcone A,Sintético / Indefinido,C22H22O5,NaN,NaN,35.3,0,79.7014186903563,128,NaN,NaN,No,No,NaN,365.140403635614,NaN,NaN,NaN
CSID421851,Antiarone F,Produto Natural,Yes,C22H24O6,CC(=CCC1=C(C=CC(=C1OC)OC)C2CC(=O)C3=C(C=C(C=C3O2)O)O)C,"2-[3,4-dimethoxy-2-(3-methylbut-2-enyl)phenyl]-5,7-dihydroxy-2,3-dihydrochromen-4-one",35.3,0,79.4950793478261,128,NaN,NaN,Small molecule,NaN,No,No,NaN,365.140403635614,AUNLUWJOQFJDDA-UHFFFAOYSA-N,NaN,NaN
LMPK12110168,trans-Tephrostachin,Sintético / Indefinido,C22H22O5,CC(C)(/C=C/C1=C2C(=C(C=C1OC)OC)C(=O)C=C(O2)C3=CC=CC=C3)O,"8-[(E)-3-hydroxy-3-methylbut-1-enyl]-5,7-dimethoxy-2-phenylchromen-4-one",35.3,0,79.7014186903563,128,NaN,NaN,No,No,NaN,365.140403635614,CYPXFTCVCNFZNY-ZHACJKMWSA-N,NaN,NaN
LMPK12140074,Ponganone III,Sintético / Indefinido,C22H22O5,NaN,NaN,35.3,0,79.7014186903563,128,NaN,NaN,No,No,NaN,365.140403635614,NaN,NaN,NaN
LMPK12120310,"6'',6''-Dimethylpyrano[2'',3'':6',5']-2'-hydroxy-4,4'-dimethoxychalcone",Sintético / Indefinido,C22H22O5,NaN,NaN,35.3,0,79.7014186903563,128,NaN,NaN,No,No,NaN,365.140403635614,NaN,NaN,NaN
LMPK12120390,Praecansone B,Sintético / Indefinido,C22H22O5,NaN,NaN,35.3,0,79.7014186903563,128,NaN,NaN,No,No,NaN,365.140403635614,NaN,NaN,NaN
LMPK12140071,O-Methylovaliflavanone C,Sintético / Indefinido,C22H22O5,NaN,NaN,35.3,0,79.7014186903563,128,NaN,NaN,No,No,NaN,365.140403635614,NaN,NaN,NaN
1052186,"N-(1-methyl-2-oxo-3H-indol-5-yl)-1,2-oxazole-5-carboxamide",Sintético / Indefinido,C13H11N3O3,NaN,NaN,35.9,0,85.276870284061,49,NaN,NaN,No,No,NaN,513.1553694716,NaN,NaN,NaN
CSID10229341,"(1aR,3S,3aR,6R,6aR,7S,7aS,8R,9R,10S,11R,11aS,12R,12aS)-3-Chloro-6a,12-dihydroxy-6,8,11a-trimethyl-2-methylene-5-oxohexadecahydro-10,11-epoxybenzo[4,5]oxireno[7,8]cyclodeca[1,2-b]furan-7,9-diyl diacetate",Sintético / Indefinido,C24H31ClO10,NaN,NaN,30.4,0,56.9388802892574,49,NaN,NaN,No,No,NaN,513.1553694716,NaN,NaN,NaN
HMDB35427,Glicoisoflavanone,Sintético / Indefinido,C22H24O6,CC(=CCC1=C(C=C(C(=C1OC)[C@@H]2COC3=C(C2=O)C=CC(=C3)O)O)OC)C,"(3R)-7-hydroxy-3-[6-hydroxy-2,4-dimethoxy-3-(3-methylbut-2-enyl)phenyl]-2,3-dihydrochromen-4-one",35.3,0,79.4950793478261,128,NaN,NaN,No,No,NaN,365.140403635614,XASPXQLTENPECQ-INIZCTEOSA-N,NaN,NaN
HMDB39610,Curcumin II,Produto Natural,Yes,C22H22O5,COC1=C(C=CC(=C1)/C=C/C(=O)CC(=O)/C=C/C2=CC=C(C=C2)O)O,"(1E,6E)-1-(4-hydroxy-3-methoxyphenyl)-7-(4-hydroxyphenyl)hepta-1,6-diene-3,5-dione",35.3,0,79.7014186903563,128,"Demethoxycurcumin is a beta-diketone that is curcumin in which one of the methoxy groups is replaced by hydrogen. It is found in Curcuma zedoaria and Etlingera elatior. It has a role as a metabolite, an antineoplastic agent and an anti-inflammatory agent. It is a polyphenol, an enone, a beta-diketone and a diarylheptanoid.",NaN,Small molecule,NaN,No,No,ChEBI,365.140403635614,HJTVQHVGMGKONQ-LUZURFALSA-N,NaN,NaN
43853,MECLOFENOXATE,Sintético / Indefinido,C12H16ClNO3,NaN,NaN,32.6,0,65.773830860438,49,NaN,NaN,No,No,NaN,513.1553694716,NaN,NaN,NaN
LMPK12140556,Glyflavanone A,Sintético / Indefinido,C22H22O5,CC1(C=CC2=C3C(=C(C=C2O1)OC)C(=O)C[C@H](O3)C4=CC=C(C=C4)OC)C,"(2S)-5-methoxy-2-(4-methoxyphenyl)-8,8-dimethyl-2,3-dihydropyrano[2,3-h]chromen-4-one",35.3,0,79.7014186903563,128,NaN,NaN,No,No,NaN,365.140403635614,BIVJHZMNOBBBLR-KRWDZBQOSA-N,NaN,NaN
CSID10484185,"4-Hydroxy-1-methyl-3-(5-oxo-4,5-dihydro-1H-pyrazol-3-yl)-2(1H)-quinolinone",Sintético / Indefinido,C13H11N3O3,NaN,NaN,35.9,0,85.276870284061,49,NaN,NaN,No,No,NaN,513.1553694716,NaN,NaN,NaN
CSID10306376,Brackenin,Sintético / Indefinido,C30H26O8,NaN,NaN,34.1,0,70.8174400125584,49,NaN,NaN,No,No,NaN,513.1553694716,NaN,NaN,NaN
CSID12277848,4-Nitro-2-[(E)-(phenylhydrazono)methyl]phenol,Sintético / Indefinido,C13H11N3O3,NaN,NaN,35.9,0,85.276870284061,49,NaN,NaN,No,No,NaN,513.1553694716,NaN,NaN,NaN
CSID12521278,4-Hydroxybenzaldehyde (4-nitrophenyl)hydrazone,Sintético / Indefinido,C13H11N3O3,NaN,NaN,35.9,0,85.276870284061,49,NaN,NaN,No,No,NaN,513.1553694716,NaN,NaN,NaN
HMDB40809,"5,7-Dihydroxy-3',4'-dimethoxy-5'-prenylflavanone",Sintético / Indefinido,C22H24O6,CC(=CCC1=C(C(=CC(=C1)C2CC(=O)C3=C(C=C(C=C3O2)O)O)OC)OC)C,"2-[3,4-dimethoxy-5-(3-methylbut-2-enyl)phenyl]-5,7-dihydroxy-2,3-dihydrochromen-4-one",35.3,0,79.4950793478261,128,"5,7-Dihydroxy-3',4'-dimethoxy-5'-prenylflavanone is a member of flavanones.",NaN,No,No,ChEBI,365.140403635614,LMJYCCOYYJEVOW-UHFFFAOYSA-N,NaN,NaN
HMDB40834,O-Ethylcubebin,Sintético / Indefinido,C22H24O6,CCOC1C(C(CO1)CC2=CC3=C(C=C2)OCO3)CC4=CC5=C(C=C4)OCO5,"5-[[4-(1,3-benzodioxol-5-ylmethyl)-2-ethoxyoxolan-3-yl]methyl]-1,3-benzodioxole",35.3,0,79.4950793478261,128,NaN,NaN,No,No,NaN,365.140403635614,DPOGOONVHHNDDP-UHFFFAOYSA-N,NaN,NaN
LMPK12050487,Echinoisosophoranone,Sintético / Indefinido,C22H24O6,CC(C)(C=C)C1=C(C=C(C(=C1)C2COC3=CC(=CC(=C3C2=O)O)OC)OC)O,"5-hydroxy-3-[4-hydroxy-2-methoxy-5-(2-methylbut-3-en-2-yl)phenyl]-7-methoxy-2,3-dihydrochromen-4-one",35.3,0,79.4950793478261,128,NaN,NaN,No,No,NaN,365.140403635614,IVDADZLYWFNWFZ-UHFFFAOYSA-N,NaN,NaN
CSID21159437,5-[(4-Aminophenyl)diazenyl]-2-hydroxybenzoic acid,Sintético / Indefinido,C13H11N3O3,NaN,NaN,35.9,0,85.276870284061,49,NaN,NaN,No,No,NaN,513.1553694716,NaN,NaN,NaN
HMDB41100,Kanzonol N,Sintético / Indefinido,C22H24O6,CC(=CCC1=C(C=CC(=C1O)C2CC3=C(C=C(C(=C3OC2)C=O)O)OC)O)C,"3-[2,4-dihydroxy-3-(3-methylbut-2-enyl)phenyl]-7-hydroxy-5-methoxy-3,4-dihydro-2H-chromene-8-carbaldehyde",35.3,0,79.4950793478261,128,NaN,NaN,No,No,NaN,365.140403635614,ANRYVYXUTFJPOR-UHFFFAOYSA-N,NaN,NaN
LMPK12120056,Xanthoangelol C,Sintético / Indefinido,C22H22O5,C/C(=C\CC1=C(C=CC(=C1O)C(=O)/C=C/C2=CC=C(C=C2)O)O)/CCC=O,"(E)-6-[2,6-dihydroxy-3-[(E)-3-(4-hydroxyphenyl)prop-2-enoyl]phenyl]-4-methylhex-4-enal",35.3,0,79.7014186903563,128,NaN,NaN,No,No,NaN,365.140403635614,SXDGLCCGJJGJRY-FEUCYYSJSA-N,NaN,NaN
LMPK12070101,Edulenane,Sintético / Indefinido,C22H22O5,CC1(C=CC2=C(C3=C(C=C2O1)OCC4C3OC5=C4C=CC(=C5)OC)OC)C,"6,21-dimethoxy-17,17-dimethyl-3,12,16-trioxapentacyclo[11.8.0.02,10.04,9.015,20]henicosa-1(13),4(9),5,7,14,18,20-heptaene",35.3,0,79.7014186903563,128,NaN,NaN,No,No,NaN,365.140403635614,NURXAZUGLCCIRI-UHFFFAOYSA-N,NaN,NaN
LMPK12050051,"7-Prenyloxy-3',4'-dimethoxyisoflavone",Produto Natural,Yes,C22H22O5,CC(=CCOC1=CC2=C(C=C1)C(=O)C(=CO2)C3=CC(=C(C=C3)OC)OC)C,"3-(3,4-dimethoxyphenyl)-7-(3-methylbut-2-enoxy)chromen-4-one",35.3,0,79.7014186903563,128,NaN,NaN,Small molecule,NaN,No,No,NaN,365.140403635614,HSZOZDPOYZAYTH-UHFFFAOYSA-N,NaN,NaN
LMPK12110167,cis-Tephrostachin,Sintético / Indefinido,C22H22O5,CC(C)(/C=C\C1=C2C(=C(C=C1OC)OC)C(=O)C=C(O2)C3=CC=CC=C3)O,"8-[(Z)-3-hydroxy-3-methylbut-1-enyl]-5,7-dimethoxy-2-phenylchromen-4-one",35.3,0,79.7014186903563,128,NaN,NaN,No,No,NaN,365.140403635614,CYPXFTCVCNFZNY-KHPPLWFESA-N,NaN,NaN
CSID25026157,"N′-[(E)-(2,4-Dihydroxyphenyl)methylene]isonicotinohydrazide",Sintético / Indefinido,C13H11N3O3,NaN,NaN,35.9,0,85.276870284061,49,NaN,NaN,No,No,NaN,513.1553694716,NaN,NaN,NaN
CSID267644,1-(3-Nitrophenyl)-3-phenylurea,Sintético / Indefinido,C13H11N3O3,NaN,NaN,35.9,0,85.276870284061,49,NaN,NaN,No,No,NaN,513.1553694716,NaN,NaN,NaN
CSID2752760,N-Hydroxy-4-nitro-N′-phenylbenzenecarboximidamide,Sintético / Indefinido,C13H11N3O3,NaN,NaN,35.9,0,85.276870284061,49,NaN,NaN,No,No,NaN,513.1553694716,NaN,NaN,NaN
CSID3444562,N-(4-Aminophenyl)-4-nitrobenzamide,Sintético / Indefinido,C13H11N3O3,NaN,NaN,35.9,0,85.276870284061,49,NaN,NaN,No,No,NaN,513.1553694716,NaN,NaN,NaN
LMPK12120110,"3,4-Dimethoxylonchocarpin",Produto Natural,Yes,C22H22O5,CC1(C=CC2=C(O1)C=CC(=C2O)C(=O)/C=C/C3=CC(=C(C=C3)OC)OC)C,"(E)-3-(3,4-dimethoxyphenyl)-1-(5-hydroxy-2,2-dimethylchromen-6-yl)prop-2-en-1-one",35.3,0,79.7014186903563,128,NaN,NaN,Small molecule,NaN,No,No,NaN,365.140403635614,NPDBZFZFFJSOFA-VMPITWQZSA-N,NaN,NaN
CSID28282735,"10-(3-Acetyl-2,4,6-trihydroxy-5-methylbenzyl)-5-hydroxy-8-(4-hydroxyphenyl)-2,2-dimethyl-7,8-dihydro-2H,6H-pyrano[3,2-g]chromen-6-one",Sintético / Indefinido,C30H28O9,NaN,NaN,34.1,0,70.6304083179947,49,NaN,NaN,No,No,NaN,513.1553694716,NaN,NaN,NaN
LMPK12140453,"5,7-Dihydroxy-3',4'-dimethoxy-5'-prenylflavanone",Sintético / Indefinido,C22H24O6,CC(=CCC1=C(C(=CC(=C1)C2CC(=O)C3=C(C=C(C=C3O2)O)O)OC)OC)C,"2-[3,4-dimethoxy-5-(3-methylbut-2-enyl)phenyl]-5,7-dihydroxy-2,3-dihydrochromen-4-one",35.3,0,79.4950793478261,128,"5,7-Dihydroxy-3',4'-dimethoxy-5'-prenylflavanone is a member of flavanones.",NaN,No,No,ChEBI,365.140403635614,LMJYCCOYYJEVOW-UHFFFAOYSA-N,NaN,NaN
LMPK12140584,"Eriodictyol 7,3'-dimethyl ether 4'-prenyl ether",Sintético / Indefinido,C22H24O6,CC(=CCOC1=C(C=C(C=C1)C2CC(=O)C3=C(C=C(C=C3O2)OC)O)OC)C,"5-hydroxy-7-methoxy-2-[3-methoxy-4-(3-methylbut-2-enoxy)phenyl]-2,3-dihydrochromen-4-one",35.3,0,79.4950793478261,128,NaN,NaN,No,No,NaN,365.140403635614,QWIIYBSNKMRSLQ-UHFFFAOYSA-N,NaN,NaN
CSID4476936,"(2E)-1-[6-(3-Acetyl-2,4,6-trihydroxy-5-methylbenzyl)-5,7-dihydroxy-2,2-dimethyl-2H-chromen-8-yl]-3-(4-hydroxyphenyl)-2-propen-1-one",Sintético / Indefinido,C30H28O9,NaN,NaN,34.1,0,70.6304083179947,49,NaN,NaN,No,No,NaN,513.1553694716,NaN,NaN,NaN
CSID5672158,3-{[4-(Hydroxymethyl)phenoxy]methyl}benzoate,Sintético / Indefinido,C15H13O4-,NaN,NaN,36.3,0,84.1594764292243,49,NaN,NaN,No,No,NaN,513.1553694716,NaN,NaN,NaN
CSID67025789,2-(3-Formyl-2-hydroxyphenyl)isonicotinohydrazide,Sintético / Indefinido,C13H11N3O3,NaN,NaN,35.9,0,85.276870284061,49,NaN,NaN,No,No,NaN,513.1553694716,NaN,NaN,NaN
1098089,"5-ethyl-4-oxopyrazolo[1,5-a]quinoxaline-7-carboxylic acid",Sintético / Indefinido,C13H11N3O3,CCN1C2=C(C=CC(=C2)C(=O)O)N3C(=CC=N3)C1=O,"5-ethyl-4-oxopyrazolo[1,5-a]quinoxaline-7-carboxylic acid",35.9,0,85.276870284061,49,NaN,NaN,No,No,NaN,513.1553694716,UYJGUWSEUAZEDP-UHFFFAOYSA-N,NaN,NaN
CSID66738090,(E)-N-(6-Methoxy-3-pyridinyl)-1-(4-nitrophenyl)methanimine,Sintético / Indefinido,C13H11N3O3,NaN,NaN,35.9,0,85.276870284061,49,NaN,NaN,No,No,NaN,513.1553694716,NaN,NaN,NaN
CSID67025832,"5-(1H-Indol-3-ylmethyl)-2,4,6(1H,3H,5H)-pyrimidinetrione",Sintético / Indefinido,C13H11N3O3,NaN,NaN,35.9,0,85.276870284061,49,NaN,NaN,No,No,NaN,513.1553694716,NaN,NaN,NaN
CSID67026882,2-{[(E)-(4-Aminophenyl)diazenyl]oxy}benzoic acid,Sintético / Indefinido,C13H11N3O3,NaN,NaN,35.9,0,85.276870284061,49,NaN,NaN,No,No,NaN,513.1553694716,NaN,NaN,NaN
CSID67025355,2-[(1E)-3-Hydroxy-3-phenyl-1-triazen-1-yl]benzoic acid,Sintético / Indefinido,C13H11N3O3,NaN,NaN,35.9,0,85.276870284061,49,NaN,NaN,No,No,NaN,513.1553694716,NaN,NaN,NaN
CSID67025127,1-(3-Nitrophenyl)-1-phenylurea,Sintético / Indefinido,C13H11N3O3,NaN,NaN,35.9,0,85.276870284061,49,NaN,NaN,No,No,NaN,513.1553694716,NaN,NaN,NaN
CSID67155131,"4-(1H-Indol-2-ylcarbonyl)-2,6-piperazinedione",Sintético / Indefinido,C13H11N3O3,NaN,NaN,35.9,0,85.276870284061,49,NaN,NaN,No,No,NaN,513.1553694716,NaN,NaN,NaN
CSID67026158,2-[(2Z)-3-Oxido-3-phenyl-3λ~5~-2-triazen-1-yl]benzoic acid,Sintético / Indefinido,C13H11N3O3,NaN,NaN,35.9,0,85.276870284061,49,NaN,NaN,No,No,NaN,513.1553694716,NaN,NaN,NaN
CSID67159977,"2-(3-Ethoxy[1,2]oxazolo[3,4-d]pyrimidin-6-yl)phenol",Sintético / Indefinido,C13H11N3O3,NaN,NaN,35.9,0,85.276870284061,49,NaN,NaN,No,No,NaN,513.1553694716,NaN,NaN,NaN
CSID67171611,"1-(2-Cyanoethyl)-4-hydroxy-2-oxo-1,2-dihydro-3-quinolinecarboxamide",Sintético / Indefinido,C13H11N3O3,NaN,NaN,35.9,0,85.276870284061,49,NaN,NaN,No,No,NaN,513.1553694716,NaN,NaN,NaN
CSID67159436,2-(4-Chlorophenoxy)-4-(dimethylamino)butanoic acid,Sintético / Indefinido,C12H16ClNO3,NaN,NaN,32.6,0,65.773830860438,49,NaN,NaN,No,No,NaN,513.1553694716,NaN,NaN,NaN
CSID67161824,2-(Azidomethyl)-5-(benzyloxy)-4H-pyran-4-one,Sintético / Indefinido,C13H11N3O3,NaN,NaN,35.9,0,85.276870284061,49,NaN,NaN,No,No,NaN,513.1553694716,NaN,NaN,NaN
CSID12625860,2-Hydroxy-5-methyl-4′-nitroazobenzene,Sintético / Indefinido,C13H11N3O3,CC1=CC(=C(C=C1)O)N=NC2=CC=C(C=C2)[N+](=O)[O-],4-methyl-2-[(4-nitrophenyl)diazenyl]phenol,35.9,0,85.276870284061,49,NaN,NaN,No,No,NaN,513.1553694716,MRVCDXLZJHUNGI-UHFFFAOYSA-N,NaN,NaN
CSID10772339,2-((o-Nitrophenyl)azo)-p-cresol,Sintético / Indefinido,C13H11N3O3,CC1=CC(=C(C=C1)O)N=NC2=CC=CC=C2[N+](=O)[O-],4-methyl-2-[(2-nitrophenyl)diazenyl]phenol,35.9,0,85.276870284061,49,NaN,NaN,No,No,NaN,513.1553694716,DRPPFIRCBMBJCM-UHFFFAOYSA-N,NaN,NaN
CSID67490951,1-[Bis(2-methyl-2-propanyl)phosphino]-1′-(diphenylphosphino)ferrocene,Sintético / Indefinido,C30H36FeP2,NaN,NaN,19.8,0,2.59998177858067,49,NaN,NaN,No,No,NaN,513.1553694716,NaN,NaN,NaN
CSID67491025,"N′-[(E)-(2,6-Dihydroxyphenyl)methylene]nicotinohydrazide",Sintético / Indefinido,C13H11N3O3,NaN,NaN,35.9,0,85.276870284061,49,NaN,NaN,No,No,NaN,513.1553694716,NaN,NaN,NaN
CSID8762606,"Ethyl (2Z)-cyano(3-oxo-3,4-dihydro-2(1H)-quinoxalinylidene)acetate",Sintético / Indefinido,C13H11N3O3,NaN,NaN,35.9,0,85.276870284061,49,NaN,NaN,No,No,NaN,513.1553694716,NaN,NaN,NaN
CSID13647268,(Dimethylamino)ethyl p-chlorophenoxyacetate,Produto Natural,Yes,C12H16ClNO3,CN(C)CCOC(=O)COC1=CC=C(C=C1)Cl,2-(dimethylamino)ethyl 2-(4-chlorophenoxy)acetate,32.6,0,65.773830860438,49,NaN,NaN,Small molecule,2.0,No,No,NaN,513.1553694716,XZTYGFHCIAKPGJ-UHFFFAOYSA-N,NaN,NaN
CSID67495176,"9-Benzoyl-8-hydroxy-2-imino-1,3,6-triphenyl-1,3,6-triazaspiro[4.4]non-8-ene-4,7-dione",Sintético / Indefinido,C31H22N4O4,NaN,NaN,33.3,0,69.7493925015871,49,NaN,NaN,No,No,NaN,513.1553694716,NaN,NaN,NaN
CSID8801457,Gemichalcone C,Sintético / Indefinido,C30H28O9,NaN,NaN,34.1,0,70.6304083179947,49,NaN,NaN,No,No,NaN,513.1553694716,NaN,NaN,NaN
CSID72390993,"4-Amino-1-[2-fluoro-4,5-dihydroxy-3-(hydroxymethyl)-2-cyclopenten-1-yl]-2(1H)-pyrimidinone",Sintético / Indefinido,C10H12FN3O4,NaN,NaN,37.4,0,87.8492708483074,49,NaN,NaN,No,No,NaN,513.1553694716,NaN,NaN,NaN
CSID8318785,iso-Gemichalcone C,Sintético / Indefinido,C30H28O9,NaN,NaN,34.1,0,70.6304083179947,49,NaN,NaN,No,No,NaN,513.1553694716,NaN,NaN,NaN
CSID73378,"N,N-diethyl-2,4-dinitro-5-fluoroaniline",Sintético / Indefinido,C10H12FN3O4,NaN,NaN,37.4,0,87.8492708483074,49,NaN,NaN,No,No,NaN,513.1553694716,NaN,NaN,NaN
LMPK12120123,Isogemichalcone C,Sintético / Indefinido,C30H28O9,NaN,NaN,34.1,0,70.6304083179947,49,NaN,NaN,No,No,NaN,513.1553694716,NaN,NaN,NaN
CSID9213733,Gneafricanin F,Sintético / Indefinido,C30H26O8,NaN,NaN,34.1,0,70.8174400125584,49,NaN,NaN,No,No,NaN,513.1553694716,NaN,NaN,NaN
CSID15931779,HYDROCOTARNINE HYDROCHLORIDE ANHYDROUS,Sintético / Indefinido,C12H15ClNO3,CN1CCC2=CC3=C(C(=C2C1)OC)OCO3.Cl,"4-methoxy-6-methyl-7,8-dihydro-5H-[1,3]dioxolo[4,5-g]isoquinoline;hydrochloride",32.6,0,65.7813718997992,49,Hydrocotarnine hydrochloride is an organic molecular entity.,NaN,No,No,ChEBI,513.1553694716,RIRUUBOQEZYITM-UHFFFAOYSA-N,NaN,NaN
1005043,"1-[6-[2-(butan-2-ylamino)-2-oxoethyl]-7-oxo-[1,3]thiazolo[4,5-d]pyrimidin-2-yl]-N-cyclopropylpiperidine-3-carboxamide",Sintético / Indefinido,C20H28N6O3S,NaN,NaN,35,0,77.7877462454463,131,NaN,NaN,No,No,NaN,431.188063993956,NaN,NaN,NaN
CSID4940503,tezacitabine,Sintético / Indefinido,No,C10H12FN3O4,C1=CN(C(=O)N=C1N)[C@H]2/C(=C/F)/[C@@H]([C@H](O2)CO)O,"4-amino-1-[(2R,3E,4S,5R)-3-(fluoromethylidene)-4-hydroxy-5-(hydroxymethyl)oxolan-2-yl]pyrimidin-2-one",37.4,0,87.8492708483074,49,NaN,NaN,Small molecule,2.0,No,No,NaN,513.1553694716,GFFXZLZWLOBBLO-ASKVSEFXSA-N,NaN,NaN
1014033,N-[(4-ethoxyphenyl)methyl]-1-[1-(4-fluorophenyl)-6-oxopyridazin-3-yl]piperidine-3-carboxamide,Sintético / Indefinido,C25H27FN4O3,NaN,NaN,35.2,0,78.2445971815333,131,NaN,NaN,No,No,NaN,431.188063993956,NaN,NaN,NaN
1014553,"1-[6-[2-(cyclohexylamino)-2-oxoethyl]-7-oxo-[1,3]thiazolo[4,5-d]pyrimidin-2-yl]-N-methylpiperidine-3-carboxamide",Sintético / Indefinido,C20H28N6O3S,NaN,NaN,35,0,77.7877462454463,131,NaN,NaN,No,No,NaN,431.188063993956,NaN,NaN,NaN
1020667,(4-methylpiperazin-1-yl)-[1-[5-(3-methylpiperidin-1-yl)sulfonylpyridin-2-yl]imidazol-4-yl]methanone,Sintético / Indefinido,C20H28N6O3S,NaN,NaN,35,0,77.7877462454463,131,NaN,NaN,No,No,NaN,431.188063993956,NaN,NaN,NaN
CSID16568882,arg-glu-glu,Metabólito Endógeno (HMDB),Yes,C16H28N6O8,NaN,NaN,36.1,0,84.5308253672489,131,Fragmento de peptídeo identificado por sequenciamento.,NaN,Oligopeptide,NaN,Yes,Yes,Regras Locais (Peptídeo),431.188063993956,NaN,NaN,NaN
CSID16570375,glu-arg-glu,Metabólito Endógeno (HMDB),Yes,C16H28N6O8,NaN,NaN,36.1,0,84.5308253672489,131,Fragmento de peptídeo identificado por sequenciamento.,NaN,Oligopeptide,NaN,Yes,Yes,Regras Locais (Peptídeo),431.188063993956,NaN,NaN,NaN
CSID16570449,glu-glu-arg,Metabólito Endógeno (HMDB),Yes,C16H28N6O8,NaN,NaN,36.1,0,84.5308253672489,131,Fragmento de peptídeo identificado por sequenciamento.,NaN,Oligopeptide,NaN,Yes,Yes,Regras Locais (Peptídeo),431.188063993956,NaN,NaN,NaN
CSID16577035,ala-asn-gln-thr,Metabólito Endógeno (HMDB),Yes,C16H28N6O8,NaN,NaN,36.1,0,84.5308253672489,131,Fragmento de peptídeo identificado por sequenciamento.,NaN,Oligopeptide,NaN,Yes,Yes,Regras Locais (Peptídeo),431.188063993956,NaN,NaN,NaN
CSID16577225,ala-asn-thr-gln,Metabólito Endógeno (HMDB),Yes,C16H28N6O8,NaN,NaN,36.1,0,84.5308253672489,131,Fragmento de peptídeo identificado por sequenciamento.,NaN,Oligopeptide,NaN,Yes,Yes,Regras Locais (Peptídeo),431.188063993956,NaN,NaN,NaN
CSID16578549,ala-gln-asn-thr,Metabólito Endógeno (HMDB),Yes,C16H28N6O8,NaN,NaN,36.1,0,84.5308253672489,131,Fragmento de peptídeo identificado por sequenciamento.,NaN,Oligopeptide,NaN,Yes,Yes,Regras Locais (Peptídeo),431.188063993956,NaN,NaN,NaN
CSID16578628,ala-gln-gln-ser,Metabólito Endógeno (HMDB),Yes,C16H28N6O8,NaN,NaN,36.1,0,84.5308253672489,131,Fragmento de peptídeo identificado por sequenciamento.,NaN,Oligopeptide,NaN,Yes,Yes,Regras Locais (Peptídeo),431.188063993956,NaN,NaN,NaN
CSID16578799,ala-gln-ser-gln,Metabólito Endógeno (HMDB),Yes,C16H28N6O8,NaN,NaN,36.1,0,84.5308253672489,131,Fragmento de peptídeo identificado por sequenciamento.,NaN,Oligopeptide,NaN,Yes,Yes,Regras Locais (Peptídeo),431.188063993956,NaN,NaN,NaN
CSID16578815,ala-gln-thr-asn,Metabólito Endógeno (HMDB),Yes,C16H28N6O8,NaN,NaN,36.1,0,84.5308253672489,131,Fragmento de peptídeo identificado por sequenciamento.,NaN,Oligopeptide,NaN,Yes,Yes,Regras Locais (Peptídeo),431.188063993956,NaN,NaN,NaN
CSID16582201,ala-ser-gln-gln,Metabólito Endógeno (HMDB),Yes,C16H28N6O8,NaN,NaN,36.1,0,84.5308253672489,131,Fragmento de peptídeo identificado por sequenciamento.,NaN,Oligopeptide,NaN,Yes,Yes,Regras Locais (Peptídeo),431.188063993956,NaN,NaN,NaN
CSID16582521,ala-thr-asn-gln,Metabólito Endógeno (HMDB),Yes,C16H28N6O8,NaN,NaN,36.1,0,84.5308253672489,131,Fragmento de peptídeo identificado por sequenciamento.,NaN,Oligopeptide,NaN,Yes,Yes,Regras Locais (Peptídeo),431.188063993956,NaN,NaN,NaN
CSID16582597,ala-thr-gln-asn,Metabólito Endógeno (HMDB),Yes,C16H28N6O8,NaN,NaN,36.1,0,84.5308253672489,131,Fragmento de peptídeo identificado por sequenciamento.,NaN,Oligopeptide,NaN,Yes,Yes,Regras Locais (Peptídeo),431.188063993956,NaN,NaN,NaN
CSID16592171,asn-ala-gln-thr,Metabólito Endógeno (HMDB),Yes,C16H28N6O8,NaN,NaN,36.1,0,84.5308253672489,131,Fragmento de peptídeo identificado por sequenciamento.,NaN,Oligopeptide,NaN,Yes,Yes,Regras Locais (Peptídeo),431.188063993956,NaN,NaN,NaN
CSID16592361,asn-ala-thr-gln,Metabólito Endógeno (HMDB),Yes,C16H28N6O8,NaN,NaN,36.1,0,84.5308253672489,131,Fragmento de peptídeo identificado por sequenciamento.,NaN,Oligopeptide,NaN,Yes,Yes,Regras Locais (Peptídeo),431.188063993956,NaN,NaN,NaN
CSID16593153,asn-asn-ser-val,Metabólito Endógeno (HMDB),Yes,C16H28N6O8,NaN,NaN,36.1,0,84.5308253672489,131,Fragmento de peptídeo identificado por sequenciamento.,NaN,Oligopeptide,NaN,Yes,Yes,Regras Locais (Peptídeo),431.188063993956,NaN,NaN,NaN
CSID16593229,asn-asn-val-ser,Metabólito Endógeno (HMDB),Yes,C16H28N6O8,NaN,NaN,36.1,0,84.5308253672489,131,Fragmento de peptídeo identificado por sequenciamento.,NaN,Oligopeptide,NaN,Yes,Yes,Regras Locais (Peptídeo),431.188063993956,NaN,NaN,NaN
CSID16593385,asn-asp-gly-lys,Metabólito Endógeno (HMDB),Yes,C16H28N6O8,NaN,NaN,36.1,0,84.5308253672489,131,Fragmento de peptídeo identificado por sequenciamento.,NaN,Oligopeptide,NaN,Yes,Yes,Regras Locais (Peptídeo),431.188063993956,NaN,NaN,NaN
CSID16593461,asn-asp-lys-gly,Metabólito Endógeno (HMDB),Yes,C16H28N6O8,NaN,NaN,36.1,0,84.5308253672489,131,Fragmento de peptídeo identificado por sequenciamento.,NaN,Oligopeptide,NaN,Yes,Yes,Regras Locais (Peptídeo),431.188063993956,NaN,NaN,NaN
CSID16594449,asn-gln-ala-thr,Metabólito Endógeno (HMDB),Yes,C16H28N6O8,NaN,NaN,36.1,0,84.5308253672489,131,Fragmento de peptídeo identificado por sequenciamento.,NaN,Oligopeptide,NaN,Yes,Yes,Regras Locais (Peptídeo),431.188063993956,NaN,NaN,NaN
CSID16594753,asn-gln-thr-ala,Metabólito Endógeno (HMDB),Yes,C16H28N6O8,NaN,NaN,36.1,0,84.5308253672489,131,Fragmento de peptídeo identificado por sequenciamento.,NaN,Oligopeptide,NaN,Yes,Yes,Regras Locais (Peptídeo),431.188063993956,NaN,NaN,NaN
CSID16594904,asn-gly-asp-lys,Metabólito Endógeno (HMDB),Yes,C16H28N6O8,NaN,NaN,36.1,0,84.5308253672489,131,Fragmento de peptídeo identificado por sequenciamento.,NaN,Oligopeptide,NaN,Yes,Yes,Regras Locais (Peptídeo),431.188063993956,NaN,NaN,NaN
CSID16595056,asn-gly-lys-asp,Metabólito Endógeno (HMDB),Yes,C16H28N6O8,NaN,NaN,36.1,0,84.5308253672489,131,Fragmento de peptídeo identificado por sequenciamento.,NaN,Oligopeptide,NaN,Yes,Yes,Regras Locais (Peptídeo),431.188063993956,NaN,NaN,NaN
CSID16596500,asn-lys-asp-gly,Metabólito Endógeno (HMDB),Yes,C16H28N6O8,NaN,NaN,36.1,0,84.5308253672489,131,Fragmento de peptídeo identificado por sequenciamento.,NaN,Oligopeptide,NaN,Yes,Yes,Regras Locais (Peptídeo),431.188063993956,NaN,NaN,NaN
CSID16596575,asn-lys-gly-asp,Metabólito Endógeno (HMDB),Yes,C16H28N6O8,NaN,NaN,36.1,0,84.5308253672489,131,Fragmento de peptídeo identificado por sequenciamento.,NaN,Oligopeptide,NaN,Yes,Yes,Regras Locais (Peptídeo),431.188063993956,NaN,NaN,NaN
CSID16598091,asn-ser-asn-val,Metabólito Endógeno (HMDB),Yes,C16H28N6O8,NaN,NaN,36.1,0,84.5308253672489,131,Fragmento de peptídeo identificado por sequenciamento.,NaN,Oligopeptide,NaN,Yes,Yes,Regras Locais (Peptídeo),431.188063993956,NaN,NaN,NaN
CSID16598413,asn-ser-val-asn,Metabólito Endógeno (HMDB),Yes,C16H28N6O8,NaN,NaN,36.1,0,84.5308253672489,131,Fragmento de peptídeo identificado por sequenciamento.,NaN,Oligopeptide,NaN,Yes,Yes,Regras Locais (Peptídeo),431.188063993956,NaN,NaN,NaN
CSID16598437,asn-thr-ala-gln,Metabólito Endógeno (HMDB),Yes,C16H28N6O8,NaN,NaN,36.1,0,84.5308253672489,131,Fragmento de peptídeo identificado por sequenciamento.,NaN,Oligopeptide,NaN,Yes,Yes,Regras Locais (Peptídeo),431.188063993956,NaN,NaN,NaN
CSID16598551,asn-thr-gln-ala,Metabólito Endógeno (HMDB),Yes,C16H28N6O8,NaN,NaN,36.1,0,84.5308253672489,131,Fragmento de peptídeo identificado por sequenciamento.,NaN,Oligopeptide,NaN,Yes,Yes,Regras Locais (Peptídeo),431.188063993956,NaN,NaN,NaN
CSID16599685,asn-val-asn-ser,Metabólito Endógeno (HMDB),Yes,C16H28N6O8,NaN,NaN,36.1,0,84.5308253672489,131,Fragmento de peptídeo identificado por sequenciamento.,NaN,Oligopeptide,NaN,Yes,Yes,Regras Locais (Peptídeo),431.188063993956,NaN,NaN,NaN
CSID16599932,asn-val-ser-asn,Metabólito Endógeno (HMDB),Yes,C16H28N6O8,NaN,NaN,36.1,0,84.5308253672489,131,Fragmento de peptídeo identificado por sequenciamento.,NaN,Oligopeptide,NaN,Yes,Yes,Regras Locais (Peptídeo),431.188063993956,NaN,NaN,NaN
CSID16600977,asp-asn-gly-lys,Metabólito Endógeno (HMDB),Yes,C16H28N6O8,NaN,NaN,36.1,0,84.5308253672489,131,Fragmento de peptídeo identificado por sequenciamento.,NaN,Oligopeptide,NaN,Yes,Yes,Regras Locais (Peptídeo),431.188063993956,NaN,NaN,NaN
CSID16601053,asp-asn-lys-gly,Metabólito Endógeno (HMDB),Yes,C16H28N6O8,NaN,NaN,36.1,0,84.5308253672489,131,Fragmento de peptídeo identificado por sequenciamento.,NaN,Oligopeptide,NaN,Yes,Yes,Regras Locais (Peptídeo),431.188063993956,NaN,NaN,NaN
CSID16602876,asp-gly-asn-lys,Metabólito Endógeno (HMDB),Yes,C16H28N6O8,NaN,NaN,36.1,0,84.5308253672489,131,Fragmento de peptídeo identificado por sequenciamento.,NaN,Oligopeptide,NaN,Yes,Yes,Regras Locais (Peptídeo),431.188063993956,NaN,NaN,NaN
CSID16603046,asp-gly-lys-asn,Metabólito Endógeno (HMDB),Yes,C16H28N6O8,NaN,NaN,36.1,0,84.5308253672489,131,Fragmento de peptídeo identificado por sequenciamento.,NaN,Oligopeptide,NaN,Yes,Yes,Regras Locais (Peptídeo),431.188063993956,NaN,NaN,NaN
CSID16604471,asp-lys-asn-gly,Metabólito Endógeno (HMDB),Yes,C16H28N6O8,NaN,NaN,36.1,0,84.5308253672489,131,Fragmento de peptídeo identificado por sequenciamento.,NaN,Oligopeptide,NaN,Yes,Yes,Regras Locais (Peptídeo),431.188063993956,NaN,NaN,NaN
CSID16604566,asp-lys-gly-asn,Metabólito Endógeno (HMDB),Yes,C16H28N6O8,NaN,NaN,36.1,0,84.5308253672489,131,Fragmento de peptídeo identificado por sequenciamento.,NaN,Oligopeptide,NaN,Yes,Yes,Regras Locais (Peptídeo),431.188063993956,NaN,NaN,NaN
CSID16624017,gln-ala-asn-thr,Metabólito Endógeno (HMDB),Yes,C16H28N6O8,NaN,NaN,36.1,0,84.5308253672489,131,Fragmento de peptídeo identificado por sequenciamento.,NaN,Oligopeptide,NaN,Yes,Yes,Regras Locais (Peptídeo),431.188063993956,NaN,NaN,NaN
CSID16624096,gln-ala-gln-ser,Metabólito Endógeno (HMDB),Yes,C16H28N6O8,NaN,NaN,36.1,0,84.5308253672489,131,Fragmento de peptídeo identificado por sequenciamento.,NaN,Oligopeptide,NaN,Yes,Yes,Regras Locais (Peptídeo),431.188063993956,NaN,NaN,NaN
CSID16624267,gln-ala-ser-gln,Metabólito Endógeno (HMDB),Yes,C16H28N6O8,NaN,NaN,36.1,0,84.5308253672489,131,Fragmento de peptídeo identificado por sequenciamento.,NaN,Oligopeptide,NaN,Yes,Yes,Regras Locais (Peptídeo),431.188063993956,NaN,NaN,NaN
CSID16624283,gln-ala-thr-asn,Metabólito Endógeno (HMDB),Yes,C16H28N6O8,NaN,NaN,36.1,0,84.5308253672489,131,Fragmento de peptídeo identificado por sequenciamento.,NaN,Oligopeptide,NaN,Yes,Yes,Regras Locais (Peptídeo),431.188063993956,NaN,NaN,NaN
CSID16624777,gln-asn-ala-thr,Metabólito Endógeno (HMDB),Yes,C16H28N6O8,NaN,NaN,36.1,0,84.5308253672489,131,Fragmento de peptídeo identificado por sequenciamento.,NaN,Oligopeptide,NaN,Yes,Yes,Regras Locais (Peptídeo),431.188063993956,NaN,NaN,NaN
CSID16625081,gln-asn-thr-ala,Metabólito Endógeno (HMDB),Yes,C16H28N6O8,NaN,NaN,36.1,0,84.5308253672489,131,Fragmento de peptídeo identificado por sequenciamento.,NaN,Oligopeptide,NaN,Yes,Yes,Regras Locais (Peptídeo),431.188063993956,NaN,NaN,NaN
CSID16626375,gln-gln-ala-ser,Metabólito Endógeno (HMDB),Yes,C16H28N6O8,NaN,NaN,36.1,0,84.5308253672489,131,Fragmento de peptídeo identificado por sequenciamento.,NaN,Oligopeptide,NaN,Yes,Yes,Regras Locais (Peptídeo),431.188063993956,NaN,NaN,NaN
CSID16626516,gln-gln-gly-thr,Metabólito Endógeno (HMDB),Yes,C16H28N6O8,NaN,NaN,36.1,0,84.5308253672489,131,Fragmento de peptídeo identificado por sequenciamento.,NaN,Oligopeptide,NaN,Yes,Yes,Regras Locais (Peptídeo),431.188063993956,NaN,NaN,NaN
CSID16626659,gln-gln-ser-ala,Metabólito Endógeno (HMDB),Yes,C16H28N6O8,NaN,NaN,36.1,0,84.5308253672489,131,Fragmento de peptídeo identificado por sequenciamento.,NaN,Oligopeptide,NaN,Yes,Yes,Regras Locais (Peptídeo),431.188063993956,NaN,NaN,NaN
CSID16626686,gln-gln-thr-gly,Metabólito Endógeno (HMDB),Yes,C16H28N6O8,NaN,NaN,36.1,0,84.5308253672489,131,Fragmento de peptídeo identificado por sequenciamento.,NaN,Oligopeptide,NaN,Yes,Yes,Regras Locais (Peptídeo),431.188063993956,NaN,NaN,NaN
CSID16626895,gln-gly-gln-thr,Metabólito Endógeno (HMDB),Yes,C16H28N6O8,NaN,NaN,36.1,0,84.5308253672489,131,Fragmento de peptídeo identificado por sequenciamento.,NaN,Oligopeptide,NaN,Yes,Yes,Regras Locais (Peptídeo),431.188063993956,NaN,NaN,NaN
CSID16627084,gln-gly-thr-gln,Metabólito Endógeno (HMDB),Yes,C16H28N6O8,NaN,NaN,36.1,0,84.5308253672489,131,Fragmento de peptídeo identificado por sequenciamento.,NaN,Oligopeptide,NaN,Yes,Yes,Regras Locais (Peptídeo),431.188063993956,NaN,NaN,NaN
CSID16629962,gln-ser-ala-gln,Metabólito Endógeno (HMDB),Yes,C16H28N6O8,NaN,NaN,36.1,0,84.5308253672489,131,Fragmento de peptídeo identificado por sequenciamento.,NaN,Oligopeptide,NaN,Yes,Yes,Regras Locais (Peptídeo),431.188063993956,NaN,NaN,NaN
CSID16630076,gln-ser-gln-ala,Metabólito Endógeno (HMDB),Yes,C16H28N6O8,NaN,NaN,36.1,0,84.5308253672489,131,Fragmento de peptídeo identificado por sequenciamento.,NaN,Oligopeptide,NaN,Yes,Yes,Regras Locais (Peptídeo),431.188063993956,NaN,NaN,NaN
CSID16630358,gln-thr-ala-asn,Metabólito Endógeno (HMDB),Yes,C16H28N6O8,NaN,NaN,36.1,0,84.5308253672489,131,Fragmento de peptídeo identificado por sequenciamento.,NaN,Oligopeptide,NaN,Yes,Yes,Regras Locais (Peptídeo),431.188063993956,NaN,NaN,NaN
CSID16630396,gln-thr-asn-ala,Metabólito Endógeno (HMDB),Yes,C16H28N6O8,NaN,NaN,36.1,0,84.5308253672489,131,Fragmento de peptídeo identificado por sequenciamento.,NaN,Oligopeptide,NaN,Yes,Yes,Regras Locais (Peptídeo),431.188063993956,NaN,NaN,NaN
CSID16630483,gln-thr-gln-gly,Metabólito Endógeno (HMDB),Yes,C16H28N6O8,NaN,NaN,36.1,0,84.5308253672489,131,Fragmento de peptídeo identificado por sequenciamento.,NaN,Oligopeptide,NaN,Yes,Yes,Regras Locais (Peptídeo),431.188063993956,NaN,NaN,NaN
CSID16630502,gln-thr-gly-gln,Metabólito Endógeno (HMDB),Yes,C16H28N6O8,NaN,NaN,36.1,0,84.5308253672489,131,Fragmento de peptídeo identificado por sequenciamento.,NaN,Oligopeptide,NaN,Yes,Yes,Regras Locais (Peptídeo),431.188063993956,NaN,NaN,NaN
CSID16632821,gly-asn-asp-lys,Metabólito Endógeno (HMDB),Yes,C16H28N6O8,NaN,NaN,36.1,0,84.5308253672489,131,Fragmento de peptídeo identificado por sequenciamento.,NaN,Oligopeptide,NaN,Yes,Yes,Regras Locais (Peptídeo),431.188063993956,NaN,NaN,NaN
CSID16632973,gly-asn-lys-asp,Metabólito Endógeno (HMDB),Yes,C16H28N6O8,NaN,NaN,36.1,0,84.5308253672489,131,Fragmento de peptídeo identificado por sequenciamento.,NaN,Oligopeptide,NaN,Yes,Yes,Regras Locais (Peptídeo),431.188063993956,NaN,NaN,NaN
CSID16633201,gly-asp-asn-lys,Metabólito Endógeno (HMDB),Yes,C16H28N6O8,NaN,NaN,36.1,0,84.5308253672489,131,Fragmento de peptídeo identificado por sequenciamento.,NaN,Oligopeptide,NaN,Yes,Yes,Regras Locais (Peptídeo),431.188063993956,NaN,NaN,NaN
CSID16633372,gly-asp-lys-asn,Metabólito Endógeno (HMDB),Yes,C16H28N6O8,NaN,NaN,36.1,0,84.5308253672489,131,Fragmento de peptídeo identificado por sequenciamento.,NaN,Oligopeptide,NaN,Yes,Yes,Regras Locais (Peptídeo),431.188063993956,NaN,NaN,NaN
CSID16634479,gly-gln-gln-thr,Metabólito Endógeno (HMDB),Yes,C16H28N6O8,NaN,NaN,36.1,0,84.5308253672489,131,Fragmento de peptídeo identificado por sequenciamento.,NaN,Oligopeptide,NaN,Yes,Yes,Regras Locais (Peptídeo),431.188063993956,NaN,NaN,NaN
CSID16634667,gly-gln-thr-gln,Metabólito Endógeno (HMDB),Yes,C16H28N6O8,NaN,NaN,36.1,0,84.5308253672489,131,Fragmento de peptídeo identificado por sequenciamento.,NaN,Oligopeptide,NaN,Yes,Yes,Regras Locais (Peptídeo),431.188063993956,NaN,NaN,NaN
CSID16636346,gly-lys-asn-asp,Metabólito Endógeno (HMDB),Yes,C16H28N6O8,NaN,NaN,36.1,0,84.5308253672489,131,Fragmento de peptídeo identificado por sequenciamento.,NaN,Oligopeptide,NaN,Yes,Yes,Regras Locais (Peptídeo),431.188063993956,NaN,NaN,NaN
CSID16636365,gly-lys-asp-asn,Metabólito Endógeno (HMDB),Yes,C16H28N6O8,NaN,NaN,36.1,0,84.5308253672489,131,Fragmento de peptídeo identificado por sequenciamento.,NaN,Oligopeptide,NaN,Yes,Yes,Regras Locais (Peptídeo),431.188063993956,NaN,NaN,NaN
CSID16638412,gly-thr-gln-gln,Metabólito Endógeno (HMDB),Yes,C16H28N6O8,NaN,NaN,36.1,0,84.5308253672489,131,Fragmento de peptídeo identificado por sequenciamento.,NaN,Oligopeptide,NaN,Yes,Yes,Regras Locais (Peptídeo),431.188063993956,NaN,NaN,NaN
CSID16664686,lys-asn-asp-gly,Metabólito Endógeno (HMDB),Yes,C16H28N6O8,NaN,NaN,36.1,0,84.5308253672489,131,Fragmento de peptídeo identificado por sequenciamento.,NaN,Oligopeptide,NaN,Yes,Yes,Regras Locais (Peptídeo),431.188063993956,NaN,NaN,NaN
CSID16664762,lys-asn-gly-asp,Metabólito Endógeno (HMDB),Yes,C16H28N6O8,NaN,NaN,36.1,0,84.5308253672489,131,Fragmento de peptídeo identificado por sequenciamento.,NaN,Oligopeptide,NaN,Yes,Yes,Regras Locais (Peptídeo),431.188063993956,NaN,NaN,NaN
CSID16665065,lys-asp-asn-gly,Metabólito Endógeno (HMDB),Yes,C16H28N6O8,NaN,NaN,36.1,0,84.5308253672489,131,Fragmento de peptídeo identificado por sequenciamento.,NaN,Oligopeptide,NaN,Yes,Yes,Regras Locais (Peptídeo),431.188063993956,NaN,NaN,NaN
CSID16665159,lys-asp-gly-asn,Metabólito Endógeno (HMDB),Yes,C16H28N6O8,NaN,NaN,36.1,0,84.5308253672489,131,Fragmento de peptídeo identificado por sequenciamento.,NaN,Oligopeptide,NaN,Yes,Yes,Regras Locais (Peptídeo),431.188063993956,NaN,NaN,NaN
CSID16666650,lys-gly-asn-asp,Metabólito Endógeno (HMDB),Yes,C16H28N6O8,NaN,NaN,36.1,0,84.5308253672489,131,Fragmento de peptídeo identificado por sequenciamento.,NaN,Oligopeptide,NaN,Yes,Yes,Regras Locais (Peptídeo),431.188063993956,NaN,NaN,NaN
CSID16666669,lys-gly-asp-asn,Metabólito Endógeno (HMDB),Yes,C16H28N6O8,NaN,NaN,36.1,0,84.5308253672489,131,Fragmento de peptídeo identificado por sequenciamento.,NaN,Oligopeptide,NaN,Yes,Yes,Regras Locais (Peptídeo),431.188063993956,NaN,NaN,NaN
CSID16695837,ser-ala-gln-gln,Metabólito Endógeno (HMDB),Yes,C16H28N6O8,NaN,NaN,36.1,0,84.5308253672489,131,Fragmento de peptídeo identificado por sequenciamento.,NaN,Oligopeptide,NaN,Yes,Yes,Regras Locais (Peptídeo),431.188063993956,NaN,NaN,NaN
CSID16696570,ser-asn-asn-val,Metabólito Endógeno (HMDB),Yes,C16H28N6O8,NaN,NaN,36.1,0,84.5308253672489,131,Fragmento de peptídeo identificado por sequenciamento.,NaN,Oligopeptide,NaN,Yes,Yes,Regras Locais (Peptídeo),431.188063993956,NaN,NaN,NaN
CSID16696893,ser-asn-val-asn,Metabólito Endógeno (HMDB),Yes,C16H28N6O8,NaN,NaN,36.1,0,84.5308253672489,131,Fragmento de peptídeo identificado por sequenciamento.,NaN,Oligopeptide,NaN,Yes,Yes,Regras Locais (Peptídeo),431.188063993956,NaN,NaN,NaN
CSID16698115,ser-gln-ala-gln,Metabólito Endógeno (HMDB),Yes,C16H28N6O8,NaN,NaN,36.1,0,84.5308253672489,131,Fragmento de peptídeo identificado por sequenciamento.,NaN,Oligopeptide,NaN,Yes,Yes,Regras Locais (Peptídeo),431.188063993956,NaN,NaN,NaN
CSID16698229,ser-gln-gln-ala,Metabólito Endógeno (HMDB),Yes,C16H28N6O8,NaN,NaN,36.1,0,84.5308253672489,131,Fragmento de peptídeo identificado por sequenciamento.,NaN,Oligopeptide,NaN,Yes,Yes,Regras Locais (Peptídeo),431.188063993956,NaN,NaN,NaN
CSID16703348,ser-val-asn-asn,Metabólito Endógeno (HMDB),Yes,C16H28N6O8,NaN,NaN,36.1,0,84.5308253672489,131,Fragmento de peptídeo identificado por sequenciamento.,NaN,Oligopeptide,NaN,Yes,Yes,Regras Locais (Peptídeo),431.188063993956,NaN,NaN,NaN
CSID16703752,thr-ala-asn-gln,Metabólito Endógeno (HMDB),Yes,C16H28N6O8,NaN,NaN,36.1,0,84.5308253672489,131,Fragmento de peptídeo identificado por sequenciamento.,NaN,Oligopeptide,NaN,Yes,Yes,Regras Locais (Peptídeo),431.188063993956,NaN,NaN,NaN
CSID16703828,thr-ala-gln-asn,Metabólito Endógeno (HMDB),Yes,C16H28N6O8,NaN,NaN,36.1,0,84.5308253672489,131,Fragmento de peptídeo identificado por sequenciamento.,NaN,Oligopeptide,NaN,Yes,Yes,Regras Locais (Peptídeo),431.188063993956,NaN,NaN,NaN
CSID16704512,thr-asn-ala-gln,Metabólito Endógeno (HMDB),Yes,C16H28N6O8,NaN,NaN,36.1,0,84.5308253672489,131,Fragmento de peptídeo identificado por sequenciamento.,NaN,Oligopeptide,NaN,Yes,Yes,Regras Locais (Peptídeo),431.188063993956,NaN,NaN,NaN
CSID16704626,thr-asn-gln-ala,Metabólito Endógeno (HMDB),Yes,C16H28N6O8,NaN,NaN,36.1,0,84.5308253672489,131,Fragmento de peptídeo identificado por sequenciamento.,NaN,Oligopeptide,NaN,Yes,Yes,Regras Locais (Peptídeo),431.188063993956,NaN,NaN,NaN
CSID16706108,thr-gln-ala-asn,Metabólito Endógeno (HMDB),Yes,C16H28N6O8,NaN,NaN,36.1,0,84.5308253672489,131,Fragmento de peptídeo identificado por sequenciamento.,NaN,Oligopeptide,NaN,Yes,Yes,Regras Locais (Peptídeo),431.188063993956,NaN,NaN,NaN
CSID16706146,thr-gln-asn-ala,Metabólito Endógeno (HMDB),Yes,C16H28N6O8,NaN,NaN,36.1,0,84.5308253672489,131,Fragmento de peptídeo identificado por sequenciamento.,NaN,Oligopeptide,NaN,Yes,Yes,Regras Locais (Peptídeo),431.188063993956,NaN,NaN,NaN
CSID16706233,thr-gln-gln-gly,Metabólito Endógeno (HMDB),Yes,C16H28N6O8,NaN,NaN,36.1,0,84.5308253672489,131,Fragmento de peptídeo identificado por sequenciamento.,NaN,Oligopeptide,NaN,Yes,Yes,Regras Locais (Peptídeo),431.188063993956,NaN,NaN,NaN
CSID16706252,thr-gln-gly-gln,Metabólito Endógeno (HMDB),Yes,C16H28N6O8,NaN,NaN,36.1,0,84.5308253672489,131,Fragmento de peptídeo identificado por sequenciamento.,NaN,Oligopeptide,NaN,Yes,Yes,Regras Locais (Peptídeo),431.188063993956,NaN,NaN,NaN
CSID16706632,thr-gly-gln-gln,Metabólito Endógeno (HMDB),Yes,C16H28N6O8,NaN,NaN,36.1,0,84.5308253672489,131,Fragmento de peptídeo identificado por sequenciamento.,NaN,Oligopeptide,NaN,Yes,Yes,Regras Locais (Peptídeo),431.188063993956,NaN,NaN,NaN
CSID16728509,val-asn-asn-ser,Metabólito Endógeno (HMDB),Yes,C16H28N6O8,NaN,NaN,36.1,0,84.5308253672489,131,Fragmento de peptídeo identificado por sequenciamento.,NaN,Oligopeptide,NaN,Yes,Yes,Regras Locais (Peptídeo),431.188063993956,NaN,NaN,NaN
CSID16728756,val-asn-ser-asn,Metabólito Endógeno (HMDB),Yes,C16H28N6O8,NaN,NaN,36.1,0,84.5308253672489,131,Fragmento de peptídeo identificado por sequenciamento.,NaN,Oligopeptide,NaN,Yes,Yes,Regras Locais (Peptídeo),431.188063993956,NaN,NaN,NaN
CSID16733685,val-ser-asn-asn,Metabólito Endógeno (HMDB),Yes,C16H28N6O8,NaN,NaN,36.1,0,84.5308253672489,131,Fragmento de peptídeo identificado por sequenciamento.,NaN,Oligopeptide,NaN,Yes,Yes,Regras Locais (Peptídeo),431.188063993956,NaN,NaN,NaN
1014620,"1-[6-[2-(butan-2-ylamino)-2-oxoethyl]-7-oxo-[1,3]thiazolo[4,5-d]pyrimidin-2-yl]-N-cyclopropylpiperidine-4-carboxamide",Sintético / Indefinido,C20H28N6O3S,NaN,NaN,35,0,77.7877462454463,131,NaN,NaN,No,No,NaN,431.188063993956,NaN,NaN,NaN
CSID3899,meclofenoxate,Produto Natural,Yes,C12H16ClNO3,CN(C)CCOC(=O)COC1=CC=C(C=C1)Cl,2-(dimethylamino)ethyl 2-(4-chlorophenoxy)acetate,32.6,0,65.773830860438,49,NaN,NaN,Small molecule,2.0,No,No,NaN,513.1553694716,XZTYGFHCIAKPGJ-UHFFFAOYSA-N,NaN,NaN
1021925,"[2-(4-methylphenyl)-4-pyridin-4-ylpyrimidin-5-yl]-(4-phenyl-3,6-dihydro-2H-pyridin-1-yl)methanone",Sintético / Indefinido,C28H24N4O,NaN,NaN,35,0,76.1524835987913,131,NaN,NaN,No,No,NaN,431.188063993956,NaN,NaN,NaN
1028226,[1-(1-ethylimidazol-4-yl)sulfonylpiperidin-3-yl]-(4-pyridin-2-ylpiperazin-1-yl)methanone,Sintético / Indefinido,C20H28N6O3S,NaN,NaN,35,0,77.7877462454463,131,NaN,NaN,No,No,NaN,431.188063993956,NaN,NaN,NaN
1044756,"4-methyl-N-[2-[6-(3-propan-2-yloxypropylamino)-[1,2,4]triazolo[4,3-b]pyridazin-3-yl]ethyl]benzenesulfonamide",Sintético / Indefinido,C20H28N6O3S,NaN,NaN,35,0,77.7877462454463,131,NaN,NaN,No,No,NaN,431.188063993956,NaN,NaN,NaN
548526,Cyclotriveratrylene,Sintético / Indefinido,C27H30O6,NaN,NaN,34.6,0,77.1351281155257,131,NaN,NaN,No,No,NaN,431.188063993956,NaN,NaN,NaN
1028701,"1-[6-[2-(cyclopentylamino)-2-oxoethyl]-7-oxo-[1,3]thiazolo[4,5-d]pyrimidin-2-yl]-N-ethylpiperidine-3-carboxamide",Sintético / Indefinido,C20H28N6O3S,NaN,NaN,35,0,77.7877462454463,131,NaN,NaN,No,No,NaN,431.188063993956,NaN,NaN,NaN
1037625,"2-[4-(2-fluorophenyl)piperazin-1-yl]-7-(2-hydroxyphenyl)-4-methyl-7,8-dihydro-6H-quinazolin-5-one",Sintético / Indefinido,C25H25FN4O2,NaN,NaN,35.2,0,78.4471616202771,131,NaN,NaN,No,No,NaN,431.188063993956,NaN,NaN,NaN
96514,Rivenprost,Sintético / Indefinido,C24H34O6S,NaN,NaN,34.2,0,75.5631382839603,131,NaN,NaN,No,No,NaN,431.188063993956,NaN,NaN,NaN
1031120,"N-[3-(3,4-dihydro-1H-isoquinolin-2-yl)propyl]-2-(7-fluoro-4-oxopyrrolo[1,2-a]quinoxalin-5-yl)acetamide",Sintético / Indefinido,C25H25FN4O2,NaN,NaN,35.2,0,78.4471616202771,131,NaN,NaN,No,No,NaN,431.188063993956,NaN,NaN,NaN
19396,Glu Arg Glu,Sintético / Indefinido,C16H28N6O8,NaN,NaN,36.1,0,84.5308253672489,131,NaN,NaN,No,No,NaN,431.188063993956,NaN,NaN,NaN
985666,CYCLOVERATRYLENE,Sintético / Indefinido,C27H30O6,NaN,NaN,34.6,0,77.1351281155257,131,NaN,NaN,No,No,NaN,431.188063993956,NaN,NaN,NaN
994884,2-[4-[(2-fluorophenyl)methyl]piperazin-1-yl]-6-(2-methylpropanoylamino)quinoline-4-carboxylic acid,Sintético / Indefinido,C25H27FN4O3,NaN,NaN,35.2,0,78.2445971815333,131,NaN,NaN,No,No,NaN,431.188063993956,NaN,NaN,NaN
CSID10394397,Achlisocoumarin II,Sintético / Indefinido,C27H28O5,NaN,NaN,34.6,0,77.3335721540387,131,NaN,NaN,No,No,NaN,431.188063993956,NaN,NaN,NaN
CSID67158058,2-Amino-5-[(E)-(4-hydroxyphenyl)diazenyl]benzoic acid,Sintético / Indefinido,C13H11N3O3,C1=CC(=CC=C1N=NC2=CC(=C(C=C2)N)C(=O)O)O,2-amino-5-[(4-hydroxyphenyl)diazenyl]benzoic acid,35.9,0,85.276870284061,49,NaN,NaN,No,No,NaN,513.1553694716,LRLKSFQQRRRKPN-UHFFFAOYSA-N,NaN,NaN
CSID17340249,"(8α,9R)-1-Benzyl-9-hydroxy-6′-methoxycinchonan-1-ium chloride",Sintético / Indefinido,C27H31ClN2O2,NaN,NaN,30.9,0,58.5539491765048,131,NaN,NaN,No,No,NaN,431.188063993956,NaN,NaN,NaN
CSID18631559,"2,4,6-Tris(benzyloxy)-1,3,5-cyclohexanetriol",Sintético / Indefinido,C27H30O6,NaN,NaN,34.6,0,77.1351281155257,131,NaN,NaN,No,No,NaN,431.188063993956,NaN,NaN,NaN
CSID113385485,"3,12-Dioxochola-4,6-dien-24-yl hydrogen sulfate",Sintético / Indefinido,C24H34O6S,NaN,NaN,34.2,0,75.5631382839603,131,NaN,NaN,No,No,NaN,431.188063993956,NaN,NaN,NaN
CSID67494796,4-Nitrobenzyl diethylphosphinate,Sintético / Indefinido,C11H16NO4P,CCP(=O)(CC)OCC1=CC=C(C=C1)[N+](=O)[O-],1-(diethylphosphoryloxymethyl)-4-nitrobenzene,37.2,0,87.5055211371484,49,NaN,NaN,No,No,NaN,513.1553694716,MFLPMVLHSCYVFU-UHFFFAOYSA-N,NaN,NaN
CSID4445402,Sofalcone,Sintético / Indefinido,C27H30O6,NaN,NaN,34.6,0,77.1351281155257,131,NaN,NaN,No,No,NaN,431.188063993956,NaN,NaN,NaN
CSID24842850,"3-{3,4-Bis[(3-methyl-2-buten-1-yl)oxy]phenyl}-5,7-dimethoxy-4H-chromen-4-one",Sintético / Indefinido,C27H30O6,NaN,NaN,34.6,0,77.1351281155257,131,NaN,NaN,No,No,NaN,431.188063993956,NaN,NaN,NaN
CSID32700286,"Methyl 4-({2-[(1R,2R,3R)-3-hydroxy-2-{(3S)-3-hydroxy-4-[3-(methoxymethyl)phenyl]-1-buten-1-yl}-5-oxocyclopentyl]ethyl}sulfanyl)butanoate",Sintético / Indefinido,C24H34O6S,NaN,NaN,34.2,0,75.5631382839603,131,NaN,NaN,No,No,NaN,431.188063993956,NaN,NaN,NaN
CSID35014101,"3,4a,5-Trimethyl-6-{[(2E)-3-(methylsulfanyl)-2-propenoyl]oxy}-4,4a,5,6,7,8,8a,9-octahydronaphtho[2,3-b]furan-4-yl (2E)-2-methyl-2-butenoate",Sintético / Indefinido,C24H32O5S,NaN,NaN,34.2,0,75.7622241019974,131,NaN,NaN,No,No,NaN,431.188063993956,NaN,NaN,NaN
CSID63719,cealysin,Sintético / Indefinido,C6H12N6O3,NaN,NaN,38.5,0,95.4765541835585,131,NaN,NaN,No,No,NaN,431.188063993956,NaN,NaN,NaN
CSID5196680,"Ethyl 3-[(4,5,6-triphenyl-3-pyridazinyl)hydrazono]butanoate",Sintético / Indefinido,C28H26N4O2,NaN,NaN,35,0,75.9566463121976,131,NaN,NaN,No,No,NaN,431.188063993956,NaN,NaN,NaN
CSID64355,Tolpadol,Sintético / Indefinido,C28H26N4O2,NaN,NaN,35,0,75.9566463121976,131,NaN,NaN,No,No,NaN,431.188063993956,NaN,NaN,NaN
CSID67029535,"1,2-Phenylenebis{[3-(2-aminoethyl)-1H-indol-1-yl]methanone}",Sintético / Indefinido,C28H26N4O2,NaN,NaN,35,0,75.9566463121976,131,NaN,NaN,No,No,NaN,431.188063993956,NaN,NaN,NaN
CSID9115466,solenolide C,Sintético / Indefinido,C24H31ClO10,C[C@@H]1[C@@H]2[C@@H]([C@@]3([C@H](C(=O)O[C@H]3[C@H](C(=C)[C@@H]4[C@@H](O4)[C@@H]([C@]2([C@@H]5[C@H]([C@H]1O)O5)C)OC(=O)C)Cl)C)O)OC(=O)C,"[(1R,2R,3R,5R,7S,8R,11R,12R,13S,14S,15R,16S,17S,19R)-2-acetyloxy-7-chloro-12,16-dihydroxy-1,11,15-trimethyl-6-methylidene-10-oxo-4,9,18-trioxapentacyclo[12.5.0.03,5.08,12.017,19]nonadecan-13-yl] acetate",30.4,0,56.9388802892574,49,NaN,NaN,No,No,NaN,513.1553694716,NNKPWYPLENHDSC-PACQGTIGSA-N,NaN,NaN
15953,Arg Glu Glu,Sintético / Indefinido,C16H28N6O8,NaN,NaN,36.1,0,84.5308253672489,131,NaN,NaN,No,No,NaN,431.188063993956,NaN,NaN,NaN
999697,[1-(1-ethylimidazol-4-yl)sulfonylpiperidin-4-yl]-(4-pyridin-2-ylpiperazin-1-yl)methanone,Sintético / Indefinido,C20H28N6O3S,NaN,NaN,35,0,77.7877462454463,131,NaN,NaN,No,No,NaN,431.188063993956,NaN,NaN,NaN
CSID67178088,"(8α,17β)-3,17-Dihydroxyestra-1,3,5(10)-trien-1-yl 3-acetyl-2-hydroxybenzoate",Sintético / Indefinido,C27H30O6,NaN,NaN,34.6,0,77.1351281155257,131,NaN,NaN,No,No,NaN,431.188063993956,NaN,NaN,NaN
CSID65326979,2-(4-Phenyl-2-butanyl)thiophene,Sintético / Indefinido,C14H16S,NaN,NaN,36.7,0,85.5868921341687,131,NaN,NaN,No,No,NaN,431.188063993956,NaN,NaN,NaN
LMPK12120262,4-Hydroxyrottlerin,Produto Natural,Yes,C30H28O9,CC1=C(C(=C(C(=C1O)C(=O)C)O)CC2=C(C(=C3C(=C2O)C=CC(O3)(C)C)C(=O)/C=C/C4=CC=C(C=C4)O)O)O,"(E)-1-[6-[(3-acetyl-2,4,6-trihydroxy-5-methylphenyl)methyl]-5,7-dihydroxy-2,2-dimethylchromen-8-yl]-3-(4-hydroxyphenyl)prop-2-en-1-one",34.1,0,70.6304083179947,49,NaN,NaN,Unknown,NaN,No,No,NaN,513.1553694716,VBFAFCWNQAXIRN-JXMROGBWSA-N,NaN,NaN
LMPK12120124,Gemichalcone C,Produto Natural,Yes,C30H28O9,C/C(=C/CC1=C(C=CC(=C1O)C(=O)/C=C/C2=C(C=C(C=C2)O)O)O)/COC(=O)/C=C/C3=CC(=C(C=C3)O)OC,"[(Z)-4-[3-[(E)-3-(2,4-dihydroxyphenyl)prop-2-enoyl]-2,6-dihydroxyphenyl]-2-methylbut-2-enyl] (E)-3-(4-hydroxy-3-methoxyphenyl)prop-2-enoate",34.1,0,70.6304083179947,49,NaN,NaN,Small molecule,NaN,No,No,NaN,513.1553694716,OFKHJNZDWNKYOY-DBLNWHOKSA-N,NaN,NaN
CSID9038603,QUIBEC,Sintético / Indefinido,C27H31ClN2O2,NaN,NaN,30.9,0,58.5539491765048,131,NaN,NaN,No,No,NaN,431.188063993956,NaN,NaN,NaN
CSID9971652,"6-(4-Hydroxybenzyl)-2-(2-hydroxy-2-propanyl)-7-methoxy-2,3,4,5-tetrahydrophenanthro[2,1-b]furan-9-ol",Sintético / Indefinido,C27H28O5,NaN,NaN,34.6,0,77.3335721540387,131,NaN,NaN,No,No,NaN,431.188063993956,NaN,NaN,NaN
HMDB36131,S-Furanopetasitin,Sintético / Indefinido,C24H32O5S,NaN,NaN,34.2,0,75.7622241019974,131,NaN,NaN,No,No,NaN,431.188063993956,NaN,NaN,NaN
1016857,"N-[[3-(2-chlorophenyl)-1,2,4-oxadiazol-5-yl]methyl]propanamide",Sintético / Indefinido,C12H12ClN3O2,NaN,NaN,33.9,0,70.074324262207,13,NaN,NaN,No,No,NaN,529.11660332768,NaN,NaN,NaN
HMDB42013,sofalcone,Sintético / Indefinido,C27H30O6,NaN,NaN,34.6,0,77.1351281155257,131,NaN,NaN,No,No,NaN,431.188063993956,NaN,NaN,NaN
1028640,"N-[1-[3-(4-chlorophenyl)-1,2,4-oxadiazol-5-yl]ethyl]acetamide",Sintético / Indefinido,C12H12ClN3O2,NaN,NaN,33.9,0,70.074324262207,13,NaN,NaN,No,No,NaN,529.11660332768,NaN,NaN,NaN
LMPK12050359,Glabrescione B,Sintético / Indefinido,C27H30O6,NaN,NaN,34.6,0,77.1351281155257,131,NaN,NaN,No,No,NaN,431.188063993956,NaN,NaN,NaN
CSID10642707,Tris(hydroxymethyl)melamine,Sintético / Indefinido,No,C6H12N6O3,C(NC1=NC(=NC(=N1)NCO)NCO)O,"[[4,6-bis(hydroxymethylamino)-1,3,5-triazin-2-yl]amino]methanol",38.5,0,95.4765541835585,131,NaN,NaN,Small molecule,NaN,No,No,NaN,431.188063993956,USDJGQLNFPZEON-UHFFFAOYSA-N,NaN,NaN
1032812,1-(3-chloro-4-methylphenyl)-5-ethyltriazole-4-carboxylic acid,Sintético / Indefinido,C12H12ClN3O2,NaN,NaN,33.9,0,70.074324262207,13,NaN,NaN,No,No,NaN,529.11660332768,NaN,NaN,NaN
1082285,1-(3-chlorophenyl)-5-propyltriazole-4-carboxylic acid,Sintético / Indefinido,C12H12ClN3O2,NaN,NaN,33.9,0,70.074324262207,13,NaN,NaN,No,No,NaN,529.11660332768,NaN,NaN,NaN
1032828,1-(4-chloro-3-methylphenyl)-5-ethyltriazole-4-carboxylic acid,Sintético / Indefinido,C12H12ClN3O2,NaN,NaN,33.9,0,70.074324262207,13,NaN,NaN,No,No,NaN,529.11660332768,NaN,NaN,NaN
997751,"N-[1-[3-(2-chlorophenyl)-1,2,4-oxadiazol-5-yl]ethyl]acetamide",Sintético / Indefinido,C12H12ClN3O2,NaN,NaN,33.9,0,70.074324262207,13,NaN,NaN,No,No,NaN,529.11660332768,NaN,NaN,NaN
989378,"1-(5-Chloro-2-methylphenyl)-3-(5-methyl-1,2-oxazol-3-yl)urea",Sintético / Indefinido,C12H12ClN3O2,NaN,NaN,33.9,0,70.074324262207,13,NaN,NaN,No,No,NaN,529.11660332768,NaN,NaN,NaN
CSID65999392,"3′,6′-Dihydroxy-2′,4′-bis(isobutyryloxy)-3-oxo-3H-spiro[2-benzofuran-1,9′-xanthene]-1′-carboxylic acid",Sintético / Indefinido,C29H24O11,NaN,NaN,53.3,95.9,76.0675372221358,13,NaN,NaN,No,No,NaN,529.11660332768,NaN,NaN,NaN
CSID67157821,"S-(1,4-Dimethoxy-1,4-dioxo-2-butanyl)-L-cysteine",Sintético / Indefinido,C9H15NO6S,NaN,NaN,56.7,93.5,90.3981928002905,13,NaN,NaN,No,No,NaN,529.11660332768,NaN,NaN,NaN
CSID66001011,"Ethyl (2S)-[(5S)-3-methyl-4,5-dihydro-1,2-oxazol-5-yl][(methylsulfonyl)oxy]acetate",Sintético / Indefinido,C9H15NO6S,NaN,NaN,38,0,90.3981928002905,13,NaN,NaN,No,No,NaN,529.11660332768,NaN,NaN,NaN
CSID67160299,4-{[(2R)-2-Acetamido-2-carboxyethyl]sulfanyl}-2-hydroxybutanoic acid,Sintético / Indefinido,C9H15NO6S,NaN,NaN,56.7,93.5,90.3981928002905,13,NaN,NaN,No,No,NaN,529.11660332768,NaN,NaN,NaN
1001081,"N-[(2-ethyl-6-phenylimidazo[2,1-b][1,3,4]thiadiazol-5-yl)methyl]-4-propan-2-ylbenzamide",Sintético / Indefinido,C23H24N4OS,NaN,NaN,33.8,0,73.0692168781293,114,NaN,NaN,No,No,NaN,403.158366840302,NaN,NaN,NaN
1000473,"N-[3-(N-ethylanilino)propyl]-3-pyrrol-1-ylthieno[2,3-b]pyridine-2-carboxamide",Sintético / Indefinido,C23H24N4OS,NaN,NaN,33.8,0,73.0692168781293,114,NaN,NaN,No,No,NaN,403.158366840302,NaN,NaN,NaN
1012538,"N-cyclopropyl-1-[3-[(4-methylphenyl)methyl]-4-oxothieno[3,2-d]pyrimidin-2-yl]piperidine-4-carboxamide",Sintético / Indefinido,C23H26N4O2S,NaN,NaN,33.8,0,72.8768963588922,114,NaN,NaN,No,No,NaN,403.158366840302,NaN,NaN,NaN
CSID57433018,"3-Phenyl-2,3,4,5,6,7-hexahydro-1-benzothiophene",Sintético / Indefinido,C14H16S,C1CCC2=C(C1)C(CS2)C3=CC=CC=C3,"3-phenyl-2,3,4,5,6,7-hexahydro-1-benzothiophene",36.7,0,85.5868921341687,131,NaN,NaN,No,No,NaN,431.188063993956,MEGDDDMWXVBIGK-UHFFFAOYSA-N,NaN,NaN
1004770,N-(4-ethoxyphenyl)-2-(2-piperidin-1-ylquinazolin-4-yl)sulfanylacetamide,Sintético / Indefinido,C23H26N4O2S,NaN,NaN,33.8,0,72.8768963588922,114,NaN,NaN,No,No,NaN,403.158366840302,NaN,NaN,NaN
1004794,"N-cyclohexyl-6-methyl-1-phenyl-3-thiophen-2-ylpyrrolo[2,3-c]pyrazole-5-carboxamide",Sintético / Indefinido,C23H24N4OS,NaN,NaN,33.8,0,73.0692168781293,114,NaN,NaN,No,No,NaN,403.158366840302,NaN,NaN,NaN
CSID240862,Cyclotriveratrylene,Produto Natural,Yes,C27H30O6,COC1=C(C=C2CC3=CC(=C(C=C3CC4=CC(=C(C=C4CC2=C1)OC)OC)OC)OC)OC,"5,6,12,13,19,20-hexamethoxytetracyclo[15.4.0.03,8.010,15]henicosa-1(21),3,5,7,10,12,14,17,19-nonaene",34.6,0,77.1351281155257,131,NaN,NaN,Small molecule,NaN,No,No,NaN,431.188063993956,YECHEDVCXXVLIY-UHFFFAOYSA-N,NaN,NaN
1007762,"1-(3-benzyl-4-oxothieno[3,2-d]pyrimidin-2-yl)-N-(cyclopropylmethyl)piperidine-4-carboxamide",Sintético / Indefinido,C23H26N4O2S,NaN,NaN,33.8,0,72.8768963588922,114,NaN,NaN,No,No,NaN,403.158366840302,NaN,NaN,NaN
CSID21864823,Aspulvinone H,Produto Natural,Yes,C27H28O5,CC(=CCC1=C(C=CC(=C1)/C=C\2/C(=C(C(=O)O2)C3=CC(=C(C=C3)O)CC=C(C)C)O)O)C,(5Z)-4-hydroxy-3-[4-hydroxy-3-(3-methylbut-2-enyl)phenyl]-5-[[4-hydroxy-3-(3-methylbut-2-enyl)phenyl]methylidene]furan-2-one,34.6,0,77.3335721540387,131,NaN,NaN,NaN,NaN,No,No,NaN,431.188063993956,LFDYHAWYVIBCDT-OYKKKHCWSA-N,NaN,NaN
1008029,"3-(3-propylimidazo[4,5-b]pyridin-2-yl)-N-(1-thiophen-2-ylpropyl)benzamide",Sintético / Indefinido,C23H24N4OS,NaN,NaN,33.8,0,73.0692168781293,114,NaN,NaN,No,No,NaN,403.158366840302,NaN,NaN,NaN
1020405,"N-benzyl-N,4-dimethyl-2-(1-propan-2-ylpyrrolo[2,3-b]pyridin-3-yl)-1,3-thiazole-5-carboxamide",Sintético / Indefinido,C23H24N4OS,NaN,NaN,33.8,0,73.0692168781293,114,NaN,NaN,No,No,NaN,403.158366840302,NaN,NaN,NaN
CSID8109103,Cediranib,Sintético / Indefinido,No,C25H27FN4O3,CC1=CC2=C(N1)C=CC(=C2F)OC3=NC=NC4=CC(=C(C=C43)OC)OCCCN5CCCC5,4-[(4-fluoro-2-methyl-1H-indol-5-yl)oxy]-6-methoxy-7-(3-pyrrolidin-1-ylpropoxy)quinazoline,35.2,0,78.2445971815333,131,NaN,NaN,Small molecule,3.0,No,No,NaN,431.188063993956,XXJWYDDUDKYVKI-UHFFFAOYSA-N,NaN,NaN
CSID9918233,acrocinonide,Sintético / Indefinido,No,C24H29FO6,C[C@]12C[C@@H]([C@]3([C@H]([C@@H]1C[C@@H]4[C@]2(OC(O4)C=C)C(=O)CO)CCC5=CC(=O)C=C[C@@]53C)F)O,"(1S,2S,4R,8S,9S,11S,12R,13S)-6-ethenyl-12-fluoro-11-hydroxy-8-(2-hydroxyacetyl)-9,13-dimethyl-5,7-dioxapentacyclo[10.8.0.02,9.04,8.013,18]icosa-14,17-dien-16-one",35.6,0,79.661707495712,131,NaN,NaN,Small molecule,2.0,No,No,NaN,431.188063993956,JGSKXHVNDZFORI-DZPDXEKMSA-N,NaN,NaN
1020523,1-(1-benzyl-6-oxopyridazin-4-yl)-N-(1-thiophen-2-ylethyl)piperidine-4-carboxamide,Sintético / Indefinido,C23H26N4O2S,NaN,NaN,33.8,0,72.8768963588922,114,NaN,NaN,No,No,NaN,403.158366840302,NaN,NaN,NaN
1021104,"N-(4-ethoxyphenyl)-3,5-dimethyl-4-piperidin-1-ylsulfonyl-1H-pyrrole-2-carboxamide",Sintético / Indefinido,C20H26N3O4S,NaN,NaN,34.3,0,75.1752882185273,114,NaN,NaN,No,No,NaN,403.158366840302,NaN,NaN,NaN
1026547,N-[(5-methylfuran-2-yl)methyl]-1-[3-(4-methylphenyl)sulfanylpyrazin-2-yl]piperidine-3-carboxamide,Sintético / Indefinido,C23H26N4O2S,NaN,NaN,33.8,0,72.8768963588922,114,NaN,NaN,No,No,NaN,403.158366840302,NaN,NaN,NaN
1021746,N-[(5-methylfuran-2-yl)methyl]-1-[3-(3-methylphenyl)sulfanylpyrazin-2-yl]piperidine-3-carboxamide,Sintético / Indefinido,C23H26N4O2S,NaN,NaN,33.8,0,72.8768963588922,114,NaN,NaN,No,No,NaN,403.158366840302,NaN,NaN,NaN
1022029,2-(1-oxo-4-thiomorpholin-4-ylphthalazin-2-yl)-N-(4-propan-2-ylphenyl)acetamide,Sintético / Indefinido,C23H26N4O2S,NaN,NaN,33.8,0,72.8768963588922,114,NaN,NaN,No,No,NaN,403.158366840302,NaN,NaN,NaN
1027029,"N-benzyl-2-[3-[5-(4-fluorophenyl)-1,3,4-oxadiazol-2-yl]-2,5-dimethylpyrrol-1-yl]acetamide",Sintético / Indefinido,C23H21FN4O2,NaN,NaN,34.9,0,76.816969493788,114,NaN,NaN,No,No,NaN,403.158366840302,NaN,NaN,NaN
1028518,[4-[4-(dimethylamino)anilino]-8-methoxyquinolin-2-yl]-thiomorpholin-4-ylmethanone,Sintético / Indefinido,C23H26N4O2S,NaN,NaN,33.8,0,72.8768963588922,114,NaN,NaN,No,No,NaN,403.158366840302,NaN,NaN,NaN
1033160,"7-[(3-chloro-4-fluorophenyl)methyl]-2-(4-methylpiperazin-1-yl)-5,6,8,9-tetrahydro-1H-pyrimido[4,5-d]azepin-4-one",Sintético / Indefinido,C20H24ClFN5O,NaN,NaN,31.8,0,60.0426817233478,114,NaN,NaN,No,No,NaN,403.158366840302,NaN,NaN,NaN
1027471,"2-(4-ethoxyphenyl)-1-[4-[5-(4-methyl-1,3-thiazol-2-yl)pyridin-2-yl]piperazin-1-yl]ethanone",Sintético / Indefinido,C23H26N4O2S,NaN,NaN,33.8,0,72.8768963588922,114,NaN,NaN,No,No,NaN,403.158366840302,NaN,NaN,NaN
1027515,1-(1-benzyl-6-oxopyridazin-4-yl)-N-(2-thiophen-2-ylethyl)piperidine-4-carboxamide,Sintético / Indefinido,C23H26N4O2S,NaN,NaN,33.8,0,72.8768963588922,114,NaN,NaN,No,No,NaN,403.158366840302,NaN,NaN,NaN
1035570,"7-[(3-chloro-2-fluorophenyl)methyl]-2-(4-methylpiperazin-1-yl)-5,6,8,9-tetrahydro-1H-pyrimido[4,5-d]azepin-4-one",Sintético / Indefinido,C20H24ClFN5O,NaN,NaN,31.8,0,60.0426817233478,114,NaN,NaN,No,No,NaN,403.158366840302,NaN,NaN,NaN
1043936,"N-[2-fluoro-5-(6-methoxyimidazo[1,2-b]pyridazin-2-yl)phenyl]-2-phenylbutanamide",Sintético / Indefinido,C23H21FN4O2,NaN,NaN,34.9,0,76.816969493788,114,NaN,NaN,No,No,NaN,403.158366840302,NaN,NaN,NaN
1033172,"7-[(2-chloro-4-fluorophenyl)methyl]-2-(4-methylpiperazin-1-yl)-5,6,8,9-tetrahydro-1H-pyrimido[4,5-d]azepin-4-one",Sintético / Indefinido,C20H24ClFN5O,NaN,NaN,31.8,0,60.0426817233478,114,NaN,NaN,No,No,NaN,403.158366840302,NaN,NaN,NaN
1037539,"[1-[5-(3-methoxyphenyl)-[1,3]thiazolo[5,4-b]pyridin-2-yl]piperidin-4-yl]-pyrrolidin-1-ylmethanone",Sintético / Indefinido,C23H26N4O2S,NaN,NaN,33.8,0,72.8768963588922,114,NaN,NaN,No,No,NaN,403.158366840302,NaN,NaN,NaN
1051671,N'-(2-methylquinolin-4-yl)-N-[[1-(thiophen-2-ylmethyl)piperidin-4-yl]methyl]oxamide,Sintético / Indefinido,C23H26N4O2S,NaN,NaN,33.8,0,72.8768963588922,114,NaN,NaN,No,No,NaN,403.158366840302,NaN,NaN,NaN
CSID14614742,eflumast,Sintético / Indefinido,No,C10H8FN5O3,CC(=O)C1=C(C(=CC(=C1)F)NC(=O)C2=NNN=N2)O,N-(3-acetyl-5-fluoro-2-hydroxyphenyl)-2H-tetrazole-5-carboxamide,38,0,93.5957772058285,13,NaN,NaN,Small molecule,2.0,No,No,NaN,529.11660332768,BKAPZKSRERAYQD-UHFFFAOYSA-N,NaN,NaN
1096457,1-(4-chlorophenyl)-5-propyltriazole-4-carboxylic acid,Sintético / Indefinido,C12H12ClN3O2,CCCC1=C(N=NN1C2=CC=C(C=C2)Cl)C(=O)O,1-(4-chlorophenyl)-5-propyltriazole-4-carboxylic acid,33.9,0,70.074324262207,13,NaN,NaN,No,No,NaN,529.11660332768,AHCYVNAJWXHENC-UHFFFAOYSA-N,NaN,NaN
1019706,"N-(cyclopropylmethyl)-1-[3-(4-methylphenyl)-4-oxothieno[3,2-d]pyrimidin-2-yl]piperidine-4-carboxamide",Sintético / Indefinido,C23H26N4O2S,NaN,NaN,33.8,0,72.8768963588922,114,NaN,NaN,No,No,NaN,403.158366840302,NaN,NaN,NaN
1008323,"1-[5-(4-methylphenyl)-1,3,4-oxadiazol-2-yl]-N-[(4-methylsulfanylphenyl)methyl]piperidine-4-carboxamide",Sintético / Indefinido,C23H26N4O2S,NaN,NaN,33.8,0,72.8768963588922,114,NaN,NaN,No,No,NaN,403.158366840302,NaN,NaN,NaN
1047046,2-[(4-fluorophenyl)methyl]-6-[4-(2-methoxyphenyl)piperazine-1-carbonyl]pyridazin-3-one,Sintético / Indefinido,C23H23FN4O3,NaN,NaN,34.9,0,76.6178863804223,114,NaN,NaN,No,No,NaN,403.158366840302,NaN,NaN,NaN
1083115,"5-(4-fluorophenyl)-N-[(4-methoxyphenyl)methyl]-2,6-dimethyl-4-oxo-7H-pyrazolo[1,5-a]pyrazine-6-carboxamide",Sintético / Indefinido,C23H23FN4O3,NaN,NaN,34.9,0,76.6178863804223,114,NaN,NaN,No,No,NaN,403.158366840302,NaN,NaN,NaN
1083766,"4-tert-butyl-N-[5-[1-(4-fluorophenyl)-5-oxopyrrolidin-3-yl]-1,3,4-oxadiazol-2-yl]benzamide",Sintético / Indefinido,C23H23FN4O3,NaN,NaN,34.9,0,76.6178863804223,114,NaN,NaN,No,No,NaN,403.158366840302,NaN,NaN,NaN
1075923,"N-[(4-fluorophenyl)methyl]-5-(4-methoxyphenyl)-2,6-dimethyl-4-oxo-7H-pyrazolo[1,5-a]pyrazine-6-carboxamide",Sintético / Indefinido,C23H23FN4O3,NaN,NaN,34.9,0,76.6178863804223,114,NaN,NaN,No,No,NaN,403.158366840302,NaN,NaN,NaN
1087354,"7-[(4-chloro-2-fluorophenyl)methyl]-2-(4-methylpiperazin-1-yl)-5,6,8,9-tetrahydro-1H-pyrimido[4,5-d]azepin-4-one",Sintético / Indefinido,C20H24ClFN5O,NaN,NaN,31.8,0,60.0426817233478,114,NaN,NaN,No,No,NaN,403.158366840302,NaN,NaN,NaN
1088943,N-[1-[3-(1H-indol-3-yl)propanoyl]azetidin-3-yl]-N-(oxan-4-yl)methanesulfonamide,Sintético / Indefinido,C20H26N3O4S,NaN,NaN,34.3,0,75.1752882185273,114,NaN,NaN,No,No,NaN,403.158366840302,NaN,NaN,NaN
CSID16568840,arg-asp-asp,Metabólito Endógeno (HMDB),Yes,C14H24N6O8,NaN,NaN,36.5,0,82.7740430810822,114,Fragmento de peptídeo identificado por sequenciamento.,NaN,Oligopeptide,NaN,Yes,Yes,Regras Locais (Peptídeo),403.158366840302,NaN,NaN,NaN
CSID16569586,asp-arg-asp,Metabólito Endógeno (HMDB),Yes,C14H24N6O8,NaN,NaN,36.5,0,82.7740430810822,114,Fragmento de peptídeo identificado por sequenciamento.,NaN,Oligopeptide,NaN,Yes,Yes,Regras Locais (Peptídeo),403.158366840302,NaN,NaN,NaN
CSID16569623,asp-asp-arg,Metabólito Endógeno (HMDB),Yes,C14H24N6O8,NaN,NaN,36.5,0,82.7740430810822,114,Fragmento de peptídeo identificado por sequenciamento.,NaN,Oligopeptide,NaN,Yes,Yes,Regras Locais (Peptídeo),403.158366840302,NaN,NaN,NaN
CSID16576954,ala-asn-asn-ser,Metabólito Endógeno (HMDB),Yes,C14H24N6O8,NaN,NaN,36.5,0,82.7740430810822,114,Fragmento de peptídeo identificado por sequenciamento.,NaN,Oligopeptide,NaN,Yes,Yes,Regras Locais (Peptídeo),403.158366840302,NaN,NaN,NaN
CSID16577201,ala-asn-ser-asn,Metabólito Endógeno (HMDB),Yes,C14H24N6O8,NaN,NaN,36.5,0,82.7740430810822,114,Fragmento de peptídeo identificado por sequenciamento.,NaN,Oligopeptide,NaN,Yes,Yes,Regras Locais (Peptídeo),403.158366840302,NaN,NaN,NaN
CSID16582117,ala-ser-asn-asn,Metabólito Endógeno (HMDB),Yes,C14H24N6O8,NaN,NaN,36.5,0,82.7740430810822,114,Fragmento de peptídeo identificado por sequenciamento.,NaN,Oligopeptide,NaN,Yes,Yes,Regras Locais (Peptídeo),403.158366840302,NaN,NaN,NaN
CSID16592090,asn-ala-asn-ser,Metabólito Endógeno (HMDB),Yes,C14H24N6O8,NaN,NaN,36.5,0,82.7740430810822,114,Fragmento de peptídeo identificado por sequenciamento.,NaN,Oligopeptide,NaN,Yes,Yes,Regras Locais (Peptídeo),403.158366840302,NaN,NaN,NaN
CSID16592337,asn-ala-ser-asn,Metabólito Endógeno (HMDB),Yes,C14H24N6O8,NaN,NaN,36.5,0,82.7740430810822,114,Fragmento de peptídeo identificado por sequenciamento.,NaN,Oligopeptide,NaN,Yes,Yes,Regras Locais (Peptídeo),403.158366840302,NaN,NaN,NaN
CSID16592849,asn-asn-ala-ser,Metabólito Endógeno (HMDB),Yes,C14H24N6O8,NaN,NaN,36.5,0,82.7740430810822,114,Fragmento de peptídeo identificado por sequenciamento.,NaN,Oligopeptide,NaN,Yes,Yes,Regras Locais (Peptídeo),403.158366840302,NaN,NaN,NaN
CSID16592990,asn-asn-gly-thr,Metabólito Endógeno (HMDB),Yes,C14H24N6O8,NaN,NaN,36.5,0,82.7740430810822,114,Fragmento de peptídeo identificado por sequenciamento.,NaN,Oligopeptide,NaN,Yes,Yes,Regras Locais (Peptídeo),403.158366840302,NaN,NaN,NaN
CSID16593134,asn-asn-ser-ala,Metabólito Endógeno (HMDB),Yes,C14H24N6O8,NaN,NaN,36.5,0,82.7740430810822,114,Fragmento de peptídeo identificado por sequenciamento.,NaN,Oligopeptide,NaN,Yes,Yes,Regras Locais (Peptídeo),403.158366840302,NaN,NaN,NaN
CSID16593161,asn-asn-thr-gly,Metabólito Endógeno (HMDB),Yes,C14H24N6O8,NaN,NaN,36.5,0,82.7740430810822,114,Fragmento de peptídeo identificado por sequenciamento.,NaN,Oligopeptide,NaN,Yes,Yes,Regras Locais (Peptídeo),403.158366840302,NaN,NaN,NaN
CSID16594588,asn-gln-gly-ser,Metabólito Endógeno (HMDB),Yes,C14H24N6O8,NaN,NaN,36.5,0,82.7740430810822,114,Fragmento de peptídeo identificado por sequenciamento.,NaN,Oligopeptide,NaN,Yes,Yes,Regras Locais (Peptídeo),403.158366840302,NaN,NaN,NaN
CSID16594740,asn-gln-ser-gly,Metabólito Endógeno (HMDB),Yes,C14H24N6O8,NaN,NaN,36.5,0,82.7740430810822,114,Fragmento de peptídeo identificado por sequenciamento.,NaN,Oligopeptide,NaN,Yes,Yes,Regras Locais (Peptídeo),403.158366840302,NaN,NaN,NaN
CSID16594889,asn-gly-asn-thr,Metabólito Endógeno (HMDB),Yes,C14H24N6O8,NaN,NaN,36.5,0,82.7740430810822,114,Fragmento de peptídeo identificado por sequenciamento.,NaN,Oligopeptide,NaN,Yes,Yes,Regras Locais (Peptídeo),403.158366840302,NaN,NaN,NaN
CSID16594968,asn-gly-gln-ser,Metabólito Endógeno (HMDB),Yes,C14H24N6O8,NaN,NaN,36.5,0,82.7740430810822,114,Fragmento de peptídeo identificado por sequenciamento.,NaN,Oligopeptide,NaN,Yes,Yes,Regras Locais (Peptídeo),403.158366840302,NaN,NaN,NaN
CSID16595139,asn-gly-ser-gln,Metabólito Endógeno (HMDB),Yes,C14H24N6O8,NaN,NaN,36.5,0,82.7740430810822,114,Fragmento de peptídeo identificado por sequenciamento.,NaN,Oligopeptide,NaN,Yes,Yes,Regras Locais (Peptídeo),403.158366840302,NaN,NaN,NaN
CSID16595155,asn-gly-thr-asn,Metabólito Endógeno (HMDB),Yes,C14H24N6O8,NaN,NaN,36.5,0,82.7740430810822,114,Fragmento de peptídeo identificado por sequenciamento.,NaN,Oligopeptide,NaN,Yes,Yes,Regras Locais (Peptídeo),403.158366840302,NaN,NaN,NaN
CSID16598034,asn-ser-ala-asn,Metabólito Endógeno (HMDB),Yes,C14H24N6O8,NaN,NaN,36.5,0,82.7740430810822,114,Fragmento de peptídeo identificado por sequenciamento.,NaN,Oligopeptide,NaN,Yes,Yes,Regras Locais (Peptídeo),403.158366840302,NaN,NaN,NaN
CSID16598072,asn-ser-asn-ala,Metabólito Endógeno (HMDB),Yes,C14H24N6O8,NaN,NaN,36.5,0,82.7740430810822,114,Fragmento de peptídeo identificado por sequenciamento.,NaN,Oligopeptide,NaN,Yes,Yes,Regras Locais (Peptídeo),403.158366840302,NaN,NaN,NaN
CSID16598159,asn-ser-gln-gly,Metabólito Endógeno (HMDB),Yes,C14H24N6O8,NaN,NaN,36.5,0,82.7740430810822,114,Fragmento de peptídeo identificado por sequenciamento.,NaN,Oligopeptide,NaN,Yes,Yes,Regras Locais (Peptídeo),403.158366840302,NaN,NaN,NaN
CSID16598178,asn-ser-gly-gln,Metabólito Endógeno (HMDB),Yes,C14H24N6O8,NaN,NaN,36.5,0,82.7740430810822,114,Fragmento de peptídeo identificado por sequenciamento.,NaN,Oligopeptide,NaN,Yes,Yes,Regras Locais (Peptídeo),403.158366840302,NaN,NaN,NaN
CSID16598478,asn-thr-asn-gly,Metabólito Endógeno (HMDB),Yes,C14H24N6O8,NaN,NaN,36.5,0,82.7740430810822,114,Fragmento de peptídeo identificado por sequenciamento.,NaN,Oligopeptide,NaN,Yes,Yes,Regras Locais (Peptídeo),403.158366840302,NaN,NaN,NaN
CSID16598573,asn-thr-gly-asn,Metabólito Endógeno (HMDB),Yes,C14H24N6O8,NaN,NaN,36.5,0,82.7740430810822,114,Fragmento de peptídeo identificado por sequenciamento.,NaN,Oligopeptide,NaN,Yes,Yes,Regras Locais (Peptídeo),403.158366840302,NaN,NaN,NaN
CSID16624916,gln-asn-gly-ser,Metabólito Endógeno (HMDB),Yes,C14H24N6O8,NaN,NaN,36.5,0,82.7740430810822,114,Fragmento de peptídeo identificado por sequenciamento.,NaN,Oligopeptide,NaN,Yes,Yes,Regras Locais (Peptídeo),403.158366840302,NaN,NaN,NaN
CSID16625068,gln-asn-ser-gly,Metabólito Endógeno (HMDB),Yes,C14H24N6O8,NaN,NaN,36.5,0,82.7740430810822,114,Fragmento de peptídeo identificado por sequenciamento.,NaN,Oligopeptide,NaN,Yes,Yes,Regras Locais (Peptídeo),403.158366840302,NaN,NaN,NaN
CSID16626814,gln-gly-asn-ser,Metabólito Endógeno (HMDB),Yes,C14H24N6O8,NaN,NaN,36.5,0,82.7740430810822,114,Fragmento de peptídeo identificado por sequenciamento.,NaN,Oligopeptide,NaN,Yes,Yes,Regras Locais (Peptídeo),403.158366840302,NaN,NaN,NaN
CSID16627060,gln-gly-ser-asn,Metabólito Endógeno (HMDB),Yes,C14H24N6O8,NaN,NaN,36.5,0,82.7740430810822,114,Fragmento de peptídeo identificado por sequenciamento.,NaN,Oligopeptide,NaN,Yes,Yes,Regras Locais (Peptídeo),403.158366840302,NaN,NaN,NaN
CSID16630003,gln-ser-asn-gly,Metabólito Endógeno (HMDB),Yes,C14H24N6O8,NaN,NaN,36.5,0,82.7740430810822,114,Fragmento de peptídeo identificado por sequenciamento.,NaN,Oligopeptide,NaN,Yes,Yes,Regras Locais (Peptídeo),403.158366840302,NaN,NaN,NaN
CSID16630098,gln-ser-gly-asn,Metabólito Endógeno (HMDB),Yes,C14H24N6O8,NaN,NaN,36.5,0,82.7740430810822,114,Fragmento de peptídeo identificado por sequenciamento.,NaN,Oligopeptide,NaN,Yes,Yes,Regras Locais (Peptídeo),403.158366840302,NaN,NaN,NaN
CSID16632806,gly-asn-asn-thr,Metabólito Endógeno (HMDB),Yes,C14H24N6O8,NaN,NaN,36.5,0,82.7740430810822,114,Fragmento de peptídeo identificado por sequenciamento.,NaN,Oligopeptide,NaN,Yes,Yes,Regras Locais (Peptídeo),403.158366840302,NaN,NaN,NaN
CSID16632885,gly-asn-gln-ser,Metabólito Endógeno (HMDB),Yes,C14H24N6O8,NaN,NaN,36.5,0,82.7740430810822,114,Fragmento de peptídeo identificado por sequenciamento.,NaN,Oligopeptide,NaN,Yes,Yes,Regras Locais (Peptídeo),403.158366840302,NaN,NaN,NaN
CSID16633056,gly-asn-ser-gln,Metabólito Endógeno (HMDB),Yes,C14H24N6O8,NaN,NaN,36.5,0,82.7740430810822,114,Fragmento de peptídeo identificado por sequenciamento.,NaN,Oligopeptide,NaN,Yes,Yes,Regras Locais (Peptídeo),403.158366840302,NaN,NaN,NaN
CSID16633072,gly-asn-thr-asn,Metabólito Endógeno (HMDB),Yes,C14H24N6O8,NaN,NaN,36.5,0,82.7740430810822,114,Fragmento de peptídeo identificado por sequenciamento.,NaN,Oligopeptide,NaN,Yes,Yes,Regras Locais (Peptídeo),403.158366840302,NaN,NaN,NaN
CSID16634399,gly-gln-asn-ser,Metabólito Endógeno (HMDB),Yes,C14H24N6O8,NaN,NaN,36.5,0,82.7740430810822,114,Fragmento de peptídeo identificado por sequenciamento.,NaN,Oligopeptide,NaN,Yes,Yes,Regras Locais (Peptídeo),403.158366840302,NaN,NaN,NaN
CSID16634643,gly-gln-ser-asn,Metabólito Endógeno (HMDB),Yes,C14H24N6O8,NaN,NaN,36.5,0,82.7740430810822,114,Fragmento de peptídeo identificado por sequenciamento.,NaN,Oligopeptide,NaN,Yes,Yes,Regras Locais (Peptídeo),403.158366840302,NaN,NaN,NaN
CSID16637932,gly-ser-asn-gln,Metabólito Endógeno (HMDB),Yes,C14H24N6O8,NaN,NaN,36.5,0,82.7740430810822,114,Fragmento de peptídeo identificado por sequenciamento.,NaN,Oligopeptide,NaN,Yes,Yes,Regras Locais (Peptídeo),403.158366840302,NaN,NaN,NaN
CSID16638008,gly-ser-gln-asn,Metabólito Endógeno (HMDB),Yes,C14H24N6O8,NaN,NaN,36.5,0,82.7740430810822,114,Fragmento de peptídeo identificado por sequenciamento.,NaN,Oligopeptide,NaN,Yes,Yes,Regras Locais (Peptídeo),403.158366840302,NaN,NaN,NaN
CSID16638328,gly-thr-asn-asn,Metabólito Endógeno (HMDB),Yes,C14H24N6O8,NaN,NaN,36.5,0,82.7740430810822,114,Fragmento de peptídeo identificado por sequenciamento.,NaN,Oligopeptide,NaN,Yes,Yes,Regras Locais (Peptídeo),403.158366840302,NaN,NaN,NaN
CSID16695753,ser-ala-asn-asn,Metabólito Endógeno (HMDB),Yes,C14H24N6O8,NaN,NaN,36.5,0,82.7740430810822,114,Fragmento de peptídeo identificado por sequenciamento.,NaN,Oligopeptide,NaN,Yes,Yes,Regras Locais (Peptídeo),403.158366840302,NaN,NaN,NaN
CSID16696513,ser-asn-ala-asn,Metabólito Endógeno (HMDB),Yes,C14H24N6O8,NaN,NaN,36.5,0,82.7740430810822,114,Fragmento de peptídeo identificado por sequenciamento.,NaN,Oligopeptide,NaN,Yes,Yes,Regras Locais (Peptídeo),403.158366840302,NaN,NaN,NaN
CSID16696551,ser-asn-asn-ala,Metabólito Endógeno (HMDB),Yes,C14H24N6O8,NaN,NaN,36.5,0,82.7740430810822,114,Fragmento de peptídeo identificado por sequenciamento.,NaN,Oligopeptide,NaN,Yes,Yes,Regras Locais (Peptídeo),403.158366840302,NaN,NaN,NaN
CSID16696638,ser-asn-gln-gly,Metabólito Endógeno (HMDB),Yes,C14H24N6O8,NaN,NaN,36.5,0,82.7740430810822,114,Fragmento de peptídeo identificado por sequenciamento.,NaN,Oligopeptide,NaN,Yes,Yes,Regras Locais (Peptídeo),403.158366840302,NaN,NaN,NaN
CSID16696657,ser-asn-gly-gln,Metabólito Endógeno (HMDB),Yes,C14H24N6O8,NaN,NaN,36.5,0,82.7740430810822,114,Fragmento de peptídeo identificado por sequenciamento.,NaN,Oligopeptide,NaN,Yes,Yes,Regras Locais (Peptídeo),403.158366840302,NaN,NaN,NaN
CSID16698156,ser-gln-asn-gly,Metabólito Endógeno (HMDB),Yes,C14H24N6O8,NaN,NaN,36.5,0,82.7740430810822,114,Fragmento de peptídeo identificado por sequenciamento.,NaN,Oligopeptide,NaN,Yes,Yes,Regras Locais (Peptídeo),403.158366840302,NaN,NaN,NaN
CSID16698251,ser-gln-gly-asn,Metabólito Endógeno (HMDB),Yes,C14H24N6O8,NaN,NaN,36.5,0,82.7740430810822,114,Fragmento de peptídeo identificado por sequenciamento.,NaN,Oligopeptide,NaN,Yes,Yes,Regras Locais (Peptídeo),403.158366840302,NaN,NaN,NaN
CSID16698555,ser-gly-asn-gln,Metabólito Endógeno (HMDB),Yes,C14H24N6O8,NaN,NaN,36.5,0,82.7740430810822,114,Fragmento de peptídeo identificado por sequenciamento.,NaN,Oligopeptide,NaN,Yes,Yes,Regras Locais (Peptídeo),403.158366840302,NaN,NaN,NaN
CSID16698631,ser-gly-gln-asn,Metabólito Endógeno (HMDB),Yes,C14H24N6O8,NaN,NaN,36.5,0,82.7740430810822,114,Fragmento de peptídeo identificado por sequenciamento.,NaN,Oligopeptide,NaN,Yes,Yes,Regras Locais (Peptídeo),403.158366840302,NaN,NaN,NaN
CSID16704553,thr-asn-asn-gly,Metabólito Endógeno (HMDB),Yes,C14H24N6O8,NaN,NaN,36.5,0,82.7740430810822,114,Fragmento de peptídeo identificado por sequenciamento.,NaN,Oligopeptide,NaN,Yes,Yes,Regras Locais (Peptídeo),403.158366840302,NaN,NaN,NaN
CSID16704648,thr-asn-gly-asn,Metabólito Endógeno (HMDB),Yes,C14H24N6O8,NaN,NaN,36.5,0,82.7740430810822,114,Fragmento de peptídeo identificado por sequenciamento.,NaN,Oligopeptide,NaN,Yes,Yes,Regras Locais (Peptídeo),403.158366840302,NaN,NaN,NaN
CSID16706548,thr-gly-asn-asn,Metabólito Endógeno (HMDB),Yes,C14H24N6O8,NaN,NaN,36.5,0,82.7740430810822,114,Fragmento de peptídeo identificado por sequenciamento.,NaN,Oligopeptide,NaN,Yes,Yes,Regras Locais (Peptídeo),403.158366840302,NaN,NaN,NaN
1092143,"7-[(4-chloro-3-fluorophenyl)methyl]-2-(4-methylpiperazin-1-yl)-5,6,8,9-tetrahydro-1H-pyrimido[4,5-d]azepin-4-one",Sintético / Indefinido,C20H24ClFN5O,NaN,NaN,31.8,0,60.0426817233478,114,NaN,NaN,No,No,NaN,403.158366840302,NaN,NaN,NaN
1090959,"4-[4-(4-fluorophenyl)piperazine-1-carbonyl]-1-(2-methyl-1,3-benzoxazol-5-yl)pyrrolidin-2-one",Sintético / Indefinido,C23H23FN4O3,NaN,NaN,34.9,0,76.6178863804223,114,NaN,NaN,No,No,NaN,403.158366840302,NaN,NaN,NaN
1090359,2-(4-propan-2-ylphenyl)-6-[4-(2-thiophen-2-ylacetyl)piperazin-1-yl]pyridazin-3-one,Sintético / Indefinido,C23H26N4O2S,NaN,NaN,33.8,0,72.8768963588922,114,NaN,NaN,No,No,NaN,403.158366840302,NaN,NaN,NaN
1094714,"N'-(2-fluorophenyl)-N'-methyl-N-(12-oxo-7,8,9,10-tetrahydro-6H-azepino[2,1-b]quinazolin-2-yl)propanediamide",Sintético / Indefinido,C23H23FN4O3,NaN,NaN,34.9,0,76.6178863804223,114,NaN,NaN,No,No,NaN,403.158366840302,NaN,NaN,NaN
CSID8155833,Fluprednidene acetate,Sintético / Indefinido,C24H29FO6,CC(=O)OCC(=O)[C@]1(C(=C)C[C@@H]2[C@@]1(C[C@@H]([C@]3([C@H]2CCC4=CC(=O)C=C[C@@]43C)F)O)C)O,"[2-[(8S,9R,10S,11S,13S,14S,17R)-9-fluoro-11,17-dihydroxy-10,13-dimethyl-16-methylidene-3-oxo-7,8,11,12,14,15-hexahydro-6H-cyclopenta[a]phenanthren-17-yl]-2-oxoethyl] acetate",35.6,0,79.661707495712,131,NaN,NaN,No,No,NaN,431.188063993956,DEFOZIFYUBUHHU-IYQKUMFPSA-N,NaN,NaN
1036331,"N-[3-[benzyl(methyl)amino]propyl]-3-pyrrol-1-ylthieno[2,3-b]pyridine-2-carboxamide",Sintético / Indefinido,C23H24N4OS,NaN,NaN,33.8,0,73.0692168781293,114,NaN,NaN,No,No,NaN,403.158366840302,NaN,NaN,NaN
1086191,"2-(6-benzyl-2-ethyl-4-oxo-7,8-dihydro-5H-pyrido[4,3-d]pyrimidin-3-yl)-N-(thiophen-2-ylmethyl)acetamide",Sintético / Indefinido,C23H26N4O2S,NaN,NaN,33.8,0,72.8768963588922,114,NaN,NaN,No,No,NaN,403.158366840302,NaN,NaN,NaN
1096403,"N-[(1-methylbenzimidazol-2-yl)methyl]-2-(pyrrolidine-1-carbonyl)-4,5,6,7-tetrahydro-1-benzothiophene-5-carboxamide",Sintético / Indefinido,C23H26N4O2S,NaN,NaN,33.8,0,72.8768963588922,114,NaN,NaN,No,No,NaN,403.158366840302,NaN,NaN,NaN
1088384,"N-(3-acetylphenyl)-3-[(4-fluorophenoxy)methyl]-1-methyl-6,7-dihydro-4H-pyrazolo[4,3-c]pyridine-5-carboxamide",Sintético / Indefinido,C23H23FN4O3,NaN,NaN,34.9,0,76.6178863804223,114,NaN,NaN,No,No,NaN,403.158366840302,NaN,NaN,NaN
1097347,N-(1-benzylpiperidin-4-yl)-2-(4-methyl-3-oxoquinoxalin-2-yl)sulfanylacetamide,Sintético / Indefinido,C23H26N4O2S,NaN,NaN,33.8,0,72.8768963588922,114,NaN,NaN,No,No,NaN,403.158366840302,NaN,NaN,NaN
1028164,1-[1-(4-fluorophenyl)-6-oxopyridazin-3-yl]-N-(4-methoxyphenyl)piperidine-3-carboxamide,Sintético / Indefinido,C23H23FN4O3,NaN,NaN,34.9,0,76.6178863804223,114,NaN,NaN,No,No,NaN,403.158366840302,NaN,NaN,NaN
1034290,"4-[4-(2-fluorophenyl)piperazine-1-carbonyl]-1-(2-methyl-1,3-benzoxazol-5-yl)pyrrolidin-2-one",Sintético / Indefinido,C23H23FN4O3,NaN,NaN,34.9,0,76.6178863804223,114,NaN,NaN,No,No,NaN,403.158366840302,NaN,NaN,NaN
1098106,"3,5-dimethyl-N-[2-phenyl-1-(5-thiomorpholin-4-yl-1,3,4-oxadiazol-2-yl)ethyl]benzamide",Sintético / Indefinido,C23H26N4O2S,NaN,NaN,33.8,0,72.8768963588922,114,NaN,NaN,No,No,NaN,403.158366840302,NaN,NaN,NaN
17022,Asp Arg Asp,Sintético / Indefinido,C14H24N6O8,NaN,NaN,36.5,0,82.7740430810822,114,NaN,NaN,No,No,NaN,403.158366840302,NaN,NaN,NaN
22227,Asp Asp Arg,Sintético / Indefinido,C14H24N6O8,NaN,NaN,36.5,0,82.7740430810822,114,NaN,NaN,No,No,NaN,403.158366840302,NaN,NaN,NaN
993468,"N-(cyclopropylmethyl)-1-[3-(4-methylphenyl)-4-oxothieno[3,2-d]pyrimidin-2-yl]piperidine-3-carboxamide",Sintético / Indefinido,C23H26N4O2S,NaN,NaN,33.8,0,72.8768963588922,114,NaN,NaN,No,No,NaN,403.158366840302,NaN,NaN,NaN
996501,"(4-ethoxyphenyl)-[4-[5-(4-ethyl-1,3-thiazol-2-yl)pyridin-2-yl]piperazin-1-yl]methanone",Sintético / Indefinido,C23H26N4O2S,NaN,NaN,33.8,0,72.8768963588922,114,NaN,NaN,No,No,NaN,403.158366840302,NaN,NaN,NaN
22441,Arg Asp Asp,Sintético / Indefinido,C14H24N6O8,NaN,NaN,36.5,0,82.7740430810822,114,NaN,NaN,No,No,NaN,403.158366840302,NaN,NaN,NaN
994726,2-(4-phenylpiperazin-1-yl)-6-pyrrolidin-1-ylsulfonylquinoline,Sintético / Indefinido,C23H26N4O2S,NaN,NaN,33.8,0,72.8768963588922,114,NaN,NaN,No,No,NaN,403.158366840302,NaN,NaN,NaN
996901,"N-[3-[(4-pyridin-2-ylpiperazin-1-yl)methyl]-4,5,6,7-tetrahydro-1-benzothiophen-2-yl]furan-2-carboxamide",Sintético / Indefinido,C23H26N4O2S,NaN,NaN,33.8,0,72.8768963588922,114,NaN,NaN,No,No,NaN,403.158366840302,NaN,NaN,NaN
997969,"1-([1]benzofuro[3,2-d]pyrimidin-4-yl)-N-[(4-fluorophenyl)methyl]piperidine-3-carboxamide",Sintético / Indefinido,C23H21FN4O2,NaN,NaN,34.9,0,76.816969493788,114,NaN,NaN,No,No,NaN,403.158366840302,NaN,NaN,NaN
999513,"1-[6-(2,5-dimethylphenyl)sulfanylpyridazin-3-yl]-N-(furan-2-ylmethyl)piperidine-4-carboxamide",Sintético / Indefinido,C23H26N4O2S,NaN,NaN,33.8,0,72.8768963588922,114,NaN,NaN,No,No,NaN,403.158366840302,NaN,NaN,NaN
999259,"N'-(3-fluoro-4-methylphenyl)-N-(12-oxo-7,8,9,10-tetrahydro-6H-azepino[2,1-b]quinazolin-2-yl)propanediamide",Sintético / Indefinido,C23H23FN4O3,NaN,NaN,34.9,0,76.6178863804223,114,NaN,NaN,No,No,NaN,403.158366840302,NaN,NaN,NaN
CSID67032472,"1,2,6,8,9,10-Hexaaza-3,4-disiladispiro[4.1.4.1]dodecane",Sintético / Indefinido,C4H10N6Si2,NaN,NaN,34.9,0,80.0421696994678,114,NaN,NaN,No,No,NaN,403.158366840302,NaN,NaN,NaN
CSID26325044,"5,5′-([2,2′-Bipyridine]-5,5′-diylbis(ethane-2,1-diyl))dipicolinaldehyde",Sintético / Indefinido,C26H22N4O2,NaN,NaN,33.8,0,74.3767036076924,114,NaN,NaN,No,No,NaN,403.158366840302,NaN,NaN,NaN
CSID66000290,"{[(Methoxymethyl)silanediyl]bis(2,1-phenyleneoxy)}bis(trimethylsilane)",Sintético / Indefinido,C20H31O3Si3,NaN,NaN,32.4,0,62.9120537443413,114,NaN,NaN,No,No,NaN,403.158366840302,NaN,NaN,NaN
CSID67030613,"1,1-Bis[2-(5-methoxy-1H-indol-3-yl)ethyl]thiourea",Sintético / Indefinido,C23H26N4O2S,NaN,NaN,33.8,0,72.8768963588922,114,NaN,NaN,No,No,NaN,403.158366840302,NaN,NaN,NaN
CSID65998116,"{[(Silylmethoxy)methylene]bis(2,1-phenyleneoxy)}bis(trimethylsilane)",Sintético / Indefinido,C20H29O3Si3,NaN,NaN,32.4,0,62.926511142052,114,NaN,NaN,No,No,NaN,403.158366840302,NaN,NaN,NaN
CSID67026345,"2,2′-(2,5-Furandiyl)bis(2,3-dihydro-1H-perimidine)",Sintético / Indefinido,C26H20N4O,NaN,NaN,33.8,0,74.569236897186,114,NaN,NaN,No,No,NaN,403.158366840302,NaN,NaN,NaN
CSID30790935,N-[(1S)-4-Carbamimidamido-1-carboxybutyl]asparaginylaspartic acid,Sintético / Indefinido,C14H24N6O8,NaN,NaN,36.5,0,82.7740430810822,114,NaN,NaN,No,No,NaN,403.158366840302,NaN,NaN,NaN
CSID67162073,"1-(1-Naphthyl)-2,4,5-triphenyl-1H-imidazole",Sintético / Indefinido,C31H22N2,NaN,NaN,33.1,0,71.3448181169115,114,NaN,NaN,No,No,NaN,403.158366840302,NaN,NaN,NaN
CSID67032250,"1,3-Bis[2-(5-methoxy-1H-indol-3-yl)ethyl]thiourea",Sintético / Indefinido,C23H26N4O2S,NaN,NaN,33.8,0,72.8768963588922,114,NaN,NaN,No,No,NaN,403.158366840302,NaN,NaN,NaN
147299,"(2R,3R)-2-(3,4-dihydroxyphenyl)-8-[(2R,3S,4S)-2-(3,4-dihydroxyphenyl)-3,5,7-trihydroxy-3,4-dihydro-2H-chromen-4-yl]-3,4-dihydro-2H-chromene-3,5,7-triol",Sintético / Indefinido,C30H26O12,NaN,NaN,34.9,0,75.835009332663,110,NaN,NaN,No,No,NaN,559.125150083762,NaN,NaN,NaN
1043397,"(2-amino-4-phenyl-1,3-thiazol-5-yl)-phenylmethanone",Sintético / Indefinido,C16H12N2OS,NaN,NaN,36.4,0,85.4643405855578,110,NaN,NaN,No,No,NaN,559.125150083762,NaN,NaN,NaN
122738,"(2R,3R)-2-(3,4-dihydroxyphenyl)-8-[(2R,3R,4R)-2-(3,4-dihydroxyphenyl)-3,5,7-trihydroxy-3,4-dihydro-2H-chromen-4-yl]-3,4-dihydro-2H-chromene-3,5,7-triol",Sintético / Indefinido,C30H26O12,NaN,NaN,34.9,0,75.835009332663,110,NaN,NaN,No,No,NaN,559.125150083762,NaN,NaN,NaN
146798,"(2R,3S)-2-(3,4-dihydroxyphenyl)-8-[(2R,3S,4S)-2-(3,4-dihydroxyphenyl)-3,5,7-trihydroxy-3,4-dihydro-2H-chromen-4-yl]-3,4-dihydro-2H-chromene-3,5,7-triol",Sintético / Indefinido,C30H26O12,NaN,NaN,34.9,0,75.835009332663,110,NaN,NaN,No,No,NaN,559.125150083762,NaN,NaN,NaN
294112,Adriamycin hydrochloride,Sintético / Indefinido,C27H29ClNO11,NaN,NaN,31.8,0,59.2669512630899,110,NaN,NaN,No,No,NaN,559.125150083762,NaN,NaN,NaN
474541,"(2R,3R)-2-(3,4-dihydroxyphenyl)-6-[(2R,3S,4R)-2-(3,4-dihydroxyphenyl)-3,5,7-trihydroxy-3,4-dihydro-2H-chromen-4-yl]-3,4-dihydro-2H-chromene-3,5,7-triol",Sintético / Indefinido,C30H26O12,NaN,NaN,34.9,0,75.835009332663,110,NaN,NaN,No,No,NaN,559.125150083762,NaN,NaN,NaN
CSID10193197,(2Z)-2-{4-[(Z)-2-Carboxy-2-{4-[(E)-2-carboxyvinyl]-2-methoxyphenoxy}vinyl]-2-methoxyphenoxy}-3-(4-hydroxy-3-methoxyphenyl)acrylic acid,Sintético / Indefinido,C30H26O12,NaN,NaN,50.6,78.4,75.835009332663,110,NaN,NaN,No,No,NaN,559.125150083762,NaN,NaN,NaN
CSID10176671,hypocrellin D,Sintético / Indefinido,C30H26O12,NaN,NaN,49.4,72.1,75.835009332663,110,NaN,NaN,No,No,NaN,559.125150083762,NaN,NaN,NaN
47501,Procyanidin B2,Sintético / Indefinido,C30H26O12,NaN,NaN,34.9,0,75.835009332663,110,NaN,NaN,No,No,NaN,559.125150083762,NaN,NaN,NaN
CSID10290138,Mahuannin C,Sintético / Indefinido,C30H24O11,NaN,NaN,46.6,58,76.0355378254222,110,NaN,NaN,No,No,NaN,559.125150083762,NaN,NaN,NaN
CSID10222345,"8-(9,10-Dihydroxy-7-methoxy-3-methyl-1-oxo-3,4-dihydro-1H-benzo[g]isochromen-8-yl)-6-hydroxy-9-methoxy-3-methyl-3,4-dihydro-1H-benzo[h]isochromene-1,7,10-trione",Sintético / Indefinido,C30H24O11,NaN,NaN,49.5,72.4,76.0355378254222,110,NaN,NaN,No,No,NaN,559.125150083762,NaN,NaN,NaN
CSID10306116,5-Hydroxy-2-(4-hydroxyphenyl)-4-oxo-4H-chromen-7-yl 4-O-[(2Z)-3-(4-hydroxyphenyl)-2-propenoyl]-β-D-glucopyranoside,Sintético / Indefinido,C30H26O12,NaN,NaN,49.4,72.1,75.835009332663,110,NaN,NaN,No,No,NaN,559.125150083762,NaN,NaN,NaN
CSID10306119,"2-(3,4-Dihydroxyphenyl)-5-hydroxy-4-oxo-4H-chromen-7-yl 6-O-[(2E)-3-phenyl-2-propenoyl]-β-D-glucopyranoside",Sintético / Indefinido,C30H26O12,NaN,NaN,49.8,74.2,75.835009332663,110,NaN,NaN,No,No,NaN,559.125150083762,NaN,NaN,NaN
CSID109417,(+)-Procyanidin B2,Sintético / Indefinido,C30H26O12,NaN,NaN,34.9,0,75.835009332663,110,NaN,NaN,No,No,NaN,559.125150083762,NaN,NaN,NaN
CSID10673608,"2,2′-Bis(3,4-dihydroxyphenyl)-3,3′,4,4′-tetrahydro-2H,2′H-4,6′-bichromene-3,3′,5,5′,7,7′-hexol",Sintético / Indefinido,C30H26O12,NaN,NaN,34.9,0,75.835009332663,110,NaN,NaN,No,No,NaN,559.125150083762,NaN,NaN,NaN
CSID129476,Procyanidin B3,Sintético / Indefinido,C30H26O12,NaN,NaN,34.9,0,75.835009332663,110,NaN,NaN,No,No,NaN,559.125150083762,NaN,NaN,NaN
CSID110533,Procyanidin B5,Sintético / Indefinido,C30H26O12,NaN,NaN,34.9,0,75.835009332663,110,NaN,NaN,No,No,NaN,559.125150083762,NaN,NaN,NaN
CSID115269410,5-Hydroxy-2-(4-hydroxyphenyl)-4-oxo-4H-chromen-7-yl 2-O-[(2E)-3-(4-hydroxyphenyl)-2-propenoyl]-β-D-glucopyranoside,Sintético / Indefinido,C30H26O12,NaN,NaN,49.4,72.1,75.835009332663,110,NaN,NaN,No,No,NaN,559.125150083762,NaN,NaN,NaN
CSID115269384,4-[7-(β-D-Glucopyranosyloxy)-5-hydroxy-4-oxo-4H-chromen-2-yl]phenyl (2E)-3-(4-hydroxyphenyl)acrylate,Sintético / Indefinido,C30H26O12,NaN,NaN,50.8,79.2,75.835009332663,110,NaN,NaN,No,No,NaN,559.125150083762,NaN,NaN,NaN
CSID115269898,"5,7-Dihydroxy-2-(4-hydroxyphenyl)-4-oxo-4H-chromen-3-yl 6-O-[(2Z)-3-phenyl-2-propenoyl]-β-D-glucopyranoside",Sintético / Indefinido,C30H26O12,NaN,NaN,49.8,74.3,75.835009332663,110,NaN,NaN,No,No,NaN,559.125150083762,NaN,NaN,NaN
CSID115269230,5-Hydroxy-3-(4-hydroxyphenyl)-4-oxo-4H-chromen-7-yl 2-O-[(2E)-3-(4-hydroxyphenyl)-2-propenoyl]-β-D-glucopyranoside,Sintético / Indefinido,C30H26O12,NaN,NaN,49.4,72.1,75.835009332663,110,NaN,NaN,No,No,NaN,559.125150083762,NaN,NaN,NaN
CSID115269973,"5,7-Dihydroxy-2-(4-hydroxyphenyl)-4-oxo-4H-chromen-3-yl 6-deoxy-2-O-[(2Z)-3-(4-hydroxyphenyl)-2-propenoyl]-α-L-mannopyranoside",Sintético / Indefinido,C30H26O12,NaN,NaN,49.4,72.1,75.835009332663,110,NaN,NaN,No,No,NaN,559.125150083762,NaN,NaN,NaN
CSID115490,"2,2′-Bis(3,4-dihydroxyphenyl)-3,3′,4,4′-tetrahydro-2H,2′H-4,8′-bichromene-3,3′,5,5′,7,7′-hexol",Sintético / Indefinido,C30H26O12,NaN,NaN,34.9,0,75.835009332663,110,NaN,NaN,No,No,NaN,559.125150083762,NaN,NaN,NaN
11649946,"(2R,3R)-2-(3,4-dihydroxyphenyl)-6-[(2R,3S,4S)-2-(3,4-dihydroxyphenyl)-3,5,7-trihydroxy-3,4-dihydro-2H-chromen-4-yl]-3,4-dihydro-2H-chromene-3,5,7-triol",Sintético / Indefinido,C30H26O12,NaN,NaN,34.9,0,75.835009332663,110,NaN,NaN,No,No,NaN,559.125150083762,NaN,NaN,NaN
11250133,"(2R,3S)-2-(3,4-dihydroxyphenyl)-8-[(2R,3R,4R)-2-(3,4-dihydroxyphenyl)-3,5,7-trihydroxy-3,4-dihydro-2H-chromen-4-yl]-3,4-dihydro-2H-chromene-3,5,7-triol",Sintético / Indefinido,C30H26O12,NaN,NaN,34.9,0,75.835009332663,110,NaN,NaN,No,No,NaN,559.125150083762,NaN,NaN,NaN
CSID20578948,"5,7-Dihydroxy-2-(4-hydroxyphenyl)-4-oxo-4H-chromen-3-yl 6-deoxy-3-O-[(2E)-3-(4-hydroxyphenyl)-2-propenoyl]-α-L-mannopyranoside",Sintético / Indefinido,C30H26O12,NaN,NaN,49.4,72.1,75.835009332663,110,NaN,NaN,No,No,NaN,559.125150083762,NaN,NaN,NaN
CSID21494002,Butyl(dimethyl)(trimethylstannyl)silane,Sintético / Indefinido,C9H24SiSn,NaN,NaN,19.6,0,0.782590293961227,110,NaN,NaN,No,No,NaN,559.125150083762,NaN,NaN,NaN
CSID23291790,5-hydroxy-2-(4-hydroxyphenyl)-4-oxo-4H-chromen-7-yl 3-O-[(2E)-3-(4-hydroxyphenyl)prop-2-enoyl]-β-D-glucopyranoside,Sintético / Indefinido,C30H26O12,NaN,NaN,49.4,72.1,75.835009332663,110,NaN,NaN,No,No,NaN,559.125150083762,NaN,NaN,NaN
CSID24842762,5-Hydroxy-3-(4-hydroxyphenyl)-4-oxo-4H-chromen-7-yl 2-O-[(2E)-3-(4-hydroxyphenyl)-2-propenoyl]-β-D-threo-hexopyranoside,Sintético / Indefinido,C30H26O12,NaN,NaN,49.4,72.1,75.835009332663,110,NaN,NaN,No,No,NaN,559.125150083762,NaN,NaN,NaN
CSID24843387,4-[7-(β-D-threo-Hexopyranosyloxy)-5-hydroxy-4-oxo-4H-chromen-2-yl]phenyl (2E)-3-(4-hydroxyphenyl)acrylate,Sintético / Indefinido,C30H26O12,NaN,NaN,50.8,79.2,75.835009332663,110,NaN,NaN,No,No,NaN,559.125150083762,NaN,NaN,NaN
CSID24843452,5-Hydroxy-2-(4-hydroxyphenyl)-4-oxo-4H-chromen-7-yl 2-O-[(2E)-3-(4-hydroxyphenyl)-2-propenoyl]-β-D-threo-hexopyranoside,Sintético / Indefinido,C30H26O12,NaN,NaN,49.4,72.1,75.835009332663,110,NaN,NaN,No,No,NaN,559.125150083762,NaN,NaN,NaN
CSID24843423,5-Hydroxy-2-(4-hydroxyphenyl)-4-oxo-4H-chromen-7-yl 4-O-[(2E)-3-(4-hydroxyphenyl)-2-propenoyl]-β-D-threo-hexopyranoside,Sintético / Indefinido,C30H26O12,NaN,NaN,49.4,72.1,75.835009332663,110,NaN,NaN,No,No,NaN,559.125150083762,NaN,NaN,NaN
CSID24843424,5-Hydroxy-2-(4-hydroxyphenyl)-4-oxo-4H-chromen-7-yl 6-O-[(2E)-3-(4-hydroxyphenyl)-2-propenoyl]-β-D-threo-hexopyranoside,Sintético / Indefinido,C30H26O12,NaN,NaN,49.8,74.2,75.835009332663,110,NaN,NaN,No,No,NaN,559.125150083762,NaN,NaN,NaN
CSID24843453,5-Hydroxy-2-(4-hydroxyphenyl)-4-oxo-4H-chromen-7-yl 3-O-[(2E)-3-(4-hydroxyphenyl)-2-propenoyl]-β-D-threo-hexopyranoside,Sintético / Indefinido,C30H26O12,NaN,NaN,49.4,72.1,75.835009332663,110,NaN,NaN,No,No,NaN,559.125150083762,NaN,NaN,NaN
CSID24843281,"(1S)-1,5-Anhydro-1-[5,7-dihydroxy-2-(4-hydroxyphenyl)-4-oxo-4H-chromen-8-yl]-2-O-[(2E)-3-(4-hydroxyphenyl)-2-propenoyl]-D-threo-hexitol",Sintético / Indefinido,C30H26O12,NaN,NaN,49.4,72.1,75.835009332663,110,NaN,NaN,No,No,NaN,559.125150083762,NaN,NaN,NaN
CSID24844532,"5,7-Dihydroxy-2-(4-hydroxyphenyl)-4-oxo-4H-chromen-3-yl 6-O-[(2Z)-3-phenyl-2-propenoyl]-β-D-erythro-hexopyranoside",Sintético / Indefinido,C30H26O12,NaN,NaN,49.8,74.3,75.835009332663,110,NaN,NaN,No,No,NaN,559.125150083762,NaN,NaN,NaN
CSID24843726,"2-(3,4-Dihydroxyphenyl)-5-hydroxy-4-oxo-4H-chromen-7-yl 6-O-[(2E)-3-phenyl-2-propenoyl]-β-D-threo-hexopyranoside",Sintético / Indefinido,C30H26O12,NaN,NaN,49.8,74.2,75.835009332663,110,NaN,NaN,No,No,NaN,559.125150083762,NaN,NaN,NaN
CSID129882,Procyanidin B4,Sintético / Indefinido,C30H26O12,NaN,NaN,34.9,0,75.835009332663,110,NaN,NaN,No,No,NaN,559.125150083762,NaN,NaN,NaN
CSID24844628,"5,7-Dihydroxy-2-(4-hydroxyphenyl)-4-oxo-4H-chromen-3-yl 6-deoxy-2-O-[(2E)-3-(4-hydroxyphenyl)-2-propenoyl]-α-L-erythro-hexopyranoside",Sintético / Indefinido,C30H26O12,NaN,NaN,49.4,72.1,75.835009332663,110,NaN,NaN,No,No,NaN,559.125150083762,NaN,NaN,NaN
CSID28283536,"4-(5,7-Dihydroxy-4-oxo-4H-chromen-2-yl)phenyl 2-O-[(2E)-3-(4-hydroxyphenyl)-2-propenoyl]-β-D-mannopyranoside",Sintético / Indefinido,C30H26O12,NaN,NaN,49.4,72.1,75.835009332663,110,NaN,NaN,No,No,NaN,559.125150083762,NaN,NaN,NaN
CSID30777245,"(2R,3S,4S)-2-(3,4-Dihydroxyphenyl)-4-[(3R,4S)-3-(3,4-dihydroxyphenyl)-4,6,8-trihydroxy-3,4-dihydro-1H-isochromen-7-yl]-3,5,7-chromanetriol",Sintético / Indefinido,C30H26O12,NaN,NaN,34.9,0,75.835009332663,110,NaN,NaN,No,No,NaN,559.125150083762,NaN,NaN,NaN
CSID30777246,"(2R,3S,4R)-2-(3,4-Dihydroxyphenyl)-4-[(3R,4R)-3-(3,4-dihydroxyphenyl)-4,6,8-trihydroxy-3,4-dihydro-1H-isochromen-7-yl]-3,5,7-chromanetriol",Sintético / Indefinido,C30H26O12,NaN,NaN,34.9,0,75.835009332663,110,NaN,NaN,No,No,NaN,559.125150083762,NaN,NaN,NaN
CSID24844629,"5,7-Dihydroxy-2-(4-hydroxyphenyl)-4-oxo-4H-chromen-3-yl 6-deoxy-4-O-[(2E)-3-(4-hydroxyphenyl)-2-propenoyl]-α-L-erythro-hexopyranoside",Sintético / Indefinido,C30H26O12,NaN,NaN,49.4,72.1,75.835009332663,110,NaN,NaN,No,No,NaN,559.125150083762,NaN,NaN,NaN
CSID28708244,11-Bromo-10-hydroxyundecanoic acid,Sintético / Indefinido,C11H21BrO3,NaN,NaN,40.4,58.8,48.2426423271966,110,NaN,NaN,No,No,NaN,559.125150083762,NaN,NaN,NaN
CSID30842043,"29H,30H-Phthalocyanine-2,9,16,23-tetrol",Sintético / Indefinido,C32H18N8O4,NaN,NaN,33.9,0,73.5636354975671,110,NaN,NaN,No,No,NaN,559.125150083762,NaN,NaN,NaN
CSID28285324,"(2S,3S)-2-(2,4-Dihydroxyphenyl)-8-{5-hydroxy-2-[(2S,3S)-3,5,7-trihydroxy-3,4-dihydro-2H-chromen-2-yl]phenoxy}-3,5,7-chromanetriol",Sintético / Indefinido,C30H26O12,NaN,NaN,34.9,0,75.835009332663,110,NaN,NaN,No,No,NaN,559.125150083762,NaN,NaN,NaN
CSID24844680,"5,7-Dihydroxy-2-(4-hydroxyphenyl)-4-oxo-4H-chromen-3-yl 6-deoxy-2-O-[(2Z)-3-(4-hydroxyphenyl)-2-propenoyl]-α-L-erythro-hexopyranoside",Sintético / Indefinido,C30H26O12,NaN,NaN,49.4,72.1,75.835009332663,110,NaN,NaN,No,No,NaN,559.125150083762,NaN,NaN,NaN
CSID28282987,"(4R,5R,5aS,12bR,13cS,13dR)-1,3,5,7,9,11-Hexahydroxy-13d-[(4-hydroxy-2-oxo-2H-pyran-6-yl)methyl]-4-methyl-5a,12b,13c,13d-tetrahydro-4H-naphtho[2,1,8,7-ghij]tetraphene-8,13(5H,6H)-dione",Sintético / Indefinido,C30H24O11,NaN,NaN,49.5,72.5,76.0355378254222,110,NaN,NaN,No,No,NaN,559.125150083762,NaN,NaN,NaN
CSID28637678,"(2Z)-3-{5′-[(E)-2-Carboxyvinyl]-2′,6-dihydroxy-3′,5-dimethoxy-3-biphenylyl}-2-{4-[(E)-2-carboxyvinyl]-2-methoxyphenoxy}acrylic acid",Sintético / Indefinido,C30H26O12,NaN,NaN,50.6,78.4,75.835009332663,110,NaN,NaN,No,No,NaN,559.125150083762,NaN,NaN,NaN
CSID24843422,5-Hydroxy-2-(4-hydroxyphenyl)-4-oxo-4H-chromen-7-yl 4-O-[(2Z)-3-(4-hydroxyphenyl)-2-propenoyl]-β-D-threo-hexopyranoside,Sintético / Indefinido,C30H26O12,NaN,NaN,49.4,72.1,75.835009332663,110,NaN,NaN,No,No,NaN,559.125150083762,NaN,NaN,NaN
CSID35014421,"1,5-Anhydro-1-[5,7-dihydroxy-2-(4-hydroxyphenyl)-4-oxo-4H-chromen-8-yl]-2-O-[(2E)-3-(4-hydroxyphenyl)-2-propenoyl]hexitol",Sintético / Indefinido,C30H26O12,NaN,NaN,49.4,72.1,75.835009332663,110,NaN,NaN,No,No,NaN,559.125150083762,NaN,NaN,NaN
CSID35014553,"(2R,2′S,3R,4S)-2,2′-Bis(3,4-dihydroxyphenyl)-3,3′,4,4′-tetrahydro-2H,2′H-4,6′-bichromene-3,3′,5,5′,7,7′-hexol",Sintético / Indefinido,C30H26O12,NaN,NaN,34.9,0,75.835009332663,110,NaN,NaN,No,No,NaN,559.125150083762,NaN,NaN,NaN
CSID35014997,"5-(3,5-Dihydroxyphenyl)-13-(4-hydroxyphenyl)-4,12,14-trioxapentacyclo[11.7.1.0~2,11~.0~3,8~.0~15,20~]henicosa-2,8,10,15,17,19-hexaene-6,9,17,19,21-pentol",Sintético / Indefinido,C30H24O11,NaN,NaN,46.6,58,76.0355378254222,110,NaN,NaN,No,No,NaN,559.125150083762,NaN,NaN,NaN
CSID35014554,"(2R,4S)-2-(3,4-Dihydroxyphenyl)-4-[(3R,4S)-3-(3,4-dihydroxyphenyl)-4,6,8-trihydroxy-3,4-dihydro-1H-isochromen-7-yl]-3,5,7-chromanetriol",Sintético / Indefinido,C30H26O12,NaN,NaN,34.9,0,75.835009332663,110,NaN,NaN,No,No,NaN,559.125150083762,NaN,NaN,NaN
CSID57257150,"(1S)-1,5-Anhydro-1-[5,7-dihydroxy-2-(4-hydroxyphenyl)-4-oxo-4H-chromen-8-yl]-2-O-[(2E)-3-(4-hydroxyphenyl)-2-propenoyl]-D-glucitol",Sintético / Indefinido,C30H26O12,NaN,NaN,49.4,72.1,75.835009332663,110,NaN,NaN,No,No,NaN,559.125150083762,NaN,NaN,NaN
CSID59696637,5-Hydroxy-2-(4-hydroxyphenyl)-7-oxo-7H-chromen-3-yl 6-O-[(2E)-3-(4-hydroxyphenyl)-2-propenoyl]-β-D-glucopyranoside,Sintético / Indefinido,C30H26O12,NaN,NaN,49.8,74.2,75.835009332663,110,NaN,NaN,No,No,NaN,559.125150083762,NaN,NaN,NaN
CSID4477750,5-Hydroxy-2-(4-hydroxyphenyl)-4-oxo-4H-chromen-7-yl 6-O-[(2E)-3-(4-hydroxyphenyl)-2-propenoyl]-β-D-galactopyranoside,Sintético / Indefinido,C30H26O12,NaN,NaN,34.9,0,75.835009332663,110,NaN,NaN,No,No,NaN,559.125150083762,NaN,NaN,NaN
CSID59696211,"(5R,6S,13R,21S)-5-(3,4-Dihydroxyphenyl)-13-(4-hydroxyphenyl)-4,12,14-trioxapentacyclo[11.7.1.0~2,11~.0~3,8~.0~15,20~]henicosa-2,8,10,15,17,19-hexaene-6,9,17,19,21-pentol",Sintético / Indefinido,C30H24O11,NaN,NaN,46.6,58,76.0355378254222,110,NaN,NaN,No,No,NaN,559.125150083762,NaN,NaN,NaN
CSID35014459,"5-(3,4-Dihydroxyphenyl)-13-(4-hydroxyphenyl)-4,12,14-trioxapentacyclo[11.7.1.0~2,11~.0~3,8~.0~15,20~]henicosa-2,8,10,15,17,19-hexaene-6,9,17,19,21-pentol",Sintético / Indefinido,C30H24O11,NaN,NaN,46.6,58,76.0355378254222,110,NaN,NaN,No,No,NaN,559.125150083762,NaN,NaN,NaN
CSID67167606,"1,1,1,2-Tetranitroheptane",Sintético / Indefinido,C7H12N4O8,NaN,NaN,38.8,0,96.8072289837767,110,NaN,NaN,No,No,NaN,559.125150083762,NaN,NaN,NaN
CSID67156192,Trimethyl(triethylstannyl)silane,Sintético / Indefinido,C9H24SiSn,NaN,NaN,19.6,0,0.782590293961227,110,NaN,NaN,No,No,NaN,559.125150083762,NaN,NaN,NaN
CSID67177575,Cadmium bis(dipentylcarbamodithioate),Sintético / Indefinido,C22H44CdN2S4,NaN,NaN,19.8,0,0.87024968708197,110,NaN,NaN,No,No,NaN,559.125150083762,NaN,NaN,NaN
HMDB13690,Procyanidin,Sintético / Indefinido,C30H26O12,NaN,NaN,34.9,0,75.835009332663,110,NaN,NaN,No,No,NaN,559.125150083762,NaN,NaN,NaN
CSID67169766,"(1Z,6Z,8Z,14Z)-1,2,5,6,9,10,13,14-Octaazacyclohexadeca-6,8,14,16-tetraene-3,4,11,12-tetrone",Sintético / Indefinido,C8H8N8O4,NaN,NaN,40.9,12.1,95.341779758056,110,NaN,NaN,No,No,NaN,559.125150083762,NaN,NaN,NaN
CSID65792163,"1,2,3,31(29H)-Phthalocyaninetetrol",Sintético / Indefinido,C32H18N8O4,NaN,NaN,33.9,0,73.5636354975671,110,NaN,NaN,No,No,NaN,559.125150083762,NaN,NaN,NaN
CSID67175538,"3,3-Dimethyl-7-(trimethylsilyl)-3,5,6,7-tetrahydro-2H-imidazo[2,1-b][1,3,4]thiazasilol-4-ium chloride",Sintético / Indefinido,C9H21ClN2SSi2,NaN,NaN,31.1,0,59.4786165508781,110,NaN,NaN,No,No,NaN,559.125150083762,NaN,NaN,NaN
CSID67164690,"1,1′-[(E)-1,2-Diazenediyl]bis(6-amino-2,4(1H,3H)-pyrimidinedione)",Sintético / Indefinido,C8H8N8O4,NaN,NaN,39.9,6.86,95.341779758056,110,NaN,NaN,No,No,NaN,559.125150083762,NaN,NaN,NaN
CSID68026559,5-Hydroxy-2-(4-hydroxyphenyl)-4-oxo-4H-chromen-7-yl 4-O-[(2E)-3-(4-hydroxyphenyl)-2-propenoyl]-β-D-glucopyranoside,Sintético / Indefinido,C30H26O12,NaN,NaN,49.4,72.1,75.835009332663,110,NaN,NaN,No,No,NaN,559.125150083762,NaN,NaN,NaN
CSID624494,"(2E)-N-(1,3-Benzothiazol-2-yl)-3-phenylacrylamide",Sintético / Indefinido,C16H12N2OS,NaN,NaN,36.4,0,85.4643405855578,110,NaN,NaN,No,No,NaN,559.125150083762,NaN,NaN,NaN
CSID67155323,2-Amino-4-phenyl-5-(2-thienyl)-4H-pyran-3-carbonitrile,Sintético / Indefinido,C16H12N2OS,NaN,NaN,36.4,0,85.4643405855578,110,NaN,NaN,No,No,NaN,559.125150083762,NaN,NaN,NaN
CSID95502749,"5,7-Dihydroxy-2-(4-hydroxyphenyl)-4-oxo-4H-chromen-3-yl 6-deoxy-2-O-[(2E)-3-(4-hydroxyphenyl)-2-propenoyl]-α-L-mannopyranoside",Sintético / Indefinido,C30H26O12,NaN,NaN,49.4,72.1,75.835009332663,110,NaN,NaN,No,No,NaN,559.125150083762,NaN,NaN,NaN
CSID391034,"(2R,2′S,3R,3′S,4R)-2,2′-Bis(3,4-dihydroxyphenyl)-3,3′,4,4′-tetrahydro-2H,2′H-4,8′-bichromene-3,3′,5,5′,7,7′-hexol",Sintético / Indefinido,C30H26O12,NaN,NaN,34.9,0,75.835009332663,110,NaN,NaN,No,No,NaN,559.125150083762,NaN,NaN,NaN
HMDB33973,Procyanidin B2,Sintético / Indefinido,C30H26O12,NaN,NaN,34.9,0,75.835009332663,110,NaN,NaN,No,No,NaN,559.125150083762,NaN,NaN,NaN
HMDB33974,Procyanidin B3,Sintético / Indefinido,C30H26O12,NaN,NaN,34.9,0,75.835009332663,110,NaN,NaN,No,No,NaN,559.125150083762,NaN,NaN,NaN
HMDB32900,Epicatechin-(6'->8)-epicatechin,Sintético / Indefinido,C30H26O12,NaN,NaN,34.9,0,75.835009332663,110,NaN,NaN,No,No,NaN,559.125150083762,NaN,NaN,NaN
CSID32055222,Kaempferol-3-O-α-L-(4″-E-p-coumaroyl)-rhamnoside,Sintético / Indefinido,C30H26O12,NaN,NaN,49.4,72.1,75.835009332663,110,NaN,NaN,No,No,NaN,559.125150083762,NaN,NaN,NaN
CSID35013516,"2-(3,4-Dihydroxyphenyl)-8-[4,5-dihydroxy-2-(3,5,7-trihydroxy-3,4-dihydro-2H-chromen-2-yl)phenyl]-3,5,7-chromanetriol",Sintético / Indefinido,C30H26O12,NaN,NaN,34.9,0,75.835009332663,110,NaN,NaN,No,No,NaN,559.125150083762,NaN,NaN,NaN
CSID4944309,ECHINACIN,Sintético / Indefinido,C30H26O12,NaN,NaN,49.8,74.2,75.835009332663,110,NaN,NaN,No,No,NaN,559.125150083762,NaN,NaN,NaN
HMDB37347,Terniflorin,Sintético / Indefinido,C30H26O12,NaN,NaN,49.8,74.2,75.835009332663,110,NaN,NaN,No,No,NaN,559.125150083762,NaN,NaN,NaN
HMDB37471,2''-O-p-Coumaroylvitexin,Sintético / Indefinido,C30H26O12,NaN,NaN,49.4,72.1,75.835009332663,110,NaN,NaN,No,No,NaN,559.125150083762,NaN,NaN,NaN
HMDB37968,ent-Epicatechin(4alpha->8)catechin,Sintético / Indefinido,C30H26O12,NaN,NaN,34.9,0,75.835009332663,110,NaN,NaN,No,No,NaN,559.125150083762,NaN,NaN,NaN
HMDB37687,Prunus inhibitor b,Sintético / Indefinido,C30H24O11,NaN,NaN,46.6,58,76.0355378254222,110,NaN,NaN,No,No,NaN,559.125150083762,NaN,NaN,NaN
CSID9425166,Procyanidin B1,Sintético / Indefinido,C30H26O12,NaN,NaN,34.9,0,75.835009332663,110,NaN,NaN,No,No,NaN,559.125150083762,NaN,NaN,NaN
HMDB38367,Procyanidin B6,Sintético / Indefinido,C30H26O12,NaN,NaN,34.9,0,75.835009332663,110,NaN,NaN,No,No,NaN,559.125150083762,NaN,NaN,NaN
HMDB38368,Procyanidin B7,Sintético / Indefinido,C30H26O12,NaN,NaN,34.9,0,75.835009332663,110,NaN,NaN,No,No,NaN,559.125150083762,NaN,NaN,NaN
HMDB38369,Procyanidin B8,Sintético / Indefinido,C30H26O12,NaN,NaN,34.9,0,75.835009332663,110,NaN,NaN,No,No,NaN,559.125150083762,NaN,NaN,NaN
HMDB29754,Procyanidin B1,Sintético / Indefinido,C30H26O12,NaN,NaN,34.9,0,75.835009332663,110,NaN,NaN,No,No,NaN,559.125150083762,NaN,NaN,NaN
HMDB38366,Procyanidin B5,Sintético / Indefinido,C30H26O12,NaN,NaN,34.9,0,75.835009332663,110,NaN,NaN,No,No,NaN,559.125150083762,NaN,NaN,NaN
HMDB40676,"(2S,2'R,3S,3'R,4S)-3,4',5,7-Tetrahydroxyflavan(2->7,4->8)-3,3',5,5',7-pentahydroxyflavan",Sintético / Indefinido,C30H24O11,NaN,NaN,46.6,58,76.0355378254222,110,NaN,NaN,No,No,NaN,559.125150083762,NaN,NaN,NaN
HMDB38741,Genistein 7-O-(2-p-coumaroylglucoside),Sintético / Indefinido,C30H26O12,NaN,NaN,49.4,72.1,75.835009332663,110,NaN,NaN,No,No,NaN,559.125150083762,NaN,NaN,NaN
LMPK12030001,Procyanidin B1,Sintético / Indefinido,C30H26O12,NaN,NaN,34.9,0,75.835009332663,110,NaN,NaN,No,No,NaN,559.125150083762,NaN,NaN,NaN
HMDB41239,ent-Epicatechin-(4alpha->6)-ent-epicatechin,Sintético / Indefinido,C30H26O12,NaN,NaN,34.9,0,75.835009332663,110,NaN,NaN,No,No,NaN,559.125150083762,NaN,NaN,NaN
LMPK12030002,Procyanidin B2,Sintético / Indefinido,C30H26O12,NaN,NaN,34.9,0,75.835009332663,110,NaN,NaN,No,No,NaN,559.125150083762,NaN,NaN,NaN
LMPK12030004,Procyanidin B4,Sintético / Indefinido,C30H26O12,NaN,NaN,34.9,0,75.835009332663,110,NaN,NaN,No,No,NaN,559.125150083762,NaN,NaN,NaN
LMPK12110227,Vitexin 2''-O-p-coumarate,Sintético / Indefinido,C30H26O12,NaN,NaN,49.4,72.1,75.835009332663,110,NaN,NaN,No,No,NaN,559.125150083762,NaN,NaN,NaN
LMPK12050176,Genistein 7-O-(2''-p-coumaroylglucoside),Sintético / Indefinido,C30H26O12,NaN,NaN,49.4,72.1,75.835009332663,110,NaN,NaN,No,No,NaN,559.125150083762,NaN,NaN,NaN
LMPK12110333,Apigenin 7-glucoside-4'-p-coumarate,Sintético / Indefinido,C30H26O12,NaN,NaN,50.8,79.2,75.835009332663,110,NaN,NaN,No,No,NaN,559.125150083762,NaN,NaN,NaN
LMPK12110369,Apigenin 7-(4''-E-p-coumarylglucoside),Sintético / Indefinido,C30H26O12,NaN,NaN,49.4,72.1,75.835009332663,110,NaN,NaN,No,No,NaN,559.125150083762,NaN,NaN,NaN
LMPK12110368,Apigenin 7-(4''-Z-p-coumarylglucoside),Sintético / Indefinido,C30H26O12,NaN,NaN,49.4,72.1,75.835009332663,110,NaN,NaN,No,No,NaN,559.125150083762,NaN,NaN,NaN
LMPK12110398,Apigenin 7-(2''-E-p-coumaroylglucoside,Sintético / Indefinido,C30H26O12,NaN,NaN,49.4,72.1,75.835009332663,110,NaN,NaN,No,No,NaN,559.125150083762,NaN,NaN,NaN
LMPK12110370,Apigenin 7-(6''-p-coumarylglucoside),Sintético / Indefinido,C30H26O12,NaN,NaN,49.8,74.2,75.835009332663,110,NaN,NaN,No,No,NaN,559.125150083762,NaN,NaN,NaN
LMPK12110399,Apigenin 7-(3''-p-coumaroylglucoside),Sintético / Indefinido,C30H26O12,NaN,NaN,49.4,72.1,75.835009332663,110,NaN,NaN,No,No,NaN,559.125150083762,NaN,NaN,NaN
LMPK12110400,Apigenin 7-(6''-E-p-coumaroylgalactoside),Sintético / Indefinido,C30H26O12,NaN,NaN,49.8,74.2,75.835009332663,110,NaN,NaN,No,No,NaN,559.125150083762,NaN,NaN,NaN
LMPK12111788,Kaempferol 3-(6''-(Z)-cinnamylglucoside),Sintético / Indefinido,C30H26O12,NaN,NaN,49.8,74.3,75.835009332663,110,NaN,NaN,No,No,NaN,559.125150083762,NaN,NaN,NaN
LMPK12110696,Luteolin 7-(6''-E-cinnamylglucoside),Sintético / Indefinido,C30H26O12,NaN,NaN,49.8,74.2,75.835009332663,110,NaN,NaN,No,No,NaN,559.125150083762,NaN,NaN,NaN
LMPK12111887,Kaempferol 3-(4''-p-coumarylrhamnoside),Sintético / Indefinido,C30H26O12,NaN,NaN,49.4,72.1,75.835009332663,110,NaN,NaN,No,No,NaN,559.125150083762,NaN,NaN,NaN
1045123,"N-(4,6-dihydrothieno[3,4-c][1,2]oxazol-3-yl)-3-(tetrazol-1-yl)benzamide",Sintético / Indefinido,C13H10N6O2S,NaN,NaN,36.4,0,85.4153373357385,23,NaN,NaN,No,No,NaN,627.111591109517,NaN,NaN,NaN
LMPK12111886,Kaempferol 3-(2-(E)-p-coumarylrhamnoside),Sintético / Indefinido,C30H26O12,NaN,NaN,49.4,72.1,75.835009332663,110,NaN,NaN,No,No,NaN,559.125150083762,NaN,NaN,NaN
1051568,"7-hydroxy-5-oxo-N-(1-pyridin-4-ylethyl)-4H-thieno[3,2-b]pyridine-6-carboxamide",Sintético / Indefinido,C15H12N3O3S,NaN,NaN,36.5,0,84.2942739362683,23,NaN,NaN,No,No,NaN,627.111591109517,NaN,NaN,NaN
LMPK12111938,Kaempferol 3-(2''-(Z)-p-coumaroylrhamnoside),Sintético / Indefinido,C30H26O12,NaN,NaN,49.4,72.1,75.835009332663,110,NaN,NaN,No,No,NaN,559.125150083762,NaN,NaN,NaN
CSID14487866,"4,9-Dihydroxy-3,10-perylenedione",Sintético / Indefinido,C20H10O4,NaN,NaN,35.9,0,84.8958016692113,23,NaN,NaN,No,No,NaN,627.111591109517,NaN,NaN,NaN
986586,Oxfendazole,Sintético / Indefinido,C15H12N3O3S,NaN,NaN,36.5,0,84.2942739362683,23,NaN,NaN,No,No,NaN,627.111591109517,NaN,NaN,NaN
CSID144657,Cyanin chloride,Sintético / Indefinido,C27H31ClO16,NaN,NaN,31.3,0,57.8238050411818,23,NaN,NaN,No,No,NaN,627.111591109517,NaN,NaN,NaN
1060,Malaoxon,Sintético / Indefinido,C10H19O7PS,NaN,NaN,37.4,0,88.9883865383003,23,NaN,NaN,No,No,NaN,627.111591109517,NaN,NaN,NaN
CSID113969,"N-[2-(6,7-Dichloro-5-methoxy-2-methyl-1H-indol-3-yl)ethyl]acetamide",Sintético / Indefinido,C14H16Cl2N2O2,NaN,NaN,29.9,0,51.8318866834386,23,NaN,NaN,No,No,NaN,627.111591109517,NaN,NaN,NaN
CSID32674244,"2-(3,4-Dihydroxyphenyl)-5,7-dihydroxy-3-chromeniumyl 2-O-β-D-glucopyranosyl-β-D-glucopyranoside chloride",Sintético / Indefinido,C27H31ClO16,NaN,NaN,31.3,0,57.8238050411818,23,NaN,NaN,No,No,NaN,627.111591109517,NaN,NaN,NaN
CSID14674,Malaoxon,Sintético / Indefinido,C10H19O7PS,NaN,NaN,37.4,0.168,88.9883865383003,23,NaN,NaN,No,No,NaN,627.111591109517,NaN,NaN,NaN
HMDB29298,"4-O-8',5'-5''-Dehydrotriferulic acid",Sintético / Indefinido,C30H26O12,NaN,NaN,49.6,73.6,75.835009332663,110,NaN,NaN,No,No,NaN,559.125150083762,NaN,NaN,NaN
CSID167421,Delphinidin 3-rutinoside,Sintético / Indefinido,C27H31ClO16,NaN,NaN,31.3,0,57.8238050411818,23,NaN,NaN,No,No,NaN,627.111591109517,NaN,NaN,NaN
CSID16736118,Mecocyanin,Sintético / Indefinido,C27H31ClO16,NaN,NaN,31.3,0,57.8238050411818,23,NaN,NaN,No,No,NaN,627.111591109517,NaN,NaN,NaN
CSID22798042,"7-Hydroxyanthra[2,1-b]benzo[d]furan-8,13-dione",Sintético / Indefinido,C20H10O4,NaN,NaN,35.9,0,84.8958016692113,23,NaN,NaN,No,No,NaN,627.111591109517,NaN,NaN,NaN
LMPK12030003,Procyanidin B3,Sintético / Indefinido,C30H26O12,NaN,NaN,34.9,0,75.835009332663,110,NaN,NaN,No,No,NaN,559.125150083762,NaN,NaN,NaN
CSID34995581,Diethyl (2R)-2-[(dimethoxyphosphoryl)sulfanyl]succinate,Sintético / Indefinido,C10H19O7PS,NaN,NaN,37.4,0.168,88.9883865383003,23,NaN,NaN,No,No,NaN,627.111591109517,NaN,NaN,NaN
CSID342879,"1,1′-Binaphthalene-3,3′,4,4′-tetrone",Sintético / Indefinido,C20H10O4,NaN,NaN,35.9,0,84.8958016692113,23,NaN,NaN,No,No,NaN,627.111591109517,NaN,NaN,NaN
CSID546087,"2,2′-Binaphthalene-1,1′,4,4′-tetrone",Sintético / Indefinido,C20H10O4,NaN,NaN,35.9,0,84.8958016692113,23,NaN,NaN,No,No,NaN,627.111591109517,NaN,NaN,NaN
CSID39318,"7-Chloro-3-(4-methyl-1-piperazinyl)-2H-1,2,4-benzothiadiazine-1,1-dioxide",Sintético / Indefinido,C12H15ClN4O2S,NaN,NaN,32.4,0,65.8766461744274,23,NaN,NaN,No,No,NaN,627.111591109517,NaN,NaN,NaN
CSID65327535,"Methyl 2-[(E)-2-phenylvinyl]-2-[(trifluoromethyl)sulfanyl]-3,4-pentadienoate",Sintético / Indefinido,C15H13F3O2S,NaN,NaN,37.9,6.44,85.416959474009,23,NaN,NaN,No,No,NaN,627.111591109517,NaN,NaN,NaN
CSID67024683,"5,7-Dihydroxy-2-(3,4,5-trihydroxyphenyl)-3-chromeniumyl 6-O-(6-deoxy-α-L-mannopyranosyl)-D-glucopyranoside chloride",Sintético / Indefinido,C27H31ClO16,NaN,NaN,31.3,0,57.8238050411818,23,NaN,NaN,No,No,NaN,627.111591109517,NaN,NaN,NaN
CSID67033937,"3,4-Dihydroxy-1,2-perylenedione",Sintético / Indefinido,C20H10O4,NaN,NaN,35.9,0,84.8958016692113,23,NaN,NaN,No,No,NaN,627.111591109517,NaN,NaN,NaN
CSID67490803,2-[(1E)-3-(2-Ammonioethoxy)-3-oxo-1-propen-1-yl]quinolinium dichloride,Sintético / Indefinido,C14H16Cl2N2O2,NaN,NaN,29.9,0,51.8318866834386,23,NaN,NaN,No,No,NaN,627.111591109517,NaN,NaN,NaN
CSID67492022,N′-(6-Ethynyl-9H-purin-2-yl)benzenesulfonohydrazide,Sintético / Indefinido,C13H10N6O2S,NaN,NaN,36.5,0.478,85.4153373357385,23,NaN,NaN,No,No,NaN,627.111591109517,NaN,NaN,NaN
1000241,N-[(4-methylphenyl)methyl]-1-[3-(4-methylphenyl)sulfanylpyrazin-2-yl]piperidine-3-carboxamide,Sintético / Indefinido,C25H28N4OS,NaN,NaN,33.7,0,73.7554065429772,145,NaN,NaN,No,No,NaN,431.189164331612,NaN,NaN,NaN
CSID67498442,"2-(3,4-Dihydroxyphenyl)-5,6,7-trihydroxy-3-chromeniumyl 6-O-(6-deoxy-α-L-mannopyranosyl)-D-glucopyranoside chloride",Sintético / Indefinido,C27H31ClO16,NaN,NaN,31.3,0,57.8238050411818,23,NaN,NaN,No,No,NaN,627.111591109517,NaN,NaN,NaN
CSID9901491,Diethyl (2S)-2-[(dimethoxyphosphoryl)sulfanyl]succinate,Sintético / Indefinido,C10H19O7PS,NaN,NaN,37.4,0,88.9883865383003,23,NaN,NaN,No,No,NaN,627.111591109517,NaN,NaN,NaN
1006735,1-(6-benzylsulfanylpyridazin-3-yl)-N-[(4-methylphenyl)methyl]piperidine-4-carboxamide,Sintético / Indefinido,C25H28N4OS,NaN,NaN,33.7,0,73.7554065429772,145,NaN,NaN,No,No,NaN,431.189164331612,NaN,NaN,NaN
1007095,"N-cyclohexyl-2-[2-(3,4-dihydro-1H-isoquinolin-2-yl)quinazolin-4-yl]sulfanylacetamide",Sintético / Indefinido,C25H28N4OS,NaN,NaN,33.7,0,73.7554065429772,145,NaN,NaN,No,No,NaN,431.189164331612,NaN,NaN,NaN
1000289,N-(3-phenylpropyl)-1-(3-phenylsulfanylpyrazin-2-yl)piperidine-3-carboxamide,Sintético / Indefinido,C25H28N4OS,NaN,NaN,33.7,0,73.7554065429772,145,NaN,NaN,No,No,NaN,431.189164331612,NaN,NaN,NaN
1005043,"1-[6-[2-(butan-2-ylamino)-2-oxoethyl]-7-oxo-[1,3]thiazolo[4,5-d]pyrimidin-2-yl]-N-cyclopropylpiperidine-3-carboxamide",Sintético / Indefinido,C20H28N6O3S,NaN,NaN,34.3,0,76.8891616191916,145,NaN,NaN,No,No,NaN,431.189164331612,NaN,NaN,NaN
1001942,"2-[4-(2,3-dimethylphenyl)piperazin-1-yl]-6-pyrrolidin-1-ylsulfonylquinoline",Sintético / Indefinido,C25H30N4O2S,NaN,NaN,33.7,0,73.5614875294087,145,NaN,NaN,No,No,NaN,431.189164331612,NaN,NaN,NaN
1007445,1-[3-(3-methylphenyl)sulfanylpyrazin-2-yl]-N-(1-phenylethyl)piperidine-3-carboxamide,Sintético / Indefinido,C25H28N4OS,NaN,NaN,33.7,0,73.7554065429772,145,NaN,NaN,No,No,NaN,431.189164331612,NaN,NaN,NaN
1007447,"N-(3,5-dimethylphenyl)-1-[3-(4-methylphenyl)sulfanylpyrazin-2-yl]piperidine-3-carboxamide",Sintético / Indefinido,C25H28N4OS,NaN,NaN,33.7,0,73.7554065429772,145,NaN,NaN,No,No,NaN,431.189164331612,NaN,NaN,NaN
1008890,"[1-(4-ethylthieno[3,2-b]pyrrole-5-carbonyl)piperidin-3-yl]-(4-phenylpiperazin-1-yl)methanone",Sintético / Indefinido,C25H30N4O2S,NaN,NaN,33.7,0,73.5614875294087,145,NaN,NaN,No,No,NaN,431.189164331612,NaN,NaN,NaN
1011515,6-(4-methylpiperidin-1-yl)sulfonyl-2-(4-phenylpiperazin-1-yl)quinoline,Sintético / Indefinido,C25H30N4O2S,NaN,NaN,33.7,0,73.5614875294087,145,NaN,NaN,No,No,NaN,431.189164331612,NaN,NaN,NaN
1011539,2-[3-methyl-4-(3-methylphenyl)piperazin-1-yl]-6-pyrrolidin-1-ylsulfonylquinoline,Sintético / Indefinido,C25H30N4O2S,NaN,NaN,33.7,0,73.5614875294087,145,NaN,NaN,No,No,NaN,431.189164331612,NaN,NaN,NaN
1017009,"N-(3,5-dimethylphenyl)-1-[3-(3-methylphenyl)sulfanylpyrazin-2-yl]piperidine-4-carboxamide",Sintético / Indefinido,C25H28N4OS,NaN,NaN,33.7,0,73.7554065429772,145,NaN,NaN,No,No,NaN,431.189164331612,NaN,NaN,NaN
1014620,"1-[6-[2-(butan-2-ylamino)-2-oxoethyl]-7-oxo-[1,3]thiazolo[4,5-d]pyrimidin-2-yl]-N-cyclopropylpiperidine-4-carboxamide",Sintético / Indefinido,C20H28N6O3S,NaN,NaN,34.3,0,76.8891616191916,145,NaN,NaN,No,No,NaN,431.189164331612,NaN,NaN,NaN
1014553,"1-[6-[2-(cyclohexylamino)-2-oxoethyl]-7-oxo-[1,3]thiazolo[4,5-d]pyrimidin-2-yl]-N-methylpiperidine-3-carboxamide",Sintético / Indefinido,C20H28N6O3S,NaN,NaN,34.3,0,76.8891616191916,145,NaN,NaN,No,No,NaN,431.189164331612,NaN,NaN,NaN
1014619,N-[(4-ethylphenyl)methyl]-1-(3-phenylsulfanylpyrazin-2-yl)piperidine-3-carboxamide,Sintético / Indefinido,C25H28N4OS,NaN,NaN,33.7,0,73.7554065429772,145,NaN,NaN,No,No,NaN,431.189164331612,NaN,NaN,NaN
1017071,N-[(2-methylphenyl)methyl]-1-[3-(4-methylphenyl)sulfanylpyrazin-2-yl]piperidine-3-carboxamide,Sintético / Indefinido,C25H28N4OS,NaN,NaN,33.7,0,73.7554065429772,145,NaN,NaN,No,No,NaN,431.189164331612,NaN,NaN,NaN
1017033,"N-(2,4-dimethylphenyl)-1-[3-(4-methylphenyl)sulfanylpyrazin-2-yl]piperidine-3-carboxamide",Sintético / Indefinido,C25H28N4OS,NaN,NaN,33.7,0,73.7554065429772,145,NaN,NaN,No,No,NaN,431.189164331612,NaN,NaN,NaN
1017075,N-[(2-methylphenyl)methyl]-1-[3-(4-methylphenyl)sulfanylpyrazin-2-yl]piperidine-4-carboxamide,Sintético / Indefinido,C25H28N4OS,NaN,NaN,33.7,0,73.7554065429772,145,NaN,NaN,No,No,NaN,431.189164331612,NaN,NaN,NaN
1017265,"[4-(2-methoxyphenyl)piperazin-1-yl]-[1-(2-methylthieno[3,2-c]pyridin-4-yl)piperidin-3-yl]methanone",Sintético / Indefinido,C25H30N4O2S,NaN,NaN,33.7,0,73.5614875294087,145,NaN,NaN,No,No,NaN,431.189164331612,NaN,NaN,NaN
1020667,(4-methylpiperazin-1-yl)-[1-[5-(3-methylpiperidin-1-yl)sulfonylpyridin-2-yl]imidazol-4-yl]methanone,Sintético / Indefinido,C20H28N6O3S,NaN,NaN,34.3,0,76.8891616191916,145,NaN,NaN,No,No,NaN,431.189164331612,NaN,NaN,NaN
1021925,"[2-(4-methylphenyl)-4-pyridin-4-ylpyrimidin-5-yl]-(4-phenyl-3,6-dihydro-2H-pyridin-1-yl)methanone",Sintético / Indefinido,C28H24N4O,NaN,NaN,34.3,0,75.2727891184155,145,NaN,NaN,No,No,NaN,431.189164331612,NaN,NaN,NaN
1021966,"[4-(4-methoxyphenyl)piperazin-1-yl]-[1-(2-methylthieno[3,2-c]pyridin-4-yl)piperidin-3-yl]methanone",Sintético / Indefinido,C25H30N4O2S,NaN,NaN,33.7,0,73.5614875294087,145,NaN,NaN,No,No,NaN,431.189164331612,NaN,NaN,NaN
CSID16568882,arg-glu-glu,Metabólito Endógeno (HMDB),Yes,C16H28N6O8,NaN,NaN,36.5,0,83.5543463742728,145,Fragmento de peptídeo identificado por sequenciamento.,NaN,Oligopeptide,NaN,Yes,Yes,Regras Locais (Peptídeo),431.189164331612,NaN,NaN,NaN
CSID16570375,glu-arg-glu,Metabólito Endógeno (HMDB),Yes,C16H28N6O8,NaN,NaN,36.5,0,83.5543463742728,145,Fragmento de peptídeo identificado por sequenciamento.,NaN,Oligopeptide,NaN,Yes,Yes,Regras Locais (Peptídeo),431.189164331612,NaN,NaN,NaN
CSID16570449,glu-glu-arg,Metabólito Endógeno (HMDB),Yes,C16H28N6O8,NaN,NaN,36.5,0,83.5543463742728,145,Fragmento de peptídeo identificado por sequenciamento.,NaN,Oligopeptide,NaN,Yes,Yes,Regras Locais (Peptídeo),431.189164331612,NaN,NaN,NaN
CSID16577035,ala-asn-gln-thr,Metabólito Endógeno (HMDB),Yes,C16H28N6O8,NaN,NaN,36.5,0,83.5543463742728,145,Fragmento de peptídeo identificado por sequenciamento.,NaN,Oligopeptide,NaN,Yes,Yes,Regras Locais (Peptídeo),431.189164331612,NaN,NaN,NaN
CSID16577225,ala-asn-thr-gln,Metabólito Endógeno (HMDB),Yes,C16H28N6O8,NaN,NaN,36.5,0,83.5543463742728,145,Fragmento de peptídeo identificado por sequenciamento.,NaN,Oligopeptide,NaN,Yes,Yes,Regras Locais (Peptídeo),431.189164331612,NaN,NaN,NaN
CSID16578549,ala-gln-asn-thr,Metabólito Endógeno (HMDB),Yes,C16H28N6O8,NaN,NaN,36.5,0,83.5543463742728,145,Fragmento de peptídeo identificado por sequenciamento.,NaN,Oligopeptide,NaN,Yes,Yes,Regras Locais (Peptídeo),431.189164331612,NaN,NaN,NaN
CSID16578628,ala-gln-gln-ser,Metabólito Endógeno (HMDB),Yes,C16H28N6O8,NaN,NaN,36.5,0,83.5543463742728,145,Fragmento de peptídeo identificado por sequenciamento.,NaN,Oligopeptide,NaN,Yes,Yes,Regras Locais (Peptídeo),431.189164331612,NaN,NaN,NaN
CSID16578799,ala-gln-ser-gln,Metabólito Endógeno (HMDB),Yes,C16H28N6O8,NaN,NaN,36.5,0,83.5543463742728,145,Fragmento de peptídeo identificado por sequenciamento.,NaN,Oligopeptide,NaN,Yes,Yes,Regras Locais (Peptídeo),431.189164331612,NaN,NaN,NaN
CSID16578815,ala-gln-thr-asn,Metabólito Endógeno (HMDB),Yes,C16H28N6O8,NaN,NaN,36.5,0,83.5543463742728,145,Fragmento de peptídeo identificado por sequenciamento.,NaN,Oligopeptide,NaN,Yes,Yes,Regras Locais (Peptídeo),431.189164331612,NaN,NaN,NaN
CSID16582201,ala-ser-gln-gln,Metabólito Endógeno (HMDB),Yes,C16H28N6O8,NaN,NaN,36.5,0,83.5543463742728,145,Fragmento de peptídeo identificado por sequenciamento.,NaN,Oligopeptide,NaN,Yes,Yes,Regras Locais (Peptídeo),431.189164331612,NaN,NaN,NaN
CSID16582521,ala-thr-asn-gln,Metabólito Endógeno (HMDB),Yes,C16H28N6O8,NaN,NaN,36.5,0,83.5543463742728,145,Fragmento de peptídeo identificado por sequenciamento.,NaN,Oligopeptide,NaN,Yes,Yes,Regras Locais (Peptídeo),431.189164331612,NaN,NaN,NaN
CSID16582597,ala-thr-gln-asn,Metabólito Endógeno (HMDB),Yes,C16H28N6O8,NaN,NaN,36.5,0,83.5543463742728,145,Fragmento de peptídeo identificado por sequenciamento.,NaN,Oligopeptide,NaN,Yes,Yes,Regras Locais (Peptídeo),431.189164331612,NaN,NaN,NaN
CSID16592171,asn-ala-gln-thr,Metabólito Endógeno (HMDB),Yes,C16H28N6O8,NaN,NaN,36.5,0,83.5543463742728,145,Fragmento de peptídeo identificado por sequenciamento.,NaN,Oligopeptide,NaN,Yes,Yes,Regras Locais (Peptídeo),431.189164331612,NaN,NaN,NaN
CSID16592361,asn-ala-thr-gln,Metabólito Endógeno (HMDB),Yes,C16H28N6O8,NaN,NaN,36.5,0,83.5543463742728,145,Fragmento de peptídeo identificado por sequenciamento.,NaN,Oligopeptide,NaN,Yes,Yes,Regras Locais (Peptídeo),431.189164331612,NaN,NaN,NaN
CSID16593153,asn-asn-ser-val,Metabólito Endógeno (HMDB),Yes,C16H28N6O8,NaN,NaN,36.5,0,83.5543463742728,145,Fragmento de peptídeo identificado por sequenciamento.,NaN,Oligopeptide,NaN,Yes,Yes,Regras Locais (Peptídeo),431.189164331612,NaN,NaN,NaN
CSID16593229,asn-asn-val-ser,Metabólito Endógeno (HMDB),Yes,C16H28N6O8,NaN,NaN,36.5,0,83.5543463742728,145,Fragmento de peptídeo identificado por sequenciamento.,NaN,Oligopeptide,NaN,Yes,Yes,Regras Locais (Peptídeo),431.189164331612,NaN,NaN,NaN
CSID16593385,asn-asp-gly-lys,Metabólito Endógeno (HMDB),Yes,C16H28N6O8,NaN,NaN,36.5,0,83.5543463742728,145,Fragmento de peptídeo identificado por sequenciamento.,NaN,Oligopeptide,NaN,Yes,Yes,Regras Locais (Peptídeo),431.189164331612,NaN,NaN,NaN
CSID16593461,asn-asp-lys-gly,Metabólito Endógeno (HMDB),Yes,C16H28N6O8,NaN,NaN,36.5,0,83.5543463742728,145,Fragmento de peptídeo identificado por sequenciamento.,NaN,Oligopeptide,NaN,Yes,Yes,Regras Locais (Peptídeo),431.189164331612,NaN,NaN,NaN
CSID16594449,asn-gln-ala-thr,Metabólito Endógeno (HMDB),Yes,C16H28N6O8,NaN,NaN,36.5,0,83.5543463742728,145,Fragmento de peptídeo identificado por sequenciamento.,NaN,Oligopeptide,NaN,Yes,Yes,Regras Locais (Peptídeo),431.189164331612,NaN,NaN,NaN
1017273,"1-(2-methylthieno[3,2-c]pyridin-4-yl)-N-[(4-morpholin-4-ylphenyl)methyl]piperidine-3-carboxamide",Sintético / Indefinido,C25H30N4O2S,NaN,NaN,33.7,0,73.5614875294087,145,NaN,NaN,No,No,NaN,431.189164331612,NaN,NaN,NaN
1024119,1-[3-(4-methylphenyl)sulfanylpyrazin-2-yl]-N-(1-phenylethyl)piperidine-3-carboxamide,Sintético / Indefinido,C25H28N4OS,NaN,NaN,33.7,0,73.7554065429772,145,NaN,NaN,No,No,NaN,431.189164331612,NaN,NaN,NaN
1022014,"1-(3-benzyl-4-oxothieno[3,2-d]pyrimidin-2-yl)-N-cyclohexylpiperidine-3-carboxamide",Sintético / Indefinido,C25H30N4O2S,NaN,NaN,33.7,0,73.5614875294087,145,NaN,NaN,No,No,NaN,431.189164331612,NaN,NaN,NaN
1007455,N-[(2-methylphenyl)methyl]-1-[3-(3-methylphenyl)sulfanylpyrazin-2-yl]piperidine-3-carboxamide,Sintético / Indefinido,C25H28N4OS,NaN,NaN,33.7,0,73.7554065429772,145,NaN,NaN,No,No,NaN,431.189164331612,NaN,NaN,NaN
1026535,"N-(3,4-dimethylphenyl)-1-[3-(4-methylphenyl)sulfanylpyrazin-2-yl]piperidine-3-carboxamide",Sintético / Indefinido,C25H28N4OS,NaN,NaN,33.7,0,73.7554065429772,145,NaN,NaN,No,No,NaN,431.189164331612,NaN,NaN,NaN
1026523,N-(4-ethylphenyl)-1-[3-(4-methylphenyl)sulfanylpyrazin-2-yl]piperidine-3-carboxamide,Sintético / Indefinido,C25H28N4OS,NaN,NaN,33.7,0,73.7554065429772,145,NaN,NaN,No,No,NaN,431.189164331612,NaN,NaN,NaN
1044756,"4-methyl-N-[2-[6-(3-propan-2-yloxypropylamino)-[1,2,4]triazolo[4,3-b]pyridazin-3-yl]ethyl]benzenesulfonamide",Sintético / Indefinido,C20H28N6O3S,NaN,NaN,34.3,0,76.8891616191916,145,NaN,NaN,No,No,NaN,431.189164331612,NaN,NaN,NaN
1028701,"1-[6-[2-(cyclopentylamino)-2-oxoethyl]-7-oxo-[1,3]thiazolo[4,5-d]pyrimidin-2-yl]-N-ethylpiperidine-3-carboxamide",Sintético / Indefinido,C20H28N6O3S,NaN,NaN,34.3,0,76.8891616191916,145,NaN,NaN,No,No,NaN,431.189164331612,NaN,NaN,NaN
1029120,"N-cyclopentyl-1-[3-[(4-methylphenyl)methyl]-4-oxothieno[3,2-d]pyrimidin-2-yl]piperidine-3-carboxamide",Sintético / Indefinido,C25H30N4O2S,NaN,NaN,33.7,0,73.5614875294087,145,NaN,NaN,No,No,NaN,431.189164331612,NaN,NaN,NaN
1037625,"2-[4-(2-fluorophenyl)piperazin-1-yl]-7-(2-hydroxyphenyl)-4-methyl-7,8-dihydro-6H-quinazolin-5-one",Sintético / Indefinido,C25H25FN4O2,NaN,NaN,35.3,0,77.540959592224,145,NaN,NaN,No,No,NaN,431.189164331612,NaN,NaN,NaN
1014033,N-[(4-ethoxyphenyl)methyl]-1-[1-(4-fluorophenyl)-6-oxopyridazin-3-yl]piperidine-3-carboxamide,Sintético / Indefinido,C25H27FN4O3,NaN,NaN,35.3,0,77.3407351273099,145,NaN,NaN,No,No,NaN,431.189164331612,NaN,NaN,NaN
1078580,2-(4-ethyl-3-oxoquinoxalin-2-yl)sulfanyl-N-[[1-[(4-methylphenyl)methyl]pyrrolidin-3-yl]methyl]acetamide,Sintético / Indefinido,C25H30N4O2S,NaN,NaN,33.7,0,73.5614875294087,145,NaN,NaN,No,No,NaN,431.189164331612,NaN,NaN,NaN
1080111,"1-(2-cyclobutyl-5-methylthieno[3,4-d]pyrimidin-4-yl)-N-(2-methoxy-5-methylphenyl)piperidine-4-carboxamide",Sintético / Indefinido,C25H30N4O2S,NaN,NaN,33.7,0,73.5614875294087,145,NaN,NaN,No,No,NaN,431.189164331612,NaN,NaN,NaN
1090225,"4-[5-methyl-4-(phenylsulfanylmethyl)-1,3-oxazol-2-yl]-N-[2-(4-methylpiperazin-1-yl)ethyl]benzamide",Sintético / Indefinido,C25H30N4O2S,NaN,NaN,33.7,0,73.5614875294087,145,NaN,NaN,No,No,NaN,431.189164331612,NaN,NaN,NaN
15953,Arg Glu Glu,Sintético / Indefinido,C16H28N6O8,NaN,NaN,36.5,0,83.5543463742728,145,NaN,NaN,No,No,NaN,431.189164331612,NaN,NaN,NaN
19396,Glu Arg Glu,Sintético / Indefinido,C16H28N6O8,NaN,NaN,36.5,0,83.5543463742728,145,NaN,NaN,No,No,NaN,431.189164331612,NaN,NaN,NaN
96514,Rivenprost,Sintético / Indefinido,C24H34O6S,NaN,NaN,34.6,0,74.6902517735415,145,NaN,NaN,No,No,NaN,431.189164331612,NaN,NaN,NaN
994884,2-[4-[(2-fluorophenyl)methyl]piperazin-1-yl]-6-(2-methylpropanoylamino)quinoline-4-carboxylic acid,Sintético / Indefinido,C25H27FN4O3,NaN,NaN,35.3,0,77.3407351273099,145,NaN,NaN,No,No,NaN,431.189164331612,NaN,NaN,NaN
CSID113385485,"3,12-Dioxochola-4,6-dien-24-yl hydrogen sulfate",Sintético / Indefinido,C24H34O6S,NaN,NaN,34.6,0,74.6902517735415,145,NaN,NaN,No,No,NaN,431.189164331612,NaN,NaN,NaN
999697,[1-(1-ethylimidazol-4-yl)sulfonylpiperidin-4-yl]-(4-pyridin-2-ylpiperazin-1-yl)methanone,Sintético / Indefinido,C20H28N6O3S,NaN,NaN,34.3,0,76.8891616191916,145,NaN,NaN,No,No,NaN,431.189164331612,NaN,NaN,NaN
1028226,[1-(1-ethylimidazol-4-yl)sulfonylpiperidin-3-yl]-(4-pyridin-2-ylpiperazin-1-yl)methanone,Sintético / Indefinido,C20H28N6O3S,NaN,NaN,34.3,0,76.8891616191916,145,NaN,NaN,No,No,NaN,431.189164331612,NaN,NaN,NaN
999533,6-(2-methylpiperidin-1-yl)sulfonyl-2-(4-phenylpiperazin-1-yl)quinoline,Sintético / Indefinido,C25H30N4O2S,NaN,NaN,33.7,0,73.5614875294087,145,NaN,NaN,No,No,NaN,431.189164331612,NaN,NaN,NaN
1031120,"N-[3-(3,4-dihydro-1H-isoquinolin-2-yl)propyl]-2-(7-fluoro-4-oxopyrrolo[1,2-a]quinoxalin-5-yl)acetamide",Sintético / Indefinido,C25H25FN4O2,NaN,NaN,35.3,0,77.540959592224,145,NaN,NaN,No,No,NaN,431.189164331612,NaN,NaN,NaN
