Description,Information,Molecular_Uses,Info_Source,IUPAC Name,SMILES,InChIKey,ChEMBL_Type,Natural_Product,Max_Clinical_Phase,Is_Parent,Is_Human_Metabolite,HMDB_ID,In_FooDB,FooDB_ID
arg-ile-pro-ala,Fragmento de peptídeo identificado por sequenciamento.,,Regras Locais (Peptídeo),,,,Oligopeptide,Yes,,,Yes,,Yes,
pro-arg-ala-leu,Fragmento de peptídeo identificado por sequenciamento.,,Regras Locais (Peptídeo),,,,Oligopeptide,Yes,,,Yes,,Yes,
pro-ala-arg-ile,Fragmento de peptídeo identificado por sequenciamento.,,Regras Locais (Peptídeo),,,,Oligopeptide,Yes,,,Yes,,Yes,
pro-leu-arg-ala,Fragmento de peptídeo identificado por sequenciamento.,,Regras Locais (Peptídeo),,,,Oligopeptide,Yes,,,Yes,,Yes,
ala-pro-ile-arg,Fragmento de peptídeo identificado por sequenciamento.,,Regras Locais (Peptídeo),,,,Oligopeptide,Yes,,,Yes,,Yes,
leu-pro-ala-arg,Fragmento de peptídeo identificado por sequenciamento.,,Regras Locais (Peptídeo),,,,Oligopeptide,Yes,,,Yes,,Yes,
ile-arg-pro-ala,Fragmento de peptídeo identificado por sequenciamento.,,Regras Locais (Peptídeo),,,,Oligopeptide,Yes,,,Yes,,Yes,
pro-ala-arg-leu,Fragmento de peptídeo identificado por sequenciamento.,,Regras Locais (Peptídeo),,,,Oligopeptide,Yes,,,Yes,,Yes,
arg-pro-leu-ala,Fragmento de peptídeo identificado por sequenciamento.,,Regras Locais (Peptídeo),,,,Oligopeptide,Yes,,,Yes,,Yes,
pro-arg-ala-ile,Fragmento de peptídeo identificado por sequenciamento.,,Regras Locais (Peptídeo),,,,Oligopeptide,Yes,,,Yes,,Yes,
pro-ile-ala-arg,Fragmento de peptídeo identificado por sequenciamento.,,Regras Locais (Peptídeo),,,,Oligopeptide,Yes,,,Yes,,Yes,
ala-arg-pro-ile,Fragmento de peptídeo identificado por sequenciamento.,,Regras Locais (Peptídeo),,,,Oligopeptide,Yes,,,Yes,,Yes,
arg-ile-ala-pro,Fragmento de peptídeo identificado por sequenciamento.,,Regras Locais (Peptídeo),,,,Oligopeptide,Yes,,,Yes,,Yes,
arg-pro-ala-leu,Fragmento de peptídeo identificado por sequenciamento.,,Regras Locais (Peptídeo),,,,Oligopeptide,Yes,,,Yes,,Yes,
pro-arg-ile-ala,Fragmento de peptídeo identificado por sequenciamento.,,Regras Locais (Peptídeo),,,,Oligopeptide,Yes,,,Yes,,Yes,
ile-pro-ala-arg,Fragmento de peptídeo identificado por sequenciamento.,,Regras Locais (Peptídeo),,,,Oligopeptide,Yes,,,Yes,,Yes,
ala-pro-arg-ile,Fragmento de peptídeo identificado por sequenciamento.,,Regras Locais (Peptídeo),,,,Oligopeptide,Yes,,,Yes,,Yes,
ala-pro-leu-arg,Fragmento de peptídeo identificado por sequenciamento.,,Regras Locais (Peptídeo),,,,Oligopeptide,Yes,,,Yes,,Yes,
arg-ala-pro-ile,Fragmento de peptídeo identificado por sequenciamento.,,Regras Locais (Peptídeo),,,,Oligopeptide,Yes,,,Yes,,Yes,
ile-pro-arg-ala,Fragmento de peptídeo identificado por sequenciamento.,,Regras Locais (Peptídeo),,,,Oligopeptide,Yes,,,Yes,,Yes,
ala-leu-arg-pro,Fragmento de peptídeo identificado por sequenciamento.,,Regras Locais (Peptídeo),,,,Oligopeptide,Yes,,,Yes,,Yes,
arg-pro-ala-ile,Fragmento de peptídeo identificado por sequenciamento.,,Regras Locais (Peptídeo),,,,Oligopeptide,Yes,,,Yes,,Yes,
ile-ala-pro-arg,Fragmento de peptídeo identificado por sequenciamento.,,Regras Locais (Peptídeo),,,,Oligopeptide,Yes,,,Yes,,Yes,
pro-arg-leu-ala,Fragmento de peptídeo identificado por sequenciamento.,,Regras Locais (Peptídeo),,,,Oligopeptide,Yes,,,Yes,,Yes,
ile-ala-arg-pro,Fragmento de peptídeo identificado por sequenciamento.,,Regras Locais (Peptídeo),,,,Oligopeptide,Yes,,,Yes,,Yes,
arg-ala-pro-leu,Fragmento de peptídeo identificado por sequenciamento.,,Regras Locais (Peptídeo),,,,Oligopeptide,Yes,,,Yes,,Yes,
arg-pro-ile-ala,Fragmento de peptídeo identificado por sequenciamento.,,Regras Locais (Peptídeo),,,,Oligopeptide,Yes,,,Yes,,Yes,
pro-leu-ala-arg,Fragmento de peptídeo identificado por sequenciamento.,,Regras Locais (Peptídeo),,,,Oligopeptide,Yes,,,Yes,,Yes,
ile-arg-ala-pro,Fragmento de peptídeo identificado por sequenciamento.,,Regras Locais (Peptídeo),,,,Oligopeptide,Yes,,,Yes,,Yes,
leu-pro-arg-ala,Fragmento de peptídeo identificado por sequenciamento.,,Regras Locais (Peptídeo),,,,Oligopeptide,Yes,,,Yes,,Yes,
leu-ala-arg-pro,Fragmento de peptídeo identificado por sequenciamento.,,Regras Locais (Peptídeo),,,,Oligopeptide,Yes,,,Yes,,Yes,
ala-arg-leu-pro,Fragmento de peptídeo identificado por sequenciamento.,,Regras Locais (Peptídeo),,,,Oligopeptide,Yes,,,Yes,,Yes,
pro-ala-leu-arg,Fragmento de peptídeo identificado por sequenciamento.,,Regras Locais (Peptídeo),,,,Oligopeptide,Yes,,,Yes,,Yes,
ala-pro-arg-leu,Fragmento de peptídeo identificado por sequenciamento.,,Regras Locais (Peptídeo),,,,Oligopeptide,Yes,,,Yes,,Yes,
arg-ala-ile-pro,Fragmento de peptídeo identificado por sequenciamento.,,Regras Locais (Peptídeo),,,,Oligopeptide,Yes,,,Yes,,Yes,
ala-leu-pro-arg,Fragmento de peptídeo identificado por sequenciamento.,,Regras Locais (Peptídeo),,,,Oligopeptide,Yes,,,Yes,,Yes,
pro-ala-ile-arg,Fragmento de peptídeo identificado por sequenciamento.,,Regras Locais (Peptídeo),,,,Oligopeptide,Yes,,,Yes,,Yes,
ala-arg-ile-pro,Fragmento de peptídeo identificado por sequenciamento.,,Regras Locais (Peptídeo),,,,Oligopeptide,Yes,,,Yes,,Yes,
leu-arg-pro-ala,Fragmento de peptídeo identificado por sequenciamento.,,Regras Locais (Peptídeo),,,,Oligopeptide,Yes,,,Yes,,Yes,
ala-ile-arg-pro,Fragmento de peptídeo identificado por sequenciamento.,,Regras Locais (Peptídeo),,,,Oligopeptide,Yes,,,Yes,,Yes,
arg-leu-ala-pro,Fragmento de peptídeo identificado por sequenciamento.,,Regras Locais (Peptídeo),,,,Oligopeptide,Yes,,,Yes,,Yes,
ala-arg-pro-leu,Fragmento de peptídeo identificado por sequenciamento.,,Regras Locais (Peptídeo),,,,Oligopeptide,Yes,,,Yes,,Yes,
arg-leu-pro-ala,Fragmento de peptídeo identificado por sequenciamento.,,Regras Locais (Peptídeo),,,,Oligopeptide,Yes,,,Yes,,Yes,
pro-ile-arg-ala,Fragmento de peptídeo identificado por sequenciamento.,,Regras Locais (Peptídeo),,,,Oligopeptide,Yes,,,Yes,,Yes,
ala-ile-pro-arg,Fragmento de peptídeo identificado por sequenciamento.,,Regras Locais (Peptídeo),,,,Oligopeptide,Yes,,,Yes,,Yes,
leu-ala-pro-arg,Fragmento de peptídeo identificado por sequenciamento.,,Regras Locais (Peptídeo),,,,Oligopeptide,Yes,,,Yes,,Yes,
leu-arg-ala-pro,Fragmento de peptídeo identificado por sequenciamento.,,Regras Locais (Peptídeo),,,,Oligopeptide,Yes,,,Yes,,Yes,
arg-ala-leu-pro,Fragmento de peptídeo identificado por sequenciamento.,,Regras Locais (Peptídeo),,,,Oligopeptide,Yes,,,Yes,,Yes,
"5-[8-Fluoro-2-({[2-(1H-1,2,4-triazol-1-yl)ethyl]carbamoyl}amino)[1,2,4]triazolo[1,5-a]pyridin-6-yl]-N-(2-methyl-2-propanyl)-3-pyridinesulfonamide",,No,,35.2,,,No,C20H23FN10O3S,,,501.157114247353,,,
"N-(3,4-difluorophenyl)-2-(4-methyl-6-oxo-2-pyrrolidin-1-ylpyrimidin-1-yl)acetamide",,No,,36.4,,,No,C17H18F2N4O2,,,347.131329445634,,,
"(1R,2S,3R)-2-(2,4-Dihydroxyphenyl)-3-(3,5-dihydroxyphenyl)-1-[(R)-(4-hydroxyphenyl)(methoxy)methyl]-4,6-indanediol",,No,,36,,,No,C29H26O8,,,501.157114247353,,,
"(2E)-4-{3-[(2E)-3-(2,4-Dihydroxyphenyl)-2-propenoyl]-2,6-dihydroxyphenyl}-2-methyl-2-buten-1-yl (2E)-3-(4-hydroxyphenyl)acrylate",,No,,36,,,No,C29H26O8,,,501.157114247353,,,
"13,14-Dimethoxy-7-methyl-6-methylene-5,6,7,8-tetrahydro[1,3]benzodioxolo[5′,6′:3,4]cycloocta[1,2-f][1,3]benzodioxol-5-yl benzoate",,No,,36,,,No,C29H26O8,,,501.157114247353,,,
ala-asn-asp-trp,Fragmento de peptídeo identificado por sequenciamento.,,Regras Locais (Peptídeo),,,,Oligopeptide,Yes,,,Yes,,Yes,
ala-asn-trp-asp,Fragmento de peptídeo identificado por sequenciamento.,,Regras Locais (Peptídeo),,,,Oligopeptide,Yes,,,Yes,,Yes,
ala-asp-asn-trp,Fragmento de peptídeo identificado por sequenciamento.,,Regras Locais (Peptídeo),,,,Oligopeptide,Yes,,,Yes,,Yes,
ala-asp-his-tyr,Fragmento de peptídeo identificado por sequenciamento.,,Regras Locais (Peptídeo),,,,Oligopeptide,Yes,,,Yes,,Yes,
ala-asp-trp-asn,Fragmento de peptídeo identificado por sequenciamento.,,Regras Locais (Peptídeo),,,,Oligopeptide,Yes,,,Yes,,Yes,
ala-asp-tyr-his,Fragmento de peptídeo identificado por sequenciamento.,,Regras Locais (Peptídeo),,,,Oligopeptide,Yes,,,Yes,,Yes,
ala-his-asp-tyr,Fragmento de peptídeo identificado por sequenciamento.,,Regras Locais (Peptídeo),,,,Oligopeptide,Yes,,,Yes,,Yes,
ala-his-tyr-asp,Fragmento de peptídeo identificado por sequenciamento.,,Regras Locais (Peptídeo),,,,Oligopeptide,Yes,,,Yes,,Yes,
ala-trp-asn-asp,Fragmento de peptídeo identificado por sequenciamento.,,Regras Locais (Peptídeo),,,,Oligopeptide,Yes,,,Yes,,Yes,
ala-trp-asp-asn,Fragmento de peptídeo identificado por sequenciamento.,,Regras Locais (Peptídeo),,,,Oligopeptide,Yes,,,Yes,,Yes,
ala-tyr-asp-his,Fragmento de peptídeo identificado por sequenciamento.,,Regras Locais (Peptídeo),,,,Oligopeptide,Yes,,,Yes,,Yes,
ala-tyr-his-asp,Fragmento de peptídeo identificado por sequenciamento.,,Regras Locais (Peptídeo),,,,Oligopeptide,Yes,,,Yes,,Yes,
asn-ala-asp-trp,Fragmento de peptídeo identificado por sequenciamento.,,Regras Locais (Peptídeo),,,,Oligopeptide,Yes,,,Yes,,Yes,
asn-ala-trp-asp,Fragmento de peptídeo identificado por sequenciamento.,,Regras Locais (Peptídeo),,,,Oligopeptide,Yes,,,Yes,,Yes,
asn-asp-ala-trp,Fragmento de peptídeo identificado por sequenciamento.,,Regras Locais (Peptídeo),,,,Oligopeptide,Yes,,,Yes,,Yes,
asn-asp-trp-ala,Fragmento de peptídeo identificado por sequenciamento.,,Regras Locais (Peptídeo),,,,Oligopeptide,Yes,,,Yes,,Yes,
asn-glu-gly-trp,Fragmento de peptídeo identificado por sequenciamento.,,Regras Locais (Peptídeo),,,,Oligopeptide,Yes,,,Yes,,Yes,
asn-glu-trp-gly,Fragmento de peptídeo identificado por sequenciamento.,,Regras Locais (Peptídeo),,,,Oligopeptide,Yes,,,Yes,,Yes,
asn-gly-glu-trp,Fragmento de peptídeo identificado por sequenciamento.,,Regras Locais (Peptídeo),,,,Oligopeptide,Yes,,,Yes,,Yes,
asn-gly-trp-glu,Fragmento de peptídeo identificado por sequenciamento.,,Regras Locais (Peptídeo),,,,Oligopeptide,Yes,,,Yes,,Yes,
asn-trp-ala-asp,Fragmento de peptídeo identificado por sequenciamento.,,Regras Locais (Peptídeo),,,,Oligopeptide,Yes,,,Yes,,Yes,
asn-trp-asp-ala,Fragmento de peptídeo identificado por sequenciamento.,,Regras Locais (Peptídeo),,,,Oligopeptide,Yes,,,Yes,,Yes,
asn-trp-glu-gly,Fragmento de peptídeo identificado por sequenciamento.,,Regras Locais (Peptídeo),,,,Oligopeptide,Yes,,,Yes,,Yes,
asn-trp-gly-glu,Fragmento de peptídeo identificado por sequenciamento.,,Regras Locais (Peptídeo),,,,Oligopeptide,Yes,,,Yes,,Yes,
asp-ala-asn-trp,Fragmento de peptídeo identificado por sequenciamento.,,Regras Locais (Peptídeo),,,,Oligopeptide,Yes,,,Yes,,Yes,
asp-ala-his-tyr,Fragmento de peptídeo identificado por sequenciamento.,,Regras Locais (Peptídeo),,,,Oligopeptide,Yes,,,Yes,,Yes,
asp-ala-trp-asn,Fragmento de peptídeo identificado por sequenciamento.,,Regras Locais (Peptídeo),,,,Oligopeptide,Yes,,,Yes,,Yes,
asp-ala-tyr-his,Fragmento de peptídeo identificado por sequenciamento.,,Regras Locais (Peptídeo),,,,Oligopeptide,Yes,,,Yes,,Yes,
asp-asn-ala-trp,Fragmento de peptídeo identificado por sequenciamento.,,Regras Locais (Peptídeo),,,,Oligopeptide,Yes,,,Yes,,Yes,
asp-asn-trp-ala,Fragmento de peptídeo identificado por sequenciamento.,,Regras Locais (Peptídeo),,,,Oligopeptide,Yes,,,Yes,,Yes,
asp-gln-gly-trp,Fragmento de peptídeo identificado por sequenciamento.,,Regras Locais (Peptídeo),,,,Oligopeptide,Yes,,,Yes,,Yes,
asp-gln-trp-gly,Fragmento de peptídeo identificado por sequenciamento.,,Regras Locais (Peptídeo),,,,Oligopeptide,Yes,,,Yes,,Yes,
asp-gly-gln-trp,Fragmento de peptídeo identificado por sequenciamento.,,Regras Locais (Peptídeo),,,,Oligopeptide,Yes,,,Yes,,Yes,
asp-gly-trp-gln,Fragmento de peptídeo identificado por sequenciamento.,,Regras Locais (Peptídeo),,,,Oligopeptide,Yes,,,Yes,,Yes,
asp-his-ala-tyr,Fragmento de peptídeo identificado por sequenciamento.,,Regras Locais (Peptídeo),,,,Oligopeptide,Yes,,,Yes,,Yes,
asp-his-phe-ser,Fragmento de peptídeo identificado por sequenciamento.,,Regras Locais (Peptídeo),,,,Oligopeptide,Yes,,,Yes,,Yes,
asp-his-ser-phe,Fragmento de peptídeo identificado por sequenciamento.,,Regras Locais (Peptídeo),,,,Oligopeptide,Yes,,,Yes,,Yes,
asp-his-tyr-ala,Fragmento de peptídeo identificado por sequenciamento.,,Regras Locais (Peptídeo),,,,Oligopeptide,Yes,,,Yes,,Yes,
asp-phe-his-ser,Fragmento de peptídeo identificado por sequenciamento.,,Regras Locais (Peptídeo),,,,Oligopeptide,Yes,,,Yes,,Yes,
asp-phe-ser-his,Fragmento de peptídeo identificado por sequenciamento.,,Regras Locais (Peptídeo),,,,Oligopeptide,Yes,,,Yes,,Yes,
asp-ser-his-phe,Fragmento de peptídeo identificado por sequenciamento.,,Regras Locais (Peptídeo),,,,Oligopeptide,Yes,,,Yes,,Yes,
asp-ser-phe-his,Fragmento de peptídeo identificado por sequenciamento.,,Regras Locais (Peptídeo),,,,Oligopeptide,Yes,,,Yes,,Yes,
asp-trp-ala-asn,Fragmento de peptídeo identificado por sequenciamento.,,Regras Locais (Peptídeo),,,,Oligopeptide,Yes,,,Yes,,Yes,
asp-trp-asn-ala,Fragmento de peptídeo identificado por sequenciamento.,,Regras Locais (Peptídeo),,,,Oligopeptide,Yes,,,Yes,,Yes,
asp-trp-gln-gly,Fragmento de peptídeo identificado por sequenciamento.,,Regras Locais (Peptídeo),,,,Oligopeptide,Yes,,,Yes,,Yes,
asp-trp-gly-gln,Fragmento de peptídeo identificado por sequenciamento.,,Regras Locais (Peptídeo),,,,Oligopeptide,Yes,,,Yes,,Yes,
asp-tyr-ala-his,Fragmento de peptídeo identificado por sequenciamento.,,Regras Locais (Peptídeo),,,,Oligopeptide,Yes,,,Yes,,Yes,
asp-tyr-his-ala,Fragmento de peptídeo identificado por sequenciamento.,,Regras Locais (Peptídeo),,,,Oligopeptide,Yes,,,Yes,,Yes,
glu-asn-gly-trp,Fragmento de peptídeo identificado por sequenciamento.,,Regras Locais (Peptídeo),,,,Oligopeptide,Yes,,,Yes,,Yes,
glu-asn-trp-gly,Fragmento de peptídeo identificado por sequenciamento.,,Regras Locais (Peptídeo),,,,Oligopeptide,Yes,,,Yes,,Yes,
glu-gly-asn-trp,Fragmento de peptídeo identificado por sequenciamento.,,Regras Locais (Peptídeo),,,,Oligopeptide,Yes,,,Yes,,Yes,
glu-gly-his-tyr,Fragmento de peptídeo identificado por sequenciamento.,,Regras Locais (Peptídeo),,,,Oligopeptide,Yes,,,Yes,,Yes,
glu-gly-trp-asn,Fragmento de peptídeo identificado por sequenciamento.,,Regras Locais (Peptídeo),,,,Oligopeptide,Yes,,,Yes,,Yes,
glu-gly-tyr-his,Fragmento de peptídeo identificado por sequenciamento.,,Regras Locais (Peptídeo),,,,Oligopeptide,Yes,,,Yes,,Yes,
glu-his-gly-tyr,Fragmento de peptídeo identificado por sequenciamento.,,Regras Locais (Peptídeo),,,,Oligopeptide,Yes,,,Yes,,Yes,
glu-his-tyr-gly,Fragmento de peptídeo identificado por sequenciamento.,,Regras Locais (Peptídeo),,,,Oligopeptide,Yes,,,Yes,,Yes,
glu-trp-asn-gly,Fragmento de peptídeo identificado por sequenciamento.,,Regras Locais (Peptídeo),,,,Oligopeptide,Yes,,,Yes,,Yes,
glu-trp-gly-asn,Fragmento de peptídeo identificado por sequenciamento.,,Regras Locais (Peptídeo),,,,Oligopeptide,Yes,,,Yes,,Yes,
glu-tyr-gly-his,Fragmento de peptídeo identificado por sequenciamento.,,Regras Locais (Peptídeo),,,,Oligopeptide,Yes,,,Yes,,Yes,
glu-tyr-his-gly,Fragmento de peptídeo identificado por sequenciamento.,,Regras Locais (Peptídeo),,,,Oligopeptide,Yes,,,Yes,,Yes,
gln-asp-gly-trp,Fragmento de peptídeo identificado por sequenciamento.,,Regras Locais (Peptídeo),,,,Oligopeptide,Yes,,,Yes,,Yes,
gln-asp-trp-gly,Fragmento de peptídeo identificado por sequenciamento.,,Regras Locais (Peptídeo),,,,Oligopeptide,Yes,,,Yes,,Yes,
gln-gly-asp-trp,Fragmento de peptídeo identificado por sequenciamento.,,Regras Locais (Peptídeo),,,,Oligopeptide,Yes,,,Yes,,Yes,
gln-gly-trp-asp,Fragmento de peptídeo identificado por sequenciamento.,,Regras Locais (Peptídeo),,,,Oligopeptide,Yes,,,Yes,,Yes,
gln-trp-asp-gly,Fragmento de peptídeo identificado por sequenciamento.,,Regras Locais (Peptídeo),,,,Oligopeptide,Yes,,,Yes,,Yes,
gln-trp-gly-asp,Fragmento de peptídeo identificado por sequenciamento.,,Regras Locais (Peptídeo),,,,Oligopeptide,Yes,,,Yes,,Yes,
gly-asn-glu-trp,Fragmento de peptídeo identificado por sequenciamento.,,Regras Locais (Peptídeo),,,,Oligopeptide,Yes,,,Yes,,Yes,
gly-asn-trp-glu,Fragmento de peptídeo identificado por sequenciamento.,,Regras Locais (Peptídeo),,,,Oligopeptide,Yes,,,Yes,,Yes,
gly-asp-gln-trp,Fragmento de peptídeo identificado por sequenciamento.,,Regras Locais (Peptídeo),,,,Oligopeptide,Yes,,,Yes,,Yes,
gly-asp-trp-gln,Fragmento de peptídeo identificado por sequenciamento.,,Regras Locais (Peptídeo),,,,Oligopeptide,Yes,,,Yes,,Yes,
gly-glu-asn-trp,Fragmento de peptídeo identificado por sequenciamento.,,Regras Locais (Peptídeo),,,,Oligopeptide,Yes,,,Yes,,Yes,
gly-glu-his-tyr,Fragmento de peptídeo identificado por sequenciamento.,,Regras Locais (Peptídeo),,,,Oligopeptide,Yes,,,Yes,,Yes,
gly-glu-trp-asn,Fragmento de peptídeo identificado por sequenciamento.,,Regras Locais (Peptídeo),,,,Oligopeptide,Yes,,,Yes,,Yes,
gly-glu-tyr-his,Fragmento de peptídeo identificado por sequenciamento.,,Regras Locais (Peptídeo),,,,Oligopeptide,Yes,,,Yes,,Yes,
gly-gln-asp-trp,Fragmento de peptídeo identificado por sequenciamento.,,Regras Locais (Peptídeo),,,,Oligopeptide,Yes,,,Yes,,Yes,
gly-gln-trp-asp,Fragmento de peptídeo identificado por sequenciamento.,,Regras Locais (Peptídeo),,,,Oligopeptide,Yes,,,Yes,,Yes,
gly-his-glu-tyr,Fragmento de peptídeo identificado por sequenciamento.,,Regras Locais (Peptídeo),,,,Oligopeptide,Yes,,,Yes,,Yes,
gly-his-tyr-glu,Fragmento de peptídeo identificado por sequenciamento.,,Regras Locais (Peptídeo),,,,Oligopeptide,Yes,,,Yes,,Yes,
gly-trp-asn-glu,Fragmento de peptídeo identificado por sequenciamento.,,Regras Locais (Peptídeo),,,,Oligopeptide,Yes,,,Yes,,Yes,
gly-trp-asp-gln,Fragmento de peptídeo identificado por sequenciamento.,,Regras Locais (Peptídeo),,,,Oligopeptide,Yes,,,Yes,,Yes,
gly-trp-glu-asn,Fragmento de peptídeo identificado por sequenciamento.,,Regras Locais (Peptídeo),,,,Oligopeptide,Yes,,,Yes,,Yes,
gly-trp-gln-asp,Fragmento de peptídeo identificado por sequenciamento.,,Regras Locais (Peptídeo),,,,Oligopeptide,Yes,,,Yes,,Yes,
gly-tyr-glu-his,Fragmento de peptídeo identificado por sequenciamento.,,Regras Locais (Peptídeo),,,,Oligopeptide,Yes,,,Yes,,Yes,
gly-tyr-his-glu,Fragmento de peptídeo identificado por sequenciamento.,,Regras Locais (Peptídeo),,,,Oligopeptide,Yes,,,Yes,,Yes,
his-ala-asp-tyr,Fragmento de peptídeo identificado por sequenciamento.,,Regras Locais (Peptídeo),,,,Oligopeptide,Yes,,,Yes,,Yes,
his-ala-tyr-asp,Fragmento de peptídeo identificado por sequenciamento.,,Regras Locais (Peptídeo),,,,Oligopeptide,Yes,,,Yes,,Yes,
his-asp-ala-tyr,Fragmento de peptídeo identificado por sequenciamento.,,Regras Locais (Peptídeo),,,,Oligopeptide,Yes,,,Yes,,Yes,
his-asp-phe-ser,Fragmento de peptídeo identificado por sequenciamento.,,Regras Locais (Peptídeo),,,,Oligopeptide,Yes,,,Yes,,Yes,
his-asp-ser-phe,Fragmento de peptídeo identificado por sequenciamento.,,Regras Locais (Peptídeo),,,,Oligopeptide,Yes,,,Yes,,Yes,
his-asp-tyr-ala,Fragmento de peptídeo identificado por sequenciamento.,,Regras Locais (Peptídeo),,,,Oligopeptide,Yes,,,Yes,,Yes,
his-glu-gly-tyr,Fragmento de peptídeo identificado por sequenciamento.,,Regras Locais (Peptídeo),,,,Oligopeptide,Yes,,,Yes,,Yes,
his-glu-tyr-gly,Fragmento de peptídeo identificado por sequenciamento.,,Regras Locais (Peptídeo),,,,Oligopeptide,Yes,,,Yes,,Yes,
his-gly-glu-tyr,Fragmento de peptídeo identificado por sequenciamento.,,Regras Locais (Peptídeo),,,,Oligopeptide,Yes,,,Yes,,Yes,
his-gly-tyr-glu,Fragmento de peptídeo identificado por sequenciamento.,,Regras Locais (Peptídeo),,,,Oligopeptide,Yes,,,Yes,,Yes,
his-phe-asp-ser,Fragmento de peptídeo identificado por sequenciamento.,,Regras Locais (Peptídeo),,,,Oligopeptide,Yes,,,Yes,,Yes,
his-phe-ser-asp,Fragmento de peptídeo identificado por sequenciamento.,,Regras Locais (Peptídeo),,,,Oligopeptide,Yes,,,Yes,,Yes,
his-ser-asp-phe,Fragmento de peptídeo identificado por sequenciamento.,,Regras Locais (Peptídeo),,,,Oligopeptide,Yes,,,Yes,,Yes,
his-ser-phe-asp,Fragmento de peptídeo identificado por sequenciamento.,,Regras Locais (Peptídeo),,,,Oligopeptide,Yes,,,Yes,,Yes,
his-tyr-ala-asp,Fragmento de peptídeo identificado por sequenciamento.,,Regras Locais (Peptídeo),,,,Oligopeptide,Yes,,,Yes,,Yes,
his-tyr-asp-ala,Fragmento de peptídeo identificado por sequenciamento.,,Regras Locais (Peptídeo),,,,Oligopeptide,Yes,,,Yes,,Yes,
his-tyr-glu-gly,Fragmento de peptídeo identificado por sequenciamento.,,Regras Locais (Peptídeo),,,,Oligopeptide,Yes,,,Yes,,Yes,
his-tyr-gly-glu,Fragmento de peptídeo identificado por sequenciamento.,,Regras Locais (Peptídeo),,,,Oligopeptide,Yes,,,Yes,,Yes,
phe-asp-his-ser,Fragmento de peptídeo identificado por sequenciamento.,,Regras Locais (Peptídeo),,,,Oligopeptide,Yes,,,Yes,,Yes,
phe-asp-ser-his,Fragmento de peptídeo identificado por sequenciamento.,,Regras Locais (Peptídeo),,,,Oligopeptide,Yes,,,Yes,,Yes,
phe-his-asp-ser,Fragmento de peptídeo identificado por sequenciamento.,,Regras Locais (Peptídeo),,,,Oligopeptide,Yes,,,Yes,,Yes,
phe-his-ser-asp,Fragmento de peptídeo identificado por sequenciamento.,,Regras Locais (Peptídeo),,,,Oligopeptide,Yes,,,Yes,,Yes,
phe-ser-asp-his,Fragmento de peptídeo identificado por sequenciamento.,,Regras Locais (Peptídeo),,,,Oligopeptide,Yes,,,Yes,,Yes,
phe-ser-his-asp,Fragmento de peptídeo identificado por sequenciamento.,,Regras Locais (Peptídeo),,,,Oligopeptide,Yes,,,Yes,,Yes,
ser-asp-his-phe,Fragmento de peptídeo identificado por sequenciamento.,,Regras Locais (Peptídeo),,,,Oligopeptide,Yes,,,Yes,,Yes,
ser-asp-phe-his,Fragmento de peptídeo identificado por sequenciamento.,,Regras Locais (Peptídeo),,,,Oligopeptide,Yes,,,Yes,,Yes,
ser-his-asp-phe,Fragmento de peptídeo identificado por sequenciamento.,,Regras Locais (Peptídeo),,,,Oligopeptide,Yes,,,Yes,,Yes,
ser-his-phe-asp,Fragmento de peptídeo identificado por sequenciamento.,,Regras Locais (Peptídeo),,,,Oligopeptide,Yes,,,Yes,,Yes,
ser-phe-asp-his,Fragmento de peptídeo identificado por sequenciamento.,,Regras Locais (Peptídeo),,,,Oligopeptide,Yes,,,Yes,,Yes,
ser-phe-his-asp,Fragmento de peptídeo identificado por sequenciamento.,,Regras Locais (Peptídeo),,,,Oligopeptide,Yes,,,Yes,,Yes,
trp-ala-asn-asp,Fragmento de peptídeo identificado por sequenciamento.,,Regras Locais (Peptídeo),,,,Oligopeptide,Yes,,,Yes,,Yes,
trp-ala-asp-asn,Fragmento de peptídeo identificado por sequenciamento.,,Regras Locais (Peptídeo),,,,Oligopeptide,Yes,,,Yes,,Yes,
trp-asn-ala-asp,Fragmento de peptídeo identificado por sequenciamento.,,Regras Locais (Peptídeo),,,,Oligopeptide,Yes,,,Yes,,Yes,
trp-asn-asp-ala,Fragmento de peptídeo identificado por sequenciamento.,,Regras Locais (Peptídeo),,,,Oligopeptide,Yes,,,Yes,,Yes,
trp-asn-glu-gly,Fragmento de peptídeo identificado por sequenciamento.,,Regras Locais (Peptídeo),,,,Oligopeptide,Yes,,,Yes,,Yes,
trp-asn-gly-glu,Fragmento de peptídeo identificado por sequenciamento.,,Regras Locais (Peptídeo),,,,Oligopeptide,Yes,,,Yes,,Yes,
trp-asp-ala-asn,Fragmento de peptídeo identificado por sequenciamento.,,Regras Locais (Peptídeo),,,,Oligopeptide,Yes,,,Yes,,Yes,
trp-asp-asn-ala,Fragmento de peptídeo identificado por sequenciamento.,,Regras Locais (Peptídeo),,,,Oligopeptide,Yes,,,Yes,,Yes,
trp-asp-gln-gly,Fragmento de peptídeo identificado por sequenciamento.,,Regras Locais (Peptídeo),,,,Oligopeptide,Yes,,,Yes,,Yes,
trp-asp-gly-gln,Fragmento de peptídeo identificado por sequenciamento.,,Regras Locais (Peptídeo),,,,Oligopeptide,Yes,,,Yes,,Yes,
trp-glu-asn-gly,Fragmento de peptídeo identificado por sequenciamento.,,Regras Locais (Peptídeo),,,,Oligopeptide,Yes,,,Yes,,Yes,
trp-glu-gly-asn,Fragmento de peptídeo identificado por sequenciamento.,,Regras Locais (Peptídeo),,,,Oligopeptide,Yes,,,Yes,,Yes,
trp-gln-asp-gly,Fragmento de peptídeo identificado por sequenciamento.,,Regras Locais (Peptídeo),,,,Oligopeptide,Yes,,,Yes,,Yes,
trp-gln-gly-asp,Fragmento de peptídeo identificado por sequenciamento.,,Regras Locais (Peptídeo),,,,Oligopeptide,Yes,,,Yes,,Yes,
trp-gly-asn-glu,Fragmento de peptídeo identificado por sequenciamento.,,Regras Locais (Peptídeo),,,,Oligopeptide,Yes,,,Yes,,Yes,
trp-gly-asp-gln,Fragmento de peptídeo identificado por sequenciamento.,,Regras Locais (Peptídeo),,,,Oligopeptide,Yes,,,Yes,,Yes,
trp-gly-glu-asn,Fragmento de peptídeo identificado por sequenciamento.,,Regras Locais (Peptídeo),,,,Oligopeptide,Yes,,,Yes,,Yes,
trp-gly-gln-asp,Fragmento de peptídeo identificado por sequenciamento.,,Regras Locais (Peptídeo),,,,Oligopeptide,Yes,,,Yes,,Yes,
tyr-ala-asp-his,Fragmento de peptídeo identificado por sequenciamento.,,Regras Locais (Peptídeo),,,,Oligopeptide,Yes,,,Yes,,Yes,
tyr-ala-his-asp,Fragmento de peptídeo identificado por sequenciamento.,,Regras Locais (Peptídeo),,,,Oligopeptide,Yes,,,Yes,,Yes,
tyr-asp-ala-his,Fragmento de peptídeo identificado por sequenciamento.,,Regras Locais (Peptídeo),,,,Oligopeptide,Yes,,,Yes,,Yes,
tyr-asp-his-ala,Fragmento de peptídeo identificado por sequenciamento.,,Regras Locais (Peptídeo),,,,Oligopeptide,Yes,,,Yes,,Yes,
tyr-glu-gly-his,Fragmento de peptídeo identificado por sequenciamento.,,Regras Locais (Peptídeo),,,,Oligopeptide,Yes,,,Yes,,Yes,
tyr-glu-his-gly,Fragmento de peptídeo identificado por sequenciamento.,,Regras Locais (Peptídeo),,,,Oligopeptide,Yes,,,Yes,,Yes,
tyr-gly-glu-his,Fragmento de peptídeo identificado por sequenciamento.,,Regras Locais (Peptídeo),,,,Oligopeptide,Yes,,,Yes,,Yes,
tyr-gly-his-glu,Fragmento de peptídeo identificado por sequenciamento.,,Regras Locais (Peptídeo),,,,Oligopeptide,Yes,,,Yes,,Yes,
tyr-his-ala-asp,Fragmento de peptídeo identificado por sequenciamento.,,Regras Locais (Peptídeo),,,,Oligopeptide,Yes,,,Yes,,Yes,
tyr-his-asp-ala,Fragmento de peptídeo identificado por sequenciamento.,,Regras Locais (Peptídeo),,,,Oligopeptide,Yes,,,Yes,,Yes,
tyr-his-glu-gly,Fragmento de peptídeo identificado por sequenciamento.,,Regras Locais (Peptídeo),,,,Oligopeptide,Yes,,,Yes,,Yes,
tyr-his-gly-glu,Fragmento de peptídeo identificado por sequenciamento.,,Regras Locais (Peptídeo),,,,Oligopeptide,Yes,,,Yes,,Yes,
"7-(2-fluoro-4-methoxyphenyl)-2-(2-phenylethyl)-[1,2,4]triazolo[1,5-a]pyrimidine",,No,,36.7,,,No,C20H17FN4O,,,347.131329445634,,,
"Sulfanediylbis(4,1-phenyleneoxy-2-hydroxy-3,1-propanediyl) bis(2-methylacrylate)",,No,,35.2,,,No,C26H30O8S,,,501.157114247353,,,
AL 8810 ethyl amide,,No,,36.5,,,No,C26H36FNO3,,,428.260345571423,,,
"6,7,8-Triphenyl[1,2,4]triazolo[4,3-b]pyridazine",,No,,35.5,,,No,C23H16N4,,,347.131329445634,,,
"8-Chloro-5-(β-L-glucopyranuronosyl)-11-(4-methyl-1-piperazinyl)-5H-dibenzo[b,e][1,4]diazepine",,No,,34.6,,,No,C24H27ClN4O6,,,501.157114247353,,,
1-[4-methyl-2-(4-methylpiperazin-1-yl)quinolin-6-yl]-3-[3-(4-methylpiperazin-1-yl)propyl]thiourea,,No,,37.5,,,No,C24H37N7S,,,454.27642327454,,,
"N-(2,5-difluorophenyl)-2-(4-methyl-6-oxo-2-pyrrolidin-1-ylpyrimidin-1-yl)acetamide",,No,,36.4,,,No,C17H18F2N4O2,,,347.131329445634,,,
"N-(3,5-difluorophenyl)-2-(4-methyl-6-oxo-2-pyrrolidin-1-ylpyrimidin-1-yl)acetamide",,No,,36.4,,,No,C17H18F2N4O2,,,347.131329445634,,,
"7-(4-fluoro-2-methoxyphenyl)-2-(2-phenylethyl)-[1,2,4]triazolo[1,5-a]pyrimidine",,No,,36.7,,,No,C20H17FN4O,,,347.131329445634,,,
"(3,8-Diphenyl-1,6-pyrenediyl)bis(dimethylsilanol)",,No,,35,,,No,C32H30O2Si2,,,501.172576035459,,,
"N-(2,4-difluorophenyl)-3-(2-hydroxyethyl)-1-pyrimidin-2-ylpyrrolidine-3-carboxamide",,No,,36.4,,,No,C17H18F2N4O2,,,347.131329445634,,,
Miproxifene,,,,4-[(Z)-1-[4-[2-(dimethylamino)ethoxy]phenyl]-2-(4-propan-2-ylphenyl)but-1-enyl]phenol,CC/C(=C(\C1=CC=C(C=C1)O)/C2=CC=C(C=C2)OCCN(C)C)/C3=CC=C(C=C3)C(C)C,FVVPWVFWOOMXEZ-ZIADKAODSA-N,Small molecule,No,2.0,,No,,No,
"2-(3,6-Diphenyl-4-pyridazinyl)-1H-benzimidazole",,No,,35.5,,,No,C23H16N4,,,347.131329445634,,,
Adozelesin,Adozelesin is an indolecarboxamide.,,ChEBI,"N-[2-[(1R,12S)-3-methyl-7-oxo-5,10-diazatetracyclo[7.4.0.01,12.02,6]trideca-2(6),3,8-triene-10-carbonyl]-1H-indol-5-yl]-1-benzofuran-2-carboxamide",CC1=CNC2=C1[C@@]34C[C@@H]3CN(C4=CC2=O)C(=O)C5=CC6=C(N5)C=CC(=C6)NC(=O)C7=CC8=CC=CC=C8O7,BYRVKDUQDLJUBX-JJCDCTGGSA-N,Small molecule,No,2.0,,No,,No,
Demethoxyisogemichalcone C,Demethoxyisogemichalcone C is a member of chalcones.,,ChEBI,"[(E)-4-[3-[(E)-3-(2,4-dihydroxyphenyl)prop-2-enoyl]-2,6-dihydroxyphenyl]-2-methylbut-2-enyl] (E)-3-(4-hydroxyphenyl)prop-2-enoate",C/C(=C\CC1=C(C=CC(=C1O)C(=O)/C=C/C2=C(C=C(C=C2)O)O)O)/COC(=O)/C=C/C3=CC=C(C=C3)O,XXQUTHYOIGFGPG-MPKNGZDBSA-N,Small molecule,Yes,,,No,,No,
Benzindopyrine hydrochloride,,,,1-benzyl-3-(2-pyridin-4-ylethyl)indole;hydrochloride,C1=CC=C(C=C1)CN2C=C(C3=CC=CC=C32)CCC4=CC=NC=C4.Cl,FPHIGGMDBMWPDB-UHFFFAOYSA-N,Small molecule,No,-1.0,,No,,No,
"7,7,9,9-Tetramethyl-3-[3-(triethoxysilyl)propyl]-1,3,8-triazaspiro[4.5]decane-2,4-dione",,No,,35.3,,,No,C20H39N3O5Si,,,428.260345571423,,,
gln-pro-trp-tyr,Fragmento de peptídeo identificado por sequenciamento.,,Regras Locais (Peptídeo),,,,Oligopeptide,Yes,,,Yes,,Yes,
gln-pro-tyr-trp,Fragmento de peptídeo identificado por sequenciamento.,,Regras Locais (Peptídeo),,,,Oligopeptide,Yes,,,Yes,,Yes,
gln-trp-pro-tyr,Fragmento de peptídeo identificado por sequenciamento.,,Regras Locais (Peptídeo),,,,Oligopeptide,Yes,,,Yes,,Yes,
gln-trp-tyr-pro,Fragmento de peptídeo identificado por sequenciamento.,,Regras Locais (Peptídeo),,,,Oligopeptide,Yes,,,Yes,,Yes,
gln-tyr-pro-trp,Fragmento de peptídeo identificado por sequenciamento.,,Regras Locais (Peptídeo),,,,Oligopeptide,Yes,,,Yes,,Yes,
gln-tyr-trp-pro,Fragmento de peptídeo identificado por sequenciamento.,,Regras Locais (Peptídeo),,,,Oligopeptide,Yes,,,Yes,,Yes,
pro-gln-trp-tyr,Fragmento de peptídeo identificado por sequenciamento.,,Regras Locais (Peptídeo),,,,Oligopeptide,Yes,,,Yes,,Yes,
pro-gln-tyr-trp,Fragmento de peptídeo identificado por sequenciamento.,,Regras Locais (Peptídeo),,,,Oligopeptide,Yes,,,Yes,,Yes,
pro-trp-gln-tyr,Fragmento de peptídeo identificado por sequenciamento.,,Regras Locais (Peptídeo),,,,Oligopeptide,Yes,,,Yes,,Yes,
pro-trp-tyr-gln,Fragmento de peptídeo identificado por sequenciamento.,,Regras Locais (Peptídeo),,,,Oligopeptide,Yes,,,Yes,,Yes,
pro-tyr-gln-trp,Fragmento de peptídeo identificado por sequenciamento.,,Regras Locais (Peptídeo),,,,Oligopeptide,Yes,,,Yes,,Yes,
pro-tyr-trp-gln,Fragmento de peptídeo identificado por sequenciamento.,,Regras Locais (Peptídeo),,,,Oligopeptide,Yes,,,Yes,,Yes,
thr-thr-trp-trp,Fragmento de peptídeo identificado por sequenciamento.,,Regras Locais (Peptídeo),,,,Oligopeptide,Yes,,,Yes,,Yes,
thr-trp-thr-trp,Fragmento de peptídeo identificado por sequenciamento.,,Regras Locais (Peptídeo),,,,Oligopeptide,Yes,,,Yes,,Yes,
thr-trp-trp-thr,Fragmento de peptídeo identificado por sequenciamento.,,Regras Locais (Peptídeo),,,,Oligopeptide,Yes,,,Yes,,Yes,
trp-gln-pro-tyr,Fragmento de peptídeo identificado por sequenciamento.,,Regras Locais (Peptídeo),,,,Oligopeptide,Yes,,,Yes,,Yes,
trp-gln-tyr-pro,Fragmento de peptídeo identificado por sequenciamento.,,Regras Locais (Peptídeo),,,,Oligopeptide,Yes,,,Yes,,Yes,
trp-pro-gln-tyr,Fragmento de peptídeo identificado por sequenciamento.,,Regras Locais (Peptídeo),,,,Oligopeptide,Yes,,,Yes,,Yes,
trp-pro-tyr-gln,Fragmento de peptídeo identificado por sequenciamento.,,Regras Locais (Peptídeo),,,,Oligopeptide,Yes,,,Yes,,Yes,
trp-thr-thr-trp,Fragmento de peptídeo identificado por sequenciamento.,,Regras Locais (Peptídeo),,,,Oligopeptide,Yes,,,Yes,,Yes,
trp-thr-trp-thr,Fragmento de peptídeo identificado por sequenciamento.,,Regras Locais (Peptídeo),,,,Oligopeptide,Yes,,,Yes,,Yes,
trp-trp-thr-thr,Fragmento de peptídeo identificado por sequenciamento.,,Regras Locais (Peptídeo),,,,Oligopeptide,Yes,,,Yes,,Yes,
trp-tyr-gln-pro,Fragmento de peptídeo identificado por sequenciamento.,,Regras Locais (Peptídeo),,,,Oligopeptide,Yes,,,Yes,,Yes,
trp-tyr-pro-gln,Fragmento de peptídeo identificado por sequenciamento.,,Regras Locais (Peptídeo),,,,Oligopeptide,Yes,,,Yes,,Yes,
tyr-gln-pro-trp,Fragmento de peptídeo identificado por sequenciamento.,,Regras Locais (Peptídeo),,,,Oligopeptide,Yes,,,Yes,,Yes,
tyr-gln-trp-pro,Fragmento de peptídeo identificado por sequenciamento.,,Regras Locais (Peptídeo),,,,Oligopeptide,Yes,,,Yes,,Yes,
tyr-pro-gln-trp,Fragmento de peptídeo identificado por sequenciamento.,,Regras Locais (Peptídeo),,,,Oligopeptide,Yes,,,Yes,,Yes,
tyr-pro-trp-gln,Fragmento de peptídeo identificado por sequenciamento.,,Regras Locais (Peptídeo),,,,Oligopeptide,Yes,,,Yes,,Yes,
tyr-trp-gln-pro,Fragmento de peptídeo identificado por sequenciamento.,,Regras Locais (Peptídeo),,,,Oligopeptide,Yes,,,Yes,,Yes,
tyr-trp-pro-gln,Fragmento de peptídeo identificado por sequenciamento.,,Regras Locais (Peptídeo),,,,Oligopeptide,Yes,,,Yes,,Yes,
"2-Isothiocyanato-1,1′:2′,1″-terphenyl",,No,,35.6,,,No,C19H13NS,,,286.068871448135,,,
"2-[(E)-2-(2-Naphthyl)vinyl]-1,3-benzothiazole",,No,,35.6,,,No,C19H13NS,,,286.068871448135,,,
"(2S,3R,4S,5R)-2-(4-Amino-2-oxo-1(2H)-pyrimidinyl)-3,4-dihydroxy-5-(hydroxymethyl)tetrahydro-2-furancarboxylic acid (non-preferred name)",,No,,38.5,,,No,C10H13N3O7,,,286.068871448135,,,
"N-{3-[(4,6-Diamino-1,3,5-triazin-2-yl)amino]-1,4-dioxo-1,4-dihydro-2-naphthalenyl}acetamide",,No,,50.6,,,No,C15H13N7O3,,,338.100620378815,,,
"N,N-Diethyl-1,3-dimethyl-4,6-dioxo-2-thioxohexahydro-5-pyrimidinecarbothioamide",,No,,50.4,,,No,C11H17N3O2S2,,,286.068871448135,,,
Mifepristone,"Mifepristone is a 3-oxo-Delta(4) steroid, a tertiary amino compound and an acetylenic compound. It has a role as a hormone antagonist, a contraceptive drug, a synthetic oral contraceptive and an abortifacient. It derives from a hydride of an estrane.",,ChEBI,"(8S,11R,13S,14S,17S)-11-[4-(dimethylamino)phenyl]-17-hydroxy-13-methyl-17-prop-1-ynyl-1,2,6,7,8,11,12,14,15,16-decahydrocyclopenta[a]phenanthren-3-one",CC#C[C@@]1(CC[C@@H]2[C@@]1(C[C@@H](C3=C4CCC(=O)C=C4CC[C@@H]23)C5=CC=C(C=C5)N(C)C)C)O,VKHAHZOOUSRJNA-GCNJZUOMSA-N,Small molecule,Yes,4.0,,No,,No,
1-[4-methyl-2-(4-methylpiperazin-1-yl)quinolin-6-yl]-3-[3-(4-propylpiperazin-1-yl)propyl]thiourea,,No,,35.9,,,No,C26H41N7S,,,482.306914474034,,,
"N,N-Dihexyl-5-(4,4,5,5-tetramethyl-1,3,2-dioxaborolan-2-yl)-2-(trifluoromethyl)benzamide",,No,,22.7,,,No,C26H41BF3NO3,,,482.306914474034,,,
1-[2-(4-ethylpiperazin-1-yl)-4-methylquinolin-6-yl]-3-[3-(4-ethylpiperazin-1-yl)propyl]thiourea,,No,,35.9,,,No,C26H41N7S,,,482.306914474034,,,
"1,1′,1″-(1,3,5,7,9,11,13,15,17,19,21-Tricosaundecayne-23,23,23-triyl)tris[3,5-bis(2-methyl-2-propanyl)benzene]",,No,,30.2,,,No,C65H64,,,825.486286207692,,,
N-[3-({1-[6-(Cyclopropylamino)-4-pyrimidinyl]-1H-imidazol-2-yl}amino)-4-methylphenyl]-3-(4-methyl-1H-imidazol-1-yl)-5-(trifluoromethyl)benzamide,,No,,35.8,,,No,C29H26F3N9O,,,572.211838904398,,,
"4,5-Dinitro-1H-1,2,3-triazol-1-amine",,No,,38.8,,,No,C2H2N6O4,,,173.006230396058,,,
"(4E)-4-{(2Z)-2-[(4-Amino-1-carboxy-4-oxobutyl)imino]ethylidene}-1,2,3,4-tetrahydro-2,6-pyridinedicarboxylic acid (non-preferred name)",,No,,46.3,,,No,C14H17N3O7,,,338.100620378815,,,
"N-cyclopentyl-1,2-dimethyl-5-(4-methyl-1,3-thiazol-2-yl)pyrrole-3-sulfonamide",,No,,36,,,No,C15H21N3O2S2,,,338.100620378815,,,
"4-[1-(2-methylpropyl)pyrrolo[2,3-b]pyridin-3-yl]sulfonylthiomorpholine",,No,,36,,,No,C15H21N3O2S2,,,338.100620378815,,,
"N-[2-(dimethylamino)ethyl]-2-methyl-5-(2-methyl-1,3-thiazol-4-yl)benzenesulfonamide",,No,,36,,,No,C15H21N3O2S2,,,338.100620378815,,,
"5-(Dinitromethylene)-2,5-dihydro-1H-tetrazole",,No,,38.8,,,No,C2H2N6O4,,,173.006230396058,,,
5-(Dinitromethyl)-2H-tetrazole,,No,,38.8,,,No,C2H2N6O4,,,173.006230396058,,,
"Thieno[2,3-g][1]benzofuran",,No,,36.7,,,No,C10H6OS,,,173.006230396058,,,
"N,3-Dinitro-1H-1,2,4-triazol-5-amine",,No,,38.8,,,No,C2H2N6O4,,,173.006230396058,,,
"6-Nitro-1,2,3,4-tetrazin-5-amine 1,3-dioxide",,No,,38.8,,,No,C2H2N6O4,,,173.006230396058,,,
4-(diphenylmethoxymethyl)-1-(3-(4-methoxyphenyl)propyl)piperidine,,,,4-(benzhydryloxymethyl)-1-[3-(4-methoxyphenyl)propyl]piperidine,COC1=CC=C(C=C1)CCCN2CCC(CC2)COC(C3=CC=CC=C3)C4=CC=CC=C4,WRTXEGOLODUQIE-UHFFFAOYSA-N,Small molecule,Yes,,,No,,No,
"2,6-Pyridinedicarboxylic acid, 4-(((4-amino-1-carboxy-4-oxobutyl)imino)ethylidene)-1,2,3,4-tetrahydro-",,No,,37.2,,,No,C14H17N3O7,,,338.100620378815,,,
"2-(1,5-dimethyl-4-piperidin-1-ylsulfonylpyrrol-2-yl)-4-methyl-1,3-thiazole",,No,,36,,,No,C15H21N3O2S2,,,338.100620378815,,,
Cryptospirolepine,,No,,35.2,"5,19'-dimethylspiro[10H-indolo[3,2-b]quinoline-11,10'-8,19-diazapentacyclo[9.8.1.02,7.08,20.013,18]icosa-1(20),2,4,6,11,13,15,17-octaene]-9'-one",,No,C34H24N4O,,,503.187398555211,,DRSVXQGELOIOBH-UHFFFAOYSA-N,
"Thieno[3,2-b][1]benzofuran",,No,,36.6,,,No,C10H6OS,,,173.006230396058,,,
"2-(2,4-Difluorophenoxy)-1-methyl-1H-indole-3-carbaldehyde",,,,"2-(2,4-difluorophenoxy)-1-methylindole-3-carbaldehyde",CN1C2=CC=CC=C2C(=C1OC3=C(C=C(C=C3)F)F)C=O,RGESBTLCWJTUDK-UHFFFAOYSA-N,Small molecule,No,,,No,,No,
Tamolarizine Dihydrochloride,,No,,29.5,"2-(4-benzhydrylpiperazin-1-yl)-1-(3,4-dimethoxyphenyl)ethanol;dihydrochloride",,No,C27H34Cl2N2O3,,,503.187398555211,,ZIGNSXDSBVYYFD-UHFFFAOYSA-N,
"1-[[3-(4-methylphenyl)-1,2,4-oxadiazol-5-yl]methyl]-4-phenylpyrazine-2,3-dione",,No,,35.1,,,No,C20H16N4O3,,,341.102776126292,,,
Tofacitinib citrate,,,,"2-hydroxypropane-1,2,3-tricarboxylic acid;3-[(3R,4R)-4-methyl-3-[methyl(7H-pyrrolo[2,3-d]pyrimidin-4-yl)amino]piperidin-1-yl]-3-oxopropanenitrile",C[C@@H]1CCN(C[C@@H]1N(C)C2=NC=NC3=C2C=CN3)C(=O)CC#N.C(C(=O)O)C(CC(=O)O)(C(=O)O)O,SYIKUFDOYJFGBQ-YLAFAASESA-N,Small molecule,No,4.0,,No,,No,
"2-ethyl-5-(5-quinolin-2-yl-1,2,4-oxadiazol-3-yl)-1,3-benzoxazole",,No,,35.1,,,No,C20H14N4O2,,,341.102776126292,,,
Cyclo(L-alloisoleucyl-L-prolyl-L-leucyl-L-isoleucyl-L-phenylalanyl-L-seryl-L-prolyl),,No,,35.4,,,No,C40H61N7O8,,,766.449187080842,,,
"4-[[2-(4-methoxyphenyl)imidazo[1,2-a]pyrazin-3-yl]amino]benzoic acid",,No,,35.1,,,No,C20H16N4O3,,,341.102776126292,,,
Vulgaxanthin I,,No,,45.2,"(2S,4E)-4-[2-[(1S)-4-amino-1-carboxy-4-oxobutyl]iminoethylidene]-2,3-dihydro-1H-pyridine-2,6-dicarboxylic acid",,No,C14H17N3O7,ChEBI,,338.100620378815,,PDBJJFJKNSKTSW-MEWJKSKXSA-N,
"N-(2-methoxyphenyl)-2-(5-quinolin-6-yl-1,3,4-oxadiazol-2-yl)acetamide",,No,,35.1,,,No,C20H16N4O3,,,341.102776126292,,,
"3-amino-6-nitro-1,2,4,5-tetrazine 2,4-dioxide",,No,,38.8,"6-nitro-2,4-dioxido-1,2,4,5-tetrazine-2,4-diium-3-amine",,No,C2H2N6O4,,,173.006230396058,,LXQWSRMZLIWECR-UHFFFAOYSA-N,
"2-ethyl-5-(5-isoquinolin-1-yl-1,2,4-oxadiazol-3-yl)-1,3-benzoxazole",,No,,35.1,,,No,C20H14N4O2,,,341.102776126292,,,
"2-[4-(3-methyl-1,2,4-oxadiazol-5-yl)-2-oxoquinolin-1-yl]-N-phenylacetamide",,No,,35.1,,,No,C20H16N4O3,,,341.102776126292,,,
"methyl 3-[[2-(3-hydroxyphenyl)imidazo[1,2-a]pyrazin-3-yl]amino]benzoate",,No,,35.1,,,No,C20H16N4O3,,,341.102776126292,,,
"3-[3-(4-methoxyphenyl)-1,2,4-oxadiazol-5-yl]-1-(4-methylphenyl)pyridazin-4-one",,No,,35.1,,,No,C20H16N4O3,,,341.102776126292,,,
"N-(4-methoxyphenyl)-2-(5-quinolin-6-yl-1,3,4-oxadiazol-2-yl)acetamide",,No,,35.1,,,No,C20H16N4O3,,,341.102776126292,,,
"3-[[2-(4-methoxyphenyl)imidazo[1,2-a]pyrazin-3-yl]amino]benzoic acid",,No,,35.1,,,No,C20H16N4O3,,,341.102776126292,,,
"2,3-Difluoro-4-hydroxybenzoic acid",,No,,37.7,"2,3-difluoro-4-hydroxybenzoic acid",,No,C7H4F2O3,,,173.006230396058,,XIZIDHMVDRRFBT-UHFFFAOYSA-N,
Vulgaxanthin-I,,No,,46.3,"(2S,4E)-4-[2-[(1S)-4-amino-1-carboxy-4-oxobutyl]iminoethylidene]-2,3-dihydro-1H-pyridine-2,6-dicarboxylic acid",,No,C14H17N3O7,,,338.100620378815,,PDBJJFJKNSKTSW-MEWJKSKXSA-N,
"4-[3-(2-methoxyanilino)imidazo[1,2-a]pyrazin-2-yl]benzoic acid",,No,,35.1,,,No,C20H16N4O3,,,341.102776126292,,,
"3-[3-(4-ethoxyphenyl)-1,2,4-oxadiazol-5-yl]-1-phenylpyridazin-4-one",,No,,35.1,,,No,C20H16N4O3,,,341.102776126292,,,
"2,6-Difluoro-4-hydroxybenzoic acid",,No,,37.7,"2,6-difluoro-4-hydroxybenzoic acid",,No,C7H4F2O3,,,173.006230396058,,NFIQGYBXSJQLSR-UHFFFAOYSA-N,
RAZAXABAN HYDROCHLORIDE,,No,,32.9,,,No,C24H20ClF4N8O2,,,563.135472445772,,,
"2-(1,3-benzodioxol-5-yl)-N-(2-methoxyphenyl)imidazo[1,2-a]pyrazin-3-amine",,No,,35.1,,,No,C20H16N4O3,,,341.102776126292,,,
"4-[3-(2,3-dihydro-1,4-benzodioxin-6-ylamino)imidazo[1,2-a]pyrimidin-2-yl]phenol",,No,,35.1,,,No,C20H16N4O3,,,341.102776126292,,,
"[1]Benzothieno[3,2-b]furan",,No,,36.7,"[1]benzothiolo[3,2-b]furan",,No,C10H6OS,,,173.006230396058,,BGXIGKBSRUBOHX-UHFFFAOYSA-N,
"6-(3-methoxyphenyl)-2-[(3-phenyl-1,2,4-oxadiazol-5-yl)methyl]pyridazin-3-one",,No,,35.1,,,No,C20H16N4O3,,,341.102776126292,,,
"6-(4-methoxyphenyl)-2-[(3-phenyl-1,2,4-oxadiazol-5-yl)methyl]pyridazin-3-one",,No,,35.1,,,No,C20H16N4O3,,,341.102776126292,,,
"2,3a,7b,12-Tetrahydroxy-5-methyl-3a,4,5,6,7a,7b-hexahydro-2H-tetrapheno[6a,7-b]oxirene-7,8(3H,12bH)-dione",,No,,36.2,,,No,C19H20O7,,,341.102776126292,,,
"(3R,6aR,7S,12aS)-5,6,6a,7,8-Pentahydroxy-3-methyl-2,3,4,5,6,6a,7,12a-octahydro-1,12-tetraphenedione",,No,,36.2,,,No,C19H20O7,,,341.102776126292,,,
Thelephorin A,Thelephorin A is a carbonyl compound.,,ChEBI,"[2,5-dihydroxy-3,6-bis(4-hydroxyphenyl)-4-(2-phenylacetyl)oxyphenyl] 4-hydroxybenzoate",C1=CC=C(C=C1)CC(=O)OC2=C(C(=C(C(=C2C3=CC=C(C=C3)O)O)OC(=O)C4=CC=C(C=C4)O)C5=CC=C(C=C5)O)O,GPJNBFKFWGAZQB-UHFFFAOYSA-N,,Yes,,,No,,No,
"1-[[3-(2-methylphenyl)-1,2,4-oxadiazol-5-yl]methyl]-4-phenylpyrazine-2,3-dione",,No,,35.1,,,No,C20H16N4O3,,,341.102776126292,,,
"1-[(3-phenyl-1,2,4-oxadiazol-5-yl)methyl]-3-prop-2-enylquinazoline-2,4-dione",,No,,35.1,,,No,C20H16N4O3,,,341.102776126292,,,
"methyl 2-[[2-(3-hydroxyphenyl)imidazo[1,2-a]pyrazin-3-yl]amino]benzoate",,No,,35.1,,,No,C20H16N4O3,,,341.102776126292,,,
"4-[3-(3-methoxyanilino)imidazo[1,2-a]pyrazin-2-yl]benzoic acid",,No,,35.1,,,No,C20H16N4O3,,,341.102776126292,,,
"1-(4-methoxyphenyl)-3-[3-(4-methylphenyl)-1,2,4-oxadiazol-5-yl]pyridazin-4-one",,No,,35.1,,,No,C20H16N4O3,,,341.102776126292,,,
"2-[[3-(3-methoxyphenyl)-1,2,4-oxadiazol-5-yl]methyl]-6-phenylpyridazin-3-one",,No,,35.1,,,No,C20H16N4O3,,,341.102776126292,,,
"1-(2-methylphenyl)-4-[(3-phenyl-1,2,4-oxadiazol-5-yl)methyl]pyrazine-2,3-dione",,No,,35.1,,,No,C20H16N4O3,,,341.102776126292,,,
"1-[[3-(3-methylphenyl)-1,2,4-oxadiazol-5-yl]methyl]-4-phenylpyrazine-2,3-dione",,No,,35.1,,,No,C20H16N4O3,,,341.102776126292,,,
"4,6,8-Trihydroxy-1-methoxy-2-(3-methyl-2-buten-1-yl)-9H-xanthen-9-one",,No,,36.2,,,No,C19H18O6,,,341.102776126292,,,
"3-[3-(3-ethoxyphenyl)-1,2,4-oxadiazol-5-yl]-1-phenylpyridazin-4-one",,No,,35.1,"3-[3-(3-ethoxyphenyl)-1,2,4-oxadiazol-5-yl]-1-phenylpyridazin-4-one",,No,C20H16N4O3,,,341.102776126292,,KLUFSJKZAKARFW-UHFFFAOYSA-N,
Excavacoumarin G,,No,,36.2,,,No,C19H20O7,,,341.102776126292,,,
Morusignin D,,No,,36.2,,,No,C19H18O6,,,341.102776126292,,,
7-({(2E)-4-[4-Hydroxy-4-(hydroxymethyl)-5-oxotetrahydro-2-furanyl]-3-methyl-2-buten-1-yl}oxy)-2H-chromen-2-one,,No,,36.2,,,No,C19H20O7,,,341.102776126292,,,
"1,3,8-Trihydroxy-6-(2-hydroxypentyl)-9,10-anthraquinone",,No,,36.2,,,No,C19H18O6,,,341.102776126292,,,
"4-[3-(3-oxo-4-propyl-1,4-benzoxazin-6-yl)-1,2,4-oxadiazol-5-yl]benzonitrile",,No,,35.1,,,No,C20H16N4O3,,,341.102776126292,,,
"(3S,4R,8S,9R,12S)-9-Hydroxy-5,10-bis(methylene)-6,14-dioxo-7,13-dioxatricyclo[10.2.1.0~4,8~]pentadec-1(15)-en-3-yl methacrylate",,No,,36.2,,,No,C19H20O7,,,341.102776126292,,,
"(1R,2R,4S,5R,6S,9R,10S,12R,13E,16R,17R)-13-Ethylidene-5-hydroxy-17-isopropenyl-16-methyl-3,8,11,15-tetraoxahexacyclo[8.5.1.1~6,9~.0~1,12~.0~2,4~.0~5,16~]heptadecane-7,14-dione",,No,,36.2,,,No,C19H20O7,,,341.102776126292,,,
Methyl 5-ethoxy-4-methoxy-2-[4-(methoxycarbonyl)phenoxy]benzoate,,No,,36.2,,,No,C19H20O7,,,341.102776126292,,,
N-(4-Biphenylyl)-6-nitro-4-quinazolinamine,,No,,35.1,,,No,C20H14N4O2,,,341.102776126292,,,
"[(3S,8R,9E,12R)-3-Hydroxy-10-methyl-6,14-dioxo-7,13-dioxatricyclo[10.2.1.0~4,8~]pentadeca-1(15),4,9-trien-5-yl]methyl methacrylate",,No,,36.2,,,No,C19H20O7,,,341.102776126292,,,
"3,4a,7,8-Tetrahydroxy-3-methyl-3,4,4a,12b-tetrahydro-1,6(2H,5H)-tetraphenedione",,No,,36.2,,,No,C19H18O6,,,341.102776126292,,,
"2-(2,4-Dimethoxyphenyl)-5,7-dimethoxy-4H-chromen-4-one",,No,,36.2,,,No,C19H18O6,,,341.102776126292,,,
"2-(3,4-Dimethoxyphenyl)-6-hydroxy-5,7-dimethoxy-2,3-dihydro-4H-chromen-4-one",,No,,36.2,,,No,C19H20O7,,,341.102776126292,,,
"2-(1,3-dioxoisoindol-2-yl)-N-(5-methyl-2-phenylpyrazol-3-yl)acetamide",,No,,35.1,"2-(1,3-dioxoisoindol-2-yl)-N-(5-methyl-2-phenylpyrazol-3-yl)acetamide",,No,C20H16N4O3,,,341.102776126292,,GNNZYSAXITXABW-UHFFFAOYSA-N,
ISOTECTORIGENIN TRIMETHYL ETHER,"5,7,8-trimethoxy-3-(4-methoxyphenyl)-1-benzopyran-4-one is a member of 4'-methoxyisoflavones and a member of 7-methoxyisoflavones.",,ChEBI,"5,7,8-trimethoxy-3-(4-methoxyphenyl)chromen-4-one",COC1=CC=C(C=C1)C2=COC3=C(C2=O)C(=CC(=C3OC)OC)OC,KCISFICQVCMQEX-UHFFFAOYSA-N,Small molecule,Yes,,,No,,No,
"2-(1,2-benzoxazol-3-yl)-N-[3-(6-methylpyridazin-3-yl)oxyphenyl]acetamide",,No,,35.1,"2-(1,2-benzoxazol-3-yl)-N-[3-(6-methylpyridazin-3-yl)oxyphenyl]acetamide",,No,C20H16N4O3,,,341.102776126292,,HEUJYJLTIVFRCK-UHFFFAOYSA-N,
"7-(1-benzofuran-2-yl)-2-(2-methoxyphenyl)-[1,2,4]triazolo[1,5-a]pyrimidine",,No,,35.1,"7-(1-benzofuran-2-yl)-2-(2-methoxyphenyl)-[1,2,4]triazolo[1,5-a]pyrimidine",,No,C20H14N4O2,,,341.102776126292,,AUFHFNVHWDGHMG-UHFFFAOYSA-N,
"5,6,7-trimethoxy-2-(4-methoxyphenyl)chromen-4-one",,,,"5,6,7-trimethoxy-2-(4-methoxyphenyl)chromen-4-one",COC1=CC=C(C=C1)C2=CC(=O)C3=C(C(=C(C=C3O2)OC)OC)OC,URSUMOWUGDXZHU-UHFFFAOYSA-N,Small molecule,Yes,,,No,,No,
"2-[[3-(4-methoxyphenyl)-1,2,4-oxadiazol-5-yl]methyl]-6-phenylpyridazin-3-one",,No,,35.1,"2-[[3-(4-methoxyphenyl)-1,2,4-oxadiazol-5-yl]methyl]-6-phenylpyridazin-3-one",,No,C20H16N4O3,,,341.102776126292,,LIHYLTVVOIWMND-UHFFFAOYSA-N,
"(1R,3R,5R,6S,10R,11S)-3-Methyl-9-methylene-8,14-dioxo-4,7,15-trioxatetracyclo[11.2.1.0~3,5~.0~6,10~]hexadec-13(16)-en-11-yl methacrylate",,No,,36.2,,,No,C19H20O7,,,341.102776126292,,,
"N,N′-Di(8-quinolinyl)ethanediamide",,No,,35.1,,,No,C20H14N4O2,,,341.102776126292,,,
"(6aS,12aS)-2,3,9-Trimethoxy-6a,12a-dihydrochromeno[3,4-b]chromen-12(6H)-one",,No,,36.2,,,No,C19H18O6,,,341.102776126292,,,
"7-Methoxy-3-(2,4,5-trimethoxyphenyl)-4H-chromen-4-one",,No,,36.2,,,No,C19H18O6,,,341.102776126292,,,
"tetrazolo(1,5-c)quinazoline",,No,,37.7,,,No,C8H5N5,,,341.102776126292,,,
"3,4,9,10-Tetramethoxy-6a,11a-dihydro-6H-[1]benzofuro[3,2-c]chromen-8-ol",,No,,36.2,,,No,C19H20O7,,,341.102776126292,,,
annulin A,,,,"methyl 6-ethyl-3,5-dihydroxy-1,1,7-trimethyl-4,9-dioxobenzo[f][2]benzofuran-3-carboxylate",CCC1=C(C2=C(C=C1C)C(=O)C3=C(C2=O)C(OC3(C)C)(C(=O)OC)O)O,YRVWWGFREKZPIN-UHFFFAOYSA-N,Small molecule,Yes,,,No,,No,
"(2R,3R,8R,10S)-2-(3,4-Dihydroxyphenyl)-10-methyl-3,4,9,10-tetrahydro-2H,8H-pyrano[2,3-f]chromene-3,5,8-triol",,No,,36.2,,,No,C19H20O7,,,341.102776126292,,,
clauslactone F,,,,7-[[3-methyl-3-[(4-methylidene-5-oxooxolan-2-yl)methyl]oxiran-2-yl]methoxy]chromen-2-one,CC1(C(O1)COC2=CC3=C(C=C2)C=CC(=O)O3)CC4CC(=C)C(=O)O4,BSQOZNKTJBOYCC-UHFFFAOYSA-N,Small molecule,Yes,,,No,,No,
"2-(2,5-Dimethoxyphenyl)-5,7-dimethoxy-4H-chromen-4-one",,No,,36.2,,,No,C19H18O6,,,341.102776126292,,,
clauslactone H,,,,7-[[3-[(4-hydroxy-4-methyl-5-oxooxolan-2-yl)methyl]-3-methyloxiran-2-yl]methoxy]chromen-2-one,CC1(CC(OC1=O)CC2(C(O2)COC3=CC4=C(C=C3)C=CC(=O)O4)C)O,UMYAEKVHXDURJS-UHFFFAOYSA-N,Small molecule,Yes,,,No,,No,
"(2R,3R,8S,10R)-2-(3,4-Dihydroxyphenyl)-10-methyl-3,4,9,10-tetrahydro-2H,8H-pyrano[2,3-f]chromene-3,5,8-triol",,No,,36.2,,,No,C19H20O7,,,341.102776126292,,,
"(2E)-1-(2,5-Dihydroxy-3,4,6-trimethoxyphenyl)-3-(4-methoxyphenyl)-2-propen-1-one",,No,,36.2,,,No,C19H20O7,,,341.102776126292,,,
"3,5,7,8-Tetramethoxy-2-phenyl-4H-chromen-4-one",,No,,36.2,,,No,C19H18O6,,,341.102776126292,,,
"(2E)-2-(3,4-Dimethoxybenzylidene)-4,6-dimethoxy-1-benzofuran-3(2H)-one",,No,,36.2,,,No,C19H18O6,,,341.102776126292,,,
"1-(1,3-Benzodioxol-5-yl)-3-(2,4-dimethoxyphenyl)-2-methyl-1,3-propanedione",,No,,36.2,,,No,C19H18O6,,,341.102776126292,,,
"5-Hydroxy-3,7-dimethoxy-2-(4-methoxyphenyl)-6-methyl-4H-chromen-4-one",,No,,36.2,,,No,C19H18O6,,,341.102776126292,,,
"5-Hydroxy-7-methoxy-2-(2,4,6-trimethoxyphenyl)-2,3-dihydro-4H-chromen-4-one",,No,,36.2,,,No,C19H20O7,,,341.102776126292,,,
"5-Hydroxy-7-methoxy-2-(3,4,5-trimethoxyphenyl)-2,3-dihydro-4H-chromen-4-one",,No,,36.2,,,No,C19H20O7,,,341.102776126292,,,
"5-Hydroxy-2-(4-hydroxyphenyl)-3,7-dimethoxy-6,8-dimethyl-4H-chromen-4-one",,No,,36.2,,,No,C19H18O6,,,341.102776126292,,,
"2-Hydroxy-4-[(2-hydroxy-4-methoxy-3,6-dimethylbenzoyl)oxy]-3,6-dimethylbenzoic acid",Barbatic acid is a carbonyl compound.,,ChEBI,"2-hydroxy-4-(2-hydroxy-4-methoxy-3,6-dimethylbenzoyl)oxy-3,6-dimethylbenzoic acid",CC1=CC(=C(C(=C1C(=O)OC2=C(C(=C(C(=C2)C)C(=O)O)O)C)O)C)OC,NMKBRSYSHBPUPY-UHFFFAOYSA-N,Small molecule,Yes,,,No,,No,
"2-(3,4-Dimethoxyphenyl)-5-hydroxy-6,7-dimethoxy-2,3-dihydro-4H-chromen-4-one",,No,,36.2,,,No,C19H20O7,,,341.102776126292,,,
"Tetrazolo[1,5-a]quinazoline",,No,,37.7,"tetrazolo[1,5-a]quinazoline",,No,C8H5N5,,,341.102776126292,,NYVSCRIHGBZXQD-UHFFFAOYSA-N,
"(2S)-2-(4-Hydroxy-3-methoxyphenyl)-5,6,7-trimethoxy-2,3-dihydro-4H-chromen-4-one",,No,,36.2,,,No,C19H20O7,,,341.102776126292,,,
"5,7-Dihydroxy-2-(3-hydroxy-4,5-dimethoxyphenyl)-6,8-dimethyl-2,3-dihydro-4H-chromen-4-one",,No,,36.2,,,No,C19H20O7,,,341.102776126292,,,
"5-Hydroxy-6,7,8-trimethoxy-2-(4-methoxyphenyl)-2,3-dihydro-4H-chromen-4-one",,No,,36.2,,,No,C19H20O7,,,341.102776126292,,,
Hyrtinadine A,,,,3-[2-(5-hydroxy-1H-indol-3-yl)pyrimidin-5-yl]-1H-indol-5-ol,C1=CC2=C(C=C1O)C(=CN2)C3=CN=C(N=C3)C4=CNC5=C4C=C(C=C5)O,BCHVDGBLKXHBKK-UHFFFAOYSA-N,Small molecule,Yes,,,No,,No,
"2,3,9-Trimethoxy-6a,12a-dihydrochromeno[3,4-b]chromen-12(6H)-one",,No,,36.2,,,No,C19H18O6,,,341.102776126292,,,
"(3S,4R)-4-(1,3-Benzodioxol-5-ylmethyl)-3-[hydroxy(4-hydroxyphenyl)methyl]dihydro-2(3H)-furanone",,No,,36.2,,,No,C19H18O6,,,341.102776126292,,,
"1H-[1,2,3]Triazolo[4,5-h]quinazoline",,No,,37.7,,,No,C8H5N5,,,341.102776126292,,,
"(2Z,4R,8R,9S)-2-(Hydroxymethyl)-11-methyl-7-methylene-6,12-dioxo-5,14-dioxatricyclo[9.2.1.0~4,8~]tetradeca-1(13),2-dien-9-yl methacrylate",,No,,36.2,,,No,C19H20O7,,,341.102776126292,,,
"4,11-Dihydroxy-6,9-dimethoxy-5,6,6a,12a-tetrahydro-12H-benzo[a]xanthen-12-one",,No,,36.2,,,No,C19H18O6,,,341.102776126292,,,
"7,10-Dihydroxy-12-methoxy-2,2-dimethyl-3,4-dihydro-2H,6H-pyrano[3,2-b]xanthen-6-one",,No,,36.2,,,No,C19H18O6,,,341.102776126292,,,
"1,2,5-Trihydroxy-3-methoxy-4-(3-methyl-2-buten-1-yl)-9H-xanthen-9-one",,No,,36.2,,,No,C19H18O6,,,341.102776126292,,,
"2-(4-Hydroxyphenyl)-5,6,7,8-tetramethoxy-2,3-dihydro-4H-chromen-4-one","2,3-dihydro-2-(4-hydroxyphenyl)-5,6,7,8-tetramethoxy-4H-1-benzopyran-4-one is a methoxyflavanone that is flavanone substituted by methoxy groups at positions 5, 6, 7 and 8 and a hydroxy group at position 4'. It is a member of 4'-hydroxyflavanones, a methoxyflavanone and a monohydroxyflavanone. It is functionally related to a flavanone.",,ChEBI,"2-(4-hydroxyphenyl)-5,6,7,8-tetramethoxy-2,3-dihydrochromen-4-one",COC1=C(C(=C(C2=C1C(=O)CC(O2)C3=CC=C(C=C3)O)OC)OC)OC,LLAJMCLDOPZLSR-UHFFFAOYSA-N,Small molecule,Yes,,,No,,No,
"(3E,3aS,4S,8bS)-4-Hydroxy-7,8-dimethyl-3-{[(4-methyl-5-oxo-2,5-dihydro-2-furanyl)oxy]methylene}-3,3a,4,8b-tetrahydro-2H-indeno[1,2-b]furan-2-one",,No,,36.2,,,No,C19H18O6,,,341.102776126292,,,
"(3E)-3-(3-Hydroxy-4-methoxybenzylidene)-6,7-dimethoxy-2,3-dihydro-4H-chromen-4-one",,No,,36.2,,,No,C19H18O6,,,341.102776126292,,,
"1,3,5-Trihydroxy-6-methoxy-7-(3-methyl-2-buten-1-yl)-9H-xanthen-9-one",,No,,36.2,,,No,C19H18O6,,,341.102776126292,,,
"2,4,8-Trihydroxy-3-methoxy-1-(3-methyl-2-buten-1-yl)-9H-xanthen-9-one",,No,,36.2,,,No,C19H18O6,,,341.102776126292,,,
"2-(3,5-Dihydroxyphenyl)-7,7-dimethyl-6,7-dihydro-5H-furo[3,2-g]chromene-5,6-diol",,No,,36.2,,,No,C19H18O6,,,341.102776126292,,,
"(1E,3R,4S)-4-Hydroxy-1-[(2R,3S,3aS,7aS)-3-hydroxy-5-oxo-3,3a,5,7a-tetrahydro-2H-furo[3,2-b]pyran-2-yl]-1-penten-3-yl benzoate",,No,,36.2,,,No,C19H20O7,,,341.102776126292,,,
SCUTEFLORIN A,,,,"[(3R)-2,2-dimethyl-4,8-dioxo-3H-pyrano[3,2-g]chromen-3-yl] 3-methylbut-2-enoate",CC(=CC(=O)O[C@H]1C(=O)C2=C(C=C3C(=C2)C=CC(=O)O3)OC1(C)C)C,FTSNOUCXBBPRJQ-SFHVURJKSA-N,Small molecule,Yes,,,No,,No,
"3,8,9,10-Tetramethoxy-6H-[1]benzofuro[3,2-c]chromene",,No,,36.2,"3,8,9,10-tetramethoxy-6H-[1]benzofuro[3,2-c]chromene",,No,C19H18O6,,,341.102776126292,,POIDJPZIKAENEO-UHFFFAOYSA-N,
VERNODALIN,,,,"[(3aR,4S,5aR,9aR,9bR)-5a-ethenyl-3,9-dimethylidene-2,8-dioxo-3a,4,5,6,9a,9b-hexahydrofuro[2,3-f]isochromen-4-yl] 2-(hydroxymethyl)prop-2-enoate",C=C[C@]12C[C@@H]([C@@H]3[C@@H]([C@H]1C(=C)C(=O)OC2)OC(=O)C3=C)OC(=O)C(=C)CO,ZSXNBLOPYIJLQV-WSVVRNJXSA-N,Small molecule,Yes,,,No,,No,
"1,3,5-Trihydroxy-4-methoxy-2-(3-methyl-2-buten-1-yl)-9H-xanthen-9-one",,No,,36.2,,,No,C19H18O6,,,341.102776126292,,,
imidazopyridopyrimidine,,No,,37.7,"2,4,6,10,12-pentazatricyclo[7.4.0.03,7]trideca-1(13),2,4,7,9,11-hexaene",,No,C8H5N5,,,341.102776126292,,NRSIXGGRIGWASP-UHFFFAOYSA-N,
"5,6,7,4′-Tetramethoxyisoflavone","5,6,7,4'-tetramethoxyisoflavone is a member of the class of 4'-methoxyisoflavones that is 4'-methoxyisoflavone that is also substituted by methoxy groups at positions 5, 6, 7. It is a member of 4'-methoxyisoflavones and a member of 7-methoxyisoflavones. It is functionally related to an isoflavone.",,ChEBI,"5,6,7-trimethoxy-3-(4-methoxyphenyl)chromen-4-one",COC1=CC=C(C=C1)C2=COC3=CC(=C(C(=C3C2=O)OC)OC)OC,OVIIKCVNNUKDMQ-UHFFFAOYSA-N,Small molecule,Yes,,,No,,No,
3-[2-(Benzyloxy)-2-oxoethoxy]-3-oxopropyl benzoate,,No,,36.2,,,No,C19H18O6,,,341.102776126292,,,
2-{[1-(Benzyloxy)-1-oxo-2-propanyl]oxy}-2-oxoethyl benzoate,,No,,36.2,,,No,C19H18O6,,,341.102776126292,,,
"(3R,4aR)-3,4a,7,8-Tetrahydroxy-3-methyl-3,4,4a,12b-tetrahydro-1,6(2H,5H)-tetraphenedione",,No,,36.2,,,No,C19H18O6,,,341.102776126292,,,
"3′,4′,7,8-TETRAMETHOXYFLAVONE",,No,,36.2,,,No,C19H18O6,,,341.102776126292,,,
"(1S,4R)-1-Hydroxy-4-(1H-indol-3-ylmethyl)-2H-pyrazino[2,1-b]quinazoline-3,6(1H,4H)-dione",,No,,35.1,,,No,C20H16N4O3,,,341.102776126292,,,
evelynin,,,,"2-[3-(3,4-dimethoxyphenyl)-3-oxopropyl]-3,5-dimethoxycyclohexa-2,5-diene-1,4-dione",COC1=C(C=C(C=C1)C(=O)CCC2=C(C(=O)C(=CC2=O)OC)OC)OC,RESAUZHVVYGGHO-UHFFFAOYSA-N,Small molecule,Yes,,,No,,No,
"2-(3,4-Dimethoxyphenyl)-3-hydroxy-5,7-dimethoxy-2,3-dihydro-4H-chromen-4-one",,No,,36.2,,,No,C19H20O7,,,341.102776126292,,,
garcimangostanol,,No,,36.2,,,No,C19H18O6,,,341.102776126292,,,
"3,5,6,7-Tetramethoxy-2-phenyl-4H-chromen-4-one",,No,,36.2,,,No,C19H18O6,,,341.102776126292,,,
"8-(2-Acetoxy-2-propanyl)-2-oxo-8,9-dihydro-2H-furo[2,3-h]chromen-9-yl propionate",,No,,36.2,,,No,C19H20O7,,,341.102776126292,,,
"4-[(1S,4S)-4-(1,3-Benzodioxol-5-yl)tetrahydro-1H,3H-furo[3,4-c]furan-1-yl]-1,2-benzenediol",,No,,36.2,,,No,C19H18O6,,,341.102776126292,,,
"1H-[1,2,3]Triazolo[4,5-f]phthalazine",,No,,37.7,,,No,C8H5N5,,,341.102776126292,,,
cerrosillin,,No,,36.2,"2-(3,5-dimethoxyphenyl)-5,6-dimethoxychromen-4-one",,No,C19H18O6,,,341.102776126292,,OVNSWJOCOLCOSB-UHFFFAOYSA-N,
"1,3,7-Trihydroxy-6-methoxy-4-(2-methyl-3-buten-2-yl)-9H-xanthen-9-one",,No,,36.2,,,No,C19H18O6,,,341.102776126292,,,
(+)-sesamin monocatechol,,,,"4-[(3S,3aR,6S,6aR)-6-(1,3-benzodioxol-5-yl)-1,3,3a,4,6,6a-hexahydrofuro[3,4-c]furan-3-yl]benzene-1,2-diol",C1[C@H]2[C@H](CO[C@@H]2C3=CC4=C(C=C3)OCO4)[C@H](O1)C5=CC(=C(C=C5)O)O,CGEORJKFOZSMEZ-MBZVMHRFSA-N,Small molecule,Yes,,,No,,No,
"5-Hydroxy-6-methylene-16-oxo-15-oxapentacyclo[9.3.2.1~5,8~.0~1,10~.0~2,8~]heptadec-12-ene-9,11-dicarboxylic acid",,No,,36.2,,,No,C19H20O7,,,341.102776126292,,,
ZAPOTIN,,No,,36.2,,,No,C19H18O6,,,341.102776126292,,,
Tetramethoxyluteolin,,No,,36.2,,,No,C19H18O6,,,341.102776126292,,,
TETRAMETHYLKAEMPFEROL,,No,,36.2,,,No,C19H18O6,,,341.102776126292,,,
6-Hydroxy-2-[2-(3-hydroxy-4-methoxyphenyl)ethyl]-7-methoxy-4H-chromen-4-one,,No,,36.2,,,No,C19H18O6,,,341.102776126292,,,
"(1R,3R,5S,6S,10R,11S)-3-Methyl-9-methylene-8,14-dioxo-4,7,15-trioxatetracyclo[11.2.1.0~3,5~.0~6,10~]hexadec-13(16)-en-11-yl methacrylate",,No,,36.2,,,No,C19H20O7,,,341.102776126292,,,
"3H-Imidazo[4,5-f][1,2,3]benzotriazine",,No,,37.7,,,No,C8H5N5,,,341.102776126292,,,
"3H-Imidazo[4′,5′:4,5]pyrido[2,3-d]pyrimidine",,No,,37.7,"3,5,8,10,12-pentazatricyclo[7.4.0.02,6]trideca-1(13),2(6),3,7,9,11-hexaene",,No,C8H5N5,,,341.102776126292,,NWGCHYGAEFGWLW-UHFFFAOYSA-N,
"1,2,2,3-Pyrrolidinetetracarbonitrile",,No,,37.7,,,No,C8H5N5,,,341.102776126292,,,
"2H-[1,2,3]Triazolo[4,5-f]quinoxaline",,No,,37.7,"2H-triazolo[4,5-f]quinoxaline",,No,C8H5N5,,,341.102776126292,,XSJMOLCRLLDSFM-UHFFFAOYSA-N,
"1,5,8-Trihydroxy-3-methoxy-2-prenylxanthone",,No,,36.2,"1,5,8-trihydroxy-3-methoxy-2-(3-methylbut-2-enyl)xanthen-9-one",,No,C19H18O6,,,341.102776126292,,AAANZTDKTFGJLZ-UHFFFAOYSA-N,
"(3R,4aR,12bR)-3,4a,7,8-Tetrahydroxy-3-methyl-3,4,4a,12b-tetrahydro-1,6(2H,5H)-tetraphenedione",,No,,36.2,,,No,C19H18O6,,,341.102776126292,,,
"7H-Imidazo[4,5-h][1,2,4]benzotriazine",,No,,37.7,,,No,C8H5N5,,,341.102776126292,,,
"[1,2,3]Triazolo[4′,5′:4,5]pyrido[1,2-c]pyrimidine",,No,,37.7,,,No,C8H5N5,,,341.102776126292,,,
"3,3,4,4-Pyrrolidinetetracarbonitrile",,No,,37.7,,,No,C8H5N5,,,341.102776126292,,,
"(2E)-3-(4-Hydroxy-3-methoxyphenyl)-2-(3,4,5-trimethoxyphenyl)acrylic acid",,No,,36.2,,,No,C19H20O7,,,341.102776126292,,,
"Pyrido[2,3-d][1,2,3]triazolo[1,5-a]pyrimidine",,No,,37.7,,,No,C8H5N5,,,341.102776126292,,,
"1H-Imidazo[4,5-h][1,2,3]benzotriazine",,No,,37.7,,,No,C8H5N5,,,341.102776126292,,,
"2,2′-(1,4-Phenylene)bis(7H-pyrano[2,3-d]pyrimidine)",,No,,35.1,,,No,C20H14N4O2,,,341.102776126292,,,
GOYAZENSOLIDE,,,,"[(2Z,4R,8R,9S,11R)-2-(hydroxymethyl)-11-methyl-7-methylidene-6,12-dioxo-5,14-dioxatricyclo[9.2.1.04,8]tetradeca-1(13),2-dien-9-yl] 2-methylprop-2-enoate",CC(=C)C(=O)O[C@H]1C[C@@]2(C(=O)C=C(O2)/C(=C\[C@@H]3[C@@H]1C(=C)C(=O)O3)/CO)C,HTMCLLSRQWRPTN-OKMRAYSCSA-N,Small molecule,Yes,,,No,,No,
"1H-Pyrazolo[4′,3′:5,6]pyrido[4,3-d]pyrimidine",,No,,37.7,,,No,C8H5N5,,,341.102776126292,,,
7-Ethoxy-5-hydroxy-6-methoxy-3-(4-methoxyphenyl)-4H-chromen-4-one,,No,,36.2,,,No,C19H18O6,,,341.102776126292,,,
Ophiopogonanone E,,,,"5,7-dihydroxy-3-[(2-hydroxy-4-methoxyphenyl)methyl]-8-methoxy-6-methyl-2,3-dihydrochromen-4-one",CC1=C(C2=C(C(=C1O)OC)OCC(C2=O)CC3=C(C=C(C=C3)OC)O)O,FMFZMWWKEGLLRS-UHFFFAOYSA-N,Small molecule,Yes,,,No,,No,
6-DEMETHOXYTANGERETIN,,,,"5,7,8-trimethoxy-2-(4-methoxyphenyl)chromen-4-one",COC1=CC=C(C=C1)C2=CC(=O)C3=C(O2)C(=C(C=C3OC)OC)OC,DDGJUTBQQURRGE-UHFFFAOYSA-N,Small molecule,Yes,,,No,,No,
"4H-[1,2,3]Triazolo[4,5-g]quinoxaline",,No,,37.7,,,No,C8H5N5,,,341.102776126292,,,
"5-Hydroxy-7-methyl-2-(3,4,5-trimethoxyphenyl)-4H-chromen-4-one",,,,"5-hydroxy-7-methyl-2-(3,4,5-trimethoxyphenyl)chromen-4-one",CC1=CC(=C2C(=C1)OC(=CC2=O)C3=CC(=C(C(=C3)OC)OC)OC)O,ZXEOHVWQJDJDAD-UHFFFAOYSA-N,Small molecule,No,,,No,,No,
"6-(1,3-Dithiepan-2-yl)-2-phenylchromane",,No,,34,,,No,C20H22OS2,,,341.102776126292,,,
Methylophiopogonanone A,,No,,36.2,"(3R)-3-(1,3-benzodioxol-5-ylmethyl)-5,7-dihydroxy-6,8-dimethyl-2,3-dihydrochromen-4-one",,No,C19H18O6,,,341.102776126292,,BXTNNJIQILYHJB-GFCCVEGCSA-N,
Dibenzyl (hydroxymethoxy)(methoxy)malonate,,No,,36.2,,,No,C19H20O7,,,341.102776126292,,,
"4H-Pyrazolo[3′,4′:5,6]pyrido[3,2-d]pyrimidine",,No,,37.7,,,No,C8H5N5,,,341.102776126292,,,
"Pyrido[2′,3′:3,4]pyrazolo[5,1-c][1,2,4]triazine",,No,,37.7,,,No,C8H5N5,,,341.102776126292,,,
"2,6,8-Trihydroxy-3-methoxy-1-(3-methyl-2-buten-1-yl)-9H-xanthen-9-one",,No,,36.2,,,No,C19H18O6,,,341.102776126292,,,
SODIUM DIAMYL SULFOSUCCINATE,,No,,35.6,"sodium 1,4-dioxo-1,4-dipentoxybutane-2-sulfonate",,No,C14H25NaO7S,,,341.102776126292,,UMEWSJNRBXKWKZ-UHFFFAOYSA-M,
"Pyrido[3′,2′:4,5]imidazo[1,2-d][1,2,4]triazine",,No,,37.7,,,No,C8H5N5,,,341.102776126292,,,
"Isoflavone, 3′,4′,6,7-tetramethoxy-",,,,"3-(3,4-dimethoxyphenyl)-6,7-dimethoxychromen-4-one",COC1=C(C=C(C=C1)C2=COC3=CC(=C(C=C3C2=O)OC)OC)OC,OYSKBZHHLYECLU-UHFFFAOYSA-N,Small molecule,Yes,,,No,,No,
bilinic acid,,No,,45.8,(5E)-5-[[5-[[5-(pyrrol-2-ylidenemethyl)pyrrol-2-ylidene]methyl]-1H-pyrrol-2-yl]methylidene]pyrrole-2-carboxylic acid,,No,C20H14N4O2,,,341.102776126292,,ONJOTHHSOMXXKI-GNSVDMIHSA-N,
"5-Hydroxy-7-methyl-4-(3,4,5-trimethoxyphenyl)-2H-chromen-2-one",,No,,36.2,,,No,C19H18O6,,,341.102776126292,,,
"2H-2,3,5,6,9-Pentaazabenzo[cd]azulene",,No,,37.7,,,No,C8H5N5,,,341.102776126292,,,
"Flavone, 3,3′,4′,7-tetramethoxy-",,,,"2-(3,4-dimethoxyphenyl)-3,7-dimethoxychromen-4-one",COC1=CC2=C(C=C1)C(=O)C(=C(O2)C3=CC(=C(C=C3)OC)OC)OC,NAMFTZBUZYVNST-UHFFFAOYSA-N,Small molecule,Yes,,,No,,No,
"1,2,6-Trihydroxy-5-methoxy-7-(3-methyl-2-buten-1-yl)-9H-xanthen-9-one",,No,,36.2,,,No,C19H18O6,,,341.102776126292,,,
"2,3-Porphyrindiol",,No,,35.1,,,No,C20H14N4O2,,,341.102776126292,,,
"7-Methoxy-2-(2,4,5-trimethoxyphenyl)-4H-chromen-4-one",,No,,36.2,,,No,C19H18O6,,,341.102776126292,,,
"1,3-Dibenzyl-5-nitro-1,3-dihydro-2H-imidazo[4,5-b]pyridin-2-one",,No,,35.1,,,No,C20H16N4O3,,,341.102776126292,,,
"5-(6,7-Dimethoxy-3,4-dihydro-2H-chromen-3-yl)-2,3-dimethoxy-1,4-benzoquinone",,No,,36.2,,,No,C19H20O7,,,341.102776126292,,,
"(2E)-3-(1,3-benzodioxol-5-yl)-1-(2,4,6-trimethoxyphenyl)prop-2-en-1-one",,No,,36.2,,,No,C19H18O6,,,341.102776126292,,,
"9H-Pyrido[2′,3′:3,4]cyclopenta[1,2-e][1,2,3,4]tetrazine",,No,,37.7,,,No,C8H5N5,,,341.102776126292,,,
"Tetrazolo[1,5-a]quinoxaline",,No,,37.7,,,No,C8H5N5,,,341.102776126292,,,
"Imidazo[1′,5′:1,2]pyrido[4,3-d][1,2,3]triazine",,No,,37.7,,,No,C8H5N5,,,341.102776126292,,,
Caledonixanthone D,,No,,36.2,"1,3,5-trihydroxy-2-methoxy-4-(3-methylbut-2-enyl)xanthen-9-one",,No,C19H18O6,,,341.102776126292,,NDHWWMCGDXLCHL-UHFFFAOYSA-N,
"1,5,6-Trihydroxy-3-methoxy-4-(3-methyl-2-buten-1-yl)-9H-xanthen-9-one",,No,,36.2,,,No,C19H18O6,,,341.102776126292,,,
"Pyrazolo[1,5-a]pteridine",,No,,37.7,"pyrazolo[1,5-a]pteridine",,No,C8H5N5,,,341.102776126292,,IXDKENVGFOBJPL-UHFFFAOYSA-N,
"(2E)-3-(4-Hydroxyphenyl)-1-(3-hydroxy-2,4,5,6-tetramethoxyphenyl)-2-propen-1-one",,No,,36.2,,,No,C19H20O7,,,341.102776126292,,,
8-Hydroxy-7-{[(2E)-3-methyl-4-(4-methylene-5-oxotetrahydro-2-furanyl)-2-buten-1-yl]oxy}-2H-chromen-2-one,,No,,36.2,,,No,C19H18O6,,,341.102776126292,,,
"2-(3,4-Dimethoxyphenyl)-5,7-dihydroxy-6,8-dimethyl-4H-chromen-4-one",,No,,36.2,,,No,C19H18O6,,,341.102776126292,,,
"Pyrazolo[3,4-d]pyrimido[1,2-a]pyrimidine",,No,,37.7,"1,5,6,8,10-pentazatricyclo[7.4.0.03,7]trideca-2,4,6,8,10,12-hexaene",,No,C8H5N5,,,341.102776126292,,FXBKXAWHDXBUOB-UHFFFAOYSA-N,
Tetramethylscutellarein,"4',5,6,7-tetramethoxyflavone is a tetramethoxyflavone that is the tetra-O-methyl derivative of scutellarein. It has a role as an antimutagen and a plant metabolite. It is functionally related to a scutellarein.",,ChEBI,"5,6,7-trimethoxy-2-(4-methoxyphenyl)chromen-4-one",COC1=CC=C(C=C1)C2=CC(=O)C3=C(C(=C(C=C3O2)OC)OC)OC,URSUMOWUGDXZHU-UHFFFAOYSA-N,Small molecule,Yes,,,No,,No,
"(1S,3R,5S,6S,10R,11S)-3-Methyl-9-methylene-8,14-dioxo-4,7,15-trioxatetracyclo[11.2.1.0~3,5~.0~6,10~]hexadec-13(16)-en-11-yl methacrylate",,No,,36.2,,,No,C19H20O7,,,341.102776126292,,,
vieillardixanthone,,No,,36.2,,,No,C19H18O6,,,341.102776126292,,,
Clauslactone G,,No,,36.2,,,No,C19H20O7,,,341.102776126292,,,
2-Azidoquinazoline,,No,,37.7,,,No,C8H5N5,,,341.102776126292,,,
"1,5,6-Trihydroxy-4-(3-hydroxy-3-methylbutyl)-3-methoxy-9H-xanthen-9-one",,No,,36.2,,,No,C19H20O7,,,341.102776126292,,,
"3-(4-Nitrophenyl)-4-phenyl-1,8-naphthyridin-2-amine",,No,,35.1,"3-(4-nitrophenyl)-4-phenyl-1,8-naphthyridin-2-amine",,No,C20H14N4O2,,,341.102776126292,,OEQBKMSDURJLOY-UHFFFAOYSA-N,
Dulxanthone D,,No,,36.2,,,No,C19H18O6,,,341.102776126292,,,
"1,5,8-Trihydroxy-3-methyl-2-prenylxanthone",,No,,36.2,,,No,C19H18O6,,,341.102776126292,,,
Dulxanthone A,,No,,36.2,,,No,C19H18O6,,,341.102776126292,,,
"Tetrazolo[5,1-b]quinazoline",,No,,37.7,"tetrazolo[5,1-b]quinazoline",,No,C8H5N5,,,341.102776126292,,LRPZDJMQNCQWMO-UHFFFAOYSA-N,
Gibberellin A59,,No,,36.2,,,No,C19H20O7,,,341.102776126292,,,
"1,4,6-Trihydroxy-5-methoxy-7-prenylxanthone","1,4,6-Trihydroxy-5-methoxy-7-prenylxanthone is a member of xanthones.",,ChEBI,"1,4,6-trihydroxy-5-methoxy-7-(3-methylbut-2-enyl)xanthen-9-one",CC(=CCC1=CC2=C(C(=C1O)OC)OC3=C(C=CC(=C3C2=O)O)O)C,XOFZQNNUVXEIJS-UHFFFAOYSA-N,Small molecule,Yes,,,No,,No,
"4',5,6,7-Tetramethoxyflavone","4',5,6,7-tetramethoxyflavone is a tetramethoxyflavone that is the tetra-O-methyl derivative of scutellarein. It has a role as an antimutagen and a plant metabolite. It is functionally related to a scutellarein.",,ChEBI,"5,6,7-trimethoxy-2-(4-methoxyphenyl)chromen-4-one",COC1=CC=C(C=C1)C2=CC(=O)C3=C(C(=C(C=C3O2)OC)OC)OC,URSUMOWUGDXZHU-UHFFFAOYSA-N,Small molecule,Yes,,,No,,No,
"3-(3,4-Dimethoxyphenyl)-5-hydroxy-7-methoxy-8-methyl-4H-chromen-4-one",,No,,36.2,"3-(3,4-dimethoxyphenyl)-5-hydroxy-7-methoxy-8-methylchromen-4-one",,No,C19H18O6,,,341.102776126292,,VQHJZNGYWOPFTE-UHFFFAOYSA-N,
"1H-Pyrrolo[2′,3′:5,6]pyrazino[2,3-d]pyridazine",,No,,37.7,"2,4,8,11,12-pentazatricyclo[7.4.0.03,7]trideca-1(13),2,4,6,8,10-hexaene",,No,C8H5N5,,,341.102776126292,,DGIVFDOJNONOBC-UHFFFAOYSA-N,
"7,2',4',5'-Tetramethoxyflavone",,No,,36.2,,,No,C19H18O6,,,341.102776126292,,,
Munduserone,,No,,36.2,,,No,C19H18O6,,,341.102776126292,,,
Elaeocyanidin,,No,,36.2,"(6aS,12aR)-3-methoxy-5,5-dimethyl-7,12a-dihydro-6aH-isochromeno[4,3-b]chromene-2,4,8,10-tetrol",,No,C19H20O7,,,341.102776126292,,UEYVPAAGIXRIKF-WMLDXEAASA-N,
"8-Hydroxy-3,4,9,10-tetramethoxypterocarpan",,No,,36.2,,,No,C19H20O7,,,341.102776126292,,,
Bryacarpene 3,,No,,36.2,,,No,C19H18O6,,,341.102776126292,,,
Abruquinone A,,No,,36.2,,,No,C19H20O7,,,341.102776126292,,,
"Norartocarpetin 5,7,2',4'-tetramethyl ether",,No,,36.2,,,No,C19H18O6,,,341.102776126292,,,
Zapotin,,No,,36.2,,,No,C19H18O6,,,341.102776126292,,,
"3,6,8-trihydroxy-2-methoxy-1-(3-methylbut-2-en-1-yl)-9H-xanthen-9-one",Dulxanthone D is a member of xanthones.,,ChEBI,"3,6,8-trihydroxy-2-methoxy-1-(3-methylbut-2-enyl)xanthen-9-one",CC(=CCC1=C(C(=CC2=C1C(=O)C3=C(C=C(C=C3O2)O)O)O)OC)C,JZLXKPGAABLTJE-UHFFFAOYSA-N,Small molecule,Yes,,,No,,No,
"4,6,3′,4′-tetramethoxyaurone",,,,"(2Z)-2-[(3,4-dimethoxyphenyl)methylidene]-4,6-dimethoxy-1-benzofuran-3-one",COC1=C(C=C(C=C1)/C=C\2/C(=O)C3=C(O2)C=C(C=C3OC)OC)OC,CVKDSGICIOMAGA-IUXPMGMMSA-N,Small molecule,Yes,,,No,,No,
"6,7,3',4'-Tetramethoxyisoflavone",,,,"3-(3,4-dimethoxyphenyl)-6,7-dimethoxychromen-4-one",COC1=C(C=C(C=C1)C2=COC3=CC(=C(C=C3C2=O)OC)OC)OC,OYSKBZHHLYECLU-UHFFFAOYSA-N,Small molecule,Yes,,,No,,No,
"4',5,7,8-Tetramethoxyflavone",,,,"5,7,8-trimethoxy-2-(4-methoxyphenyl)chromen-4-one",COC1=CC=C(C=C1)C2=CC(=O)C3=C(O2)C(=C(C=C3OC)OC)OC,DDGJUTBQQURRGE-UHFFFAOYSA-N,Small molecule,Yes,,,No,,No,
8-Desmethylkalmiatin,,No,,36.2,,,No,C19H18O6,,,341.102776126292,,,
"3,5,7,4'-Tetramethoxyflavone",,No,,36.2,,,No,C19H18O6,,,341.102776126292,,,
Fisetin tetramethyl ether,,,,"2-(3,4-dimethoxyphenyl)-3,7-dimethoxychromen-4-one",COC1=CC2=C(C=C1)C(=O)C(=C(O2)C3=CC(=C(C=C3)OC)OC)OC,NAMFTZBUZYVNST-UHFFFAOYSA-N,Small molecule,Yes,,,No,,No,
Tinosporinone,,No,,36.2,,,No,C19H18O6,,,341.102776126292,,,
"Luteolin 5,7,3',4'-tetramethyl ether",,No,,36.2,,,No,C19H18O6,,,341.102776126292,,,
Heteroflavanone A,,No,,36.2,,,No,C19H20O7,,,341.102776126292,,,
Edulisin IV,,No,,36.2,"[(8S,9R)-8-(2-acetyloxypropan-2-yl)-2-oxo-8,9-dihydrofuro[2,3-h]chromen-9-yl] propanoate",,No,C19H20O7,ChEBI,,341.102776126292,,YPBNKPNGOBYSJH-MSOLQXFVSA-N,
Cerrosillin,,No,,36.2,"2-(3,5-dimethoxyphenyl)-5,6-dimethoxychromen-4-one",,No,C19H18O6,,,341.102776126292,,OVNSWJOCOLCOSB-UHFFFAOYSA-N,
"4,6,3',4'-Tetramethoxyaurone",,,,"(2Z)-2-[(3,4-dimethoxyphenyl)methylidene]-4,6-dimethoxy-1-benzofuran-3-one",COC1=C(C=C(C=C1)/C=C\2/C(=O)C3=C(O2)C=C(C=C3OC)OC)OC,CVKDSGICIOMAGA-IUXPMGMMSA-N,Small molecule,Yes,,,No,,No,
Agestricin C,,No,,36.2,,,No,C19H20O7,,,341.102776126292,,,
"5-Hydroxy-6,7,3',4'-tetramethoxyflavanone",,No,,36.2,,,No,C19H20O7,,,341.102776126292,,,
"9,10-Dihydro-8-hydroxy-10-methyl-8H-pyrano[2,3-h]epicatechin",,No,,36.2,"(2R,3R,8S,10R)-2-(3,4-dihydroxyphenyl)-10-methyl-2,3,4,8,9,10-hexahydropyrano[2,3-f]chromene-3,5,8-triol",,No,C19H20O7,,,341.102776126292,,KLFQXCVGEVYPOF-FMSUVHIHSA-N,
"7,2',4',5'-Tetramethoxyisoflavone",,,,"7-methoxy-3-(2,4,5-trimethoxyphenyl)chromen-4-one",COC1=CC2=C(C=C1)C(=O)C(=CO2)C3=CC(=C(C=C3OC)OC)OC,LMCHYXAZXISBOS-UHFFFAOYSA-N,Small molecule,Yes,,,No,,No,
Pyranochromene,,No,,36.2,"(2R,3R,8R,10S)-2-(3,4-dihydroxyphenyl)-10-methyl-2,3,4,8,9,10-hexahydropyrano[2,3-f]chromene-3,5,8-triol",,No,C19H20O7,,,341.102776126292,,KLFQXCVGEVYPOF-PCPPRTPOSA-N,
"Scutellarein 5,6,7,4'-tetramethyl ether",,,,"5,6,7-trimethoxy-2-(4-methoxyphenyl)chromen-4-one",COC1=CC=C(C=C1)C2=CC(=O)C3=C(C(=C(C=C3O2)OC)OC)OC,URSUMOWUGDXZHU-UHFFFAOYSA-N,Small molecule,Yes,,,No,,No,
"5,7-Dihydroxy-3',4'-dimethoxy-6,8-dimethylflavone",,No,,36.2,"2-(3,4-dimethoxyphenyl)-5,7-dihydroxy-6,8-dimethylchromen-4-one",,No,C19H18O6,,,341.102776126292,,UIFRXEHXPRFGTF-UHFFFAOYSA-N,
Diethylphosphine sulfide,,No,,38,,,No,C4H11PS,,,243.056235309506,,,
"5,6,7,8-Tetramethoxyflavone",,No,,36.2,"5,6,7,8-tetramethoxy-2-phenylchromen-4-one",,No,C19H18O6,,,341.102776126292,,HLBQIAYRCJIRCQ-UHFFFAOYSA-N,
Plutonium,,No,,19.3,,,No,Pu,,,243.056235309506,,,
"3-(1H-Indol-3-yl)-2H-1,4-benzoxazin-2-one",,No,,36.6,,,No,C16H10N2O2,,,243.056235309506,,,
"11H-Isoquinolino[3,2-b]quinazoline-6,13-dione",,No,,36.6,,,No,C16H10N2O2,,,243.056235309506,,,
"6,8-Di-C-methylkaempferol 3,7-dimethyl ether",,No,,36.2,"5-hydroxy-2-(4-hydroxyphenyl)-3,7-dimethoxy-6,8-dimethylchromen-4-one",,No,C19H18O6,ChEBI,,341.102776126292,,PCRPRSKMNFYFSI-UHFFFAOYSA-N,
"3,5,7,8-Tetramethoxyflavone",,No,,36.2,"3,5,7,8-tetramethoxy-2-phenylchromen-4-one",,No,C19H18O6,,,341.102776126292,,NTLVZMFGFHBJIJ-UHFFFAOYSA-N,
Carnidazole,,No,,36.7,,,No,C8H12N4O3S,,,243.056235309506,,,
"3,5,6,7-Tetramethoxyflavone",,No,,36.2,"3,5,6,7-tetramethoxy-2-phenylchromen-4-one",,No,C19H18O6,,,341.102776126292,,YOZUDFLREPPXIO-UHFFFAOYSA-N,
"3,4-Methylenedioxy-2',4',6'-trimethoxychalcone",,,,"(E)-3-(1,3-benzodioxol-5-yl)-1-(2,4,6-trimethoxyphenyl)prop-2-en-1-one",COC1=CC(=C(C(=C1)OC)C(=O)/C=C/C2=CC3=C(C=C2)OCO3)OC,JVOXGQQMPCSFBL-GQCTYLIASA-N,Small molecule,Yes,,,No,,No,
"2-(1H-Indol-2-yl)-4H-3,1-benzoxazin-4-one",,No,,36.6,,,No,C16H10N2O2,,,243.056235309506,,,
"5H-Indolo[3,2-b]quinoline-11-carboxylic acid",,No,,36.6,,,No,C16H10N2O2,,,243.056235309506,,,
"2',5'-Dihydroxy-4,3',4',6'-tetramethoxychalcone",,No,,36.2,"(E)-1-(2,5-dihydroxy-3,4,6-trimethoxyphenyl)-3-(4-methoxyphenyl)prop-2-en-1-one",,No,C19H20O7,,,341.102776126292,,GAAWSCXYZOMCME-JXMROGBWSA-N,
"5,7,2',5'-tetramethoxyflavone",,No,,36.2,"2-(2,5-dimethoxyphenyl)-5,7-dimethoxychromen-4-one",,No,C19H18O6,,,341.102776126292,,LIOJFJYPMYGQFI-UHFFFAOYSA-N,
"5,7,3'-Trihydroxy-4',5'-dimethoxy-6,8-di-C-methylflavanone",,No,,36.2,"5,7-dihydroxy-2-(3-hydroxy-4,5-dimethoxyphenyl)-6,8-dimethyl-2,3-dihydrochromen-4-one",,No,C19H20O7,,,341.102776126292,,KBHNNERSMMYNCG-UHFFFAOYSA-N,
"5H-Isoquinolino[2,3-a]quinazoline-5,12(6H)-dione",,No,,36.6,,,No,C16H10N2O2,,,243.056235309506,,,
"2-(1H-Indol-3-yl)-4H-3,1-benzoxazin-4-one",,No,,36.6,,,No,C16H10N2O2,,,243.056235309506,,,
"5-Hydroxy-6,7,8,4'-tetramethoxyflavanone",,No,,36.2,"5-hydroxy-6,7,8-trimethoxy-2-(4-methoxyphenyl)-2,3-dihydrochromen-4-one",,No,C19H20O7,,,341.102776126292,,SGWLCEXRWADMOA-UHFFFAOYSA-N,
"5-Hydroxy-7,3',4',5'-tetramethoxyflavanone",,No,,36.2,"5-hydroxy-7-methoxy-2-(3,4,5-trimethoxyphenyl)-2,3-dihydrochromen-4-one",,No,C19H20O7,,,341.102776126292,,YHUVYYVAPBAXIH-UHFFFAOYSA-N,
"4,3'-Hydroxy-2',4',5',6'-methoxychalcone",,No,,36.2,"(E)-3-(4-hydroxyphenyl)-1-(3-hydroxy-2,4,5,6-tetramethoxyphenyl)prop-2-en-1-one",,No,C19H20O7,,,341.102776126292,,YFLYXUCAZKSRMZ-JXMROGBWSA-N,
Agecorynin E,,No,,36.2,"(2S)-2-(4-hydroxy-3-methoxyphenyl)-5,6,7-trimethoxy-2,3-dihydrochromen-4-one",,No,C19H20O7,,,341.102776126292,,RTHZXRUUOCCNTA-ZDUSSCGKSA-N,
"4-Amino-1-(2-deoxy-4-thio-β-D-erythro-pentofuranosyl)-1,3,5-triazin-2(1H)-one",,No,,36.7,,,No,C8H12N4O3S,,,243.056235309506,,,
(3E)-Indirubin,,No,,36.6,,,No,C16H10N2O2,,,243.056235309506,,,
Chlorodimethylethylsilane,,No,,33.3,chloro-ethyl-dimethylsilane,,No,C4H11ClSi,,,243.056235309506,,AVDUEHWPPXIAEB-UHFFFAOYSA-N,
"[(1,2-Dioxo-1,2-ethanediyl)bis(oxy)]diammonium",,No,,39.2,,,No,C2H6N2O4+2,,,243.056235309506,,,
Proflavin hydrochloride,"3,6-diaminoacridine monohydrochloride is a hydrochloride resulting from the reaction of equimolar amounts of 3,6-diaminoacridine and hydrogen chloride. It has a role as an intercalator, an antibacterial agent, an antiseptic drug and a carcinogenic agent. It contains a 3,6-diaminoacridine(1+).",,ChEBI,"acridine-3,6-diamine;hydrochloride",C1=CC(=CC2=NC3=C(C=CC(=C3)N)C=C21)N.Cl,PBBGTVBGXBUVLT-UHFFFAOYSA-N,Small molecule,No,,,No,,No,
"2,3-Di(2-furyl)quinoxaline",,,,"2,3-bis(furan-2-yl)quinoxaline",C1=CC=C2C(=C1)N=C(C(=N2)C3=CC=CO3)C4=CC=CO4,GMUROSQCXMKHEN-UHFFFAOYSA-N,Small molecule,No,,,No,,No,
3-(1H-Benzimidazol-2-yl)-4H-chromen-4-one,,No,,36.6,3-(1H-benzimidazol-2-yl)chromen-4-one,,No,C16H10N2O2,,,243.056235309506,,CDTPMSJYRHCMBU-UHFFFAOYSA-N,
Indigo dye,,,,2-(3-hydroxy-1H-indol-2-yl)indol-3-one,C1=CC=C2C(=C1)C(=C(N2)C3=NC4=CC=CC=C4C3=O)O,QQILFGKZUJYXGS-UHFFFAOYSA-N,Small molecule,Yes,,,No,,No,
1-Diazo-1-(triethylgermyl)acetone,,No,,22.8,,,No,C9H18GeN2O,,,243.056235309506,,,
INDIGO,,,,2-(3-hydroxy-1H-indol-2-yl)indol-3-one,C1=CC=C2C(=C1)C(=C(N2)C3=NC4=CC=CC=C4C3=O)O,QQILFGKZUJYXGS-UHFFFAOYSA-N,Small molecule,Yes,,,No,,No,
Trimethylsilyl phosphinite,,No,,37.8,,,No,C3H9OPSi,,,243.056235309506,,,
Buthalital Sodium,,,,"sodium 5-(2-methylpropyl)-4,6-dioxo-5-prop-2-enyl-1H-pyrimidine-2-thiolate",CC(C)CC1(C(=O)NC(=NC1=O)[S-])CC=C.[Na+],APSWQQYXFMUODF-UHFFFAOYSA-M,Small molecule,No,2.0,,No,,No,
(3Z)-3-(2-Oxo-2-phenylethylidene)-2(3H)-quinoxalinone,,No,,36.6,,,No,C16H10N2O2,,,243.056235309506,,,
"Chromeno[3,4-b][1,5]benzodiazepin-8(6H)-one",,No,,36.6,,,No,C16H10N2O2,,,243.056235309506,,,
"7-Amino-1-cyclopropyl-6-fluoro-4-oxo-1,4-dihydro-3-quinolinecarboxylic acid",,No,,36.1,,,No,C13H11FN2O3,,,243.056235309506,,,
"2,4-Dihydroanthra[1,9-ef][1,4]diazepine-3,8-dione",,No,,36.6,,,No,C16H10N2O2,,,243.056235309506,,,
3-(1H-Benzimidazol-1-yl)-4H-chromen-4-one,,No,,36.6,,,No,C16H10N2O2,,,243.056235309506,,,
"3-(1H-1,3-benzodiazol-2-yl)chromen-2-one",,No,,36.6,,,No,C16H10N2O2,,,243.056235309506,,,
"1-Acetyl-5-fluoro-3-(2-methylphenyl)-2,4(1H,3H)-pyrimidinedione",,No,,36.1,,,No,C13H11FN2O3,,,243.056235309506,,,
3-Nitro-2-fluoranthenamine,,No,,36.6,,,No,C16H10N2O2,,,243.056235309506,,,
"(2E)-2-(7-Oxo-1,7-dihydro-6H-indol-6-ylidene)-1,2-dihydro-3H-indol-3-one",,No,,36.6,,,No,C16H10N2O2,,,243.056235309506,,,
"3-(1H-Indol-2-yl)-2H-1,4-benzoxazin-2-one",,No,,36.6,,,No,C16H10N2O2,,,243.056235309506,,,
"N-[2-(2,5-Dioxo-2,5-dihydro-1H-pyrrol-1-yl)ethyl]-4-fluorobenzamide",,No,,38.2,,,No,C13H11FN2O3,,,243.056235309506,,,
1-Nitro-2-pyrenamine,,No,,36.6,,,No,C16H10N2O2,,,243.056235309506,,,
3-(1H-Pyrazol-1-yl)-2H-benzo[g]chromen-2-one,,No,,36.6,,,No,C16H10N2O2,,,243.056235309506,,,
his-pro-ala-phe,Fragmento de peptídeo identificado por sequenciamento.,,Regras Locais (Peptídeo),,,,Oligopeptide,Yes,,,Yes,,Yes,
his-pro-phe-ala,Fragmento de peptídeo identificado por sequenciamento.,,Regras Locais (Peptídeo),,,,Oligopeptide,Yes,,,Yes,,Yes,
arg-met-phe,Fragmento de peptídeo identificado por sequenciamento.,,Regras Locais (Peptídeo),,,,Oligopeptide,Yes,,,Yes,,Yes,
arg-phe-met,Fragmento de peptídeo identificado por sequenciamento.,,Regras Locais (Peptídeo),,,,Oligopeptide,Yes,,,Yes,,Yes,
met-arg-phe,Fragmento de peptídeo identificado por sequenciamento.,,Regras Locais (Peptídeo),,,,Oligopeptide,Yes,,,Yes,,Yes,
met-phe-arg,Fragmento de peptídeo identificado por sequenciamento.,,Regras Locais (Peptídeo),,,,Oligopeptide,Yes,,,Yes,,Yes,
phe-arg-met,Fragmento de peptídeo identificado por sequenciamento.,,Regras Locais (Peptídeo),,,,Oligopeptide,Yes,,,Yes,,Yes,
phe-met-arg,Fragmento de peptídeo identificado por sequenciamento.,,Regras Locais (Peptídeo),,,,Oligopeptide,Yes,,,Yes,,Yes,
ala-his-ile-met,Fragmento de peptídeo identificado por sequenciamento.,,Regras Locais (Peptídeo),,,,Oligopeptide,Yes,,,Yes,,Yes,
ala-his-leu-met,Fragmento de peptídeo identificado por sequenciamento.,,Regras Locais (Peptídeo),,,,Oligopeptide,Yes,,,Yes,,Yes,
ala-his-met-ile,Fragmento de peptídeo identificado por sequenciamento.,,Regras Locais (Peptídeo),,,,Oligopeptide,Yes,,,Yes,,Yes,
ala-his-met-leu,Fragmento de peptídeo identificado por sequenciamento.,,Regras Locais (Peptídeo),,,,Oligopeptide,Yes,,,Yes,,Yes,
ala-his-phe-pro,Fragmento de peptídeo identificado por sequenciamento.,,Regras Locais (Peptídeo),,,,Oligopeptide,Yes,,,Yes,,Yes,
ala-his-pro-phe,Fragmento de peptídeo identificado por sequenciamento.,,Regras Locais (Peptídeo),,,,Oligopeptide,Yes,,,Yes,,Yes,
ala-ile-his-met,Fragmento de peptídeo identificado por sequenciamento.,,Regras Locais (Peptídeo),,,,Oligopeptide,Yes,,,Yes,,Yes,
ala-ile-met-his,Fragmento de peptídeo identificado por sequenciamento.,,Regras Locais (Peptídeo),,,,Oligopeptide,Yes,,,Yes,,Yes,
ala-leu-his-met,Fragmento de peptídeo identificado por sequenciamento.,,Regras Locais (Peptídeo),,,,Oligopeptide,Yes,,,Yes,,Yes,
ala-leu-met-his,Fragmento de peptídeo identificado por sequenciamento.,,Regras Locais (Peptídeo),,,,Oligopeptide,Yes,,,Yes,,Yes,
ala-met-his-ile,Fragmento de peptídeo identificado por sequenciamento.,,Regras Locais (Peptídeo),,,,Oligopeptide,Yes,,,Yes,,Yes,
ala-met-his-leu,Fragmento de peptídeo identificado por sequenciamento.,,Regras Locais (Peptídeo),,,,Oligopeptide,Yes,,,Yes,,Yes,
ala-met-ile-his,Fragmento de peptídeo identificado por sequenciamento.,,Regras Locais (Peptídeo),,,,Oligopeptide,Yes,,,Yes,,Yes,
ala-met-leu-his,Fragmento de peptídeo identificado por sequenciamento.,,Regras Locais (Peptídeo),,,,Oligopeptide,Yes,,,Yes,,Yes,
ala-phe-his-pro,Fragmento de peptídeo identificado por sequenciamento.,,Regras Locais (Peptídeo),,,,Oligopeptide,Yes,,,Yes,,Yes,
ala-phe-pro-his,Fragmento de peptídeo identificado por sequenciamento.,,Regras Locais (Peptídeo),,,,Oligopeptide,Yes,,,Yes,,Yes,
ala-pro-his-phe,Fragmento de peptídeo identificado por sequenciamento.,,Regras Locais (Peptídeo),,,,Oligopeptide,Yes,,,Yes,,Yes,
ala-pro-phe-his,Fragmento de peptídeo identificado por sequenciamento.,,Regras Locais (Peptídeo),,,,Oligopeptide,Yes,,,Yes,,Yes,
cys-his-ile-val,Fragmento de peptídeo identificado por sequenciamento.,,Regras Locais (Peptídeo),,,,Oligopeptide,Yes,,,Yes,,Yes,
cys-his-leu-val,Fragmento de peptídeo identificado por sequenciamento.,,Regras Locais (Peptídeo),,,,Oligopeptide,Yes,,,Yes,,Yes,
cys-his-val-ile,Fragmento de peptídeo identificado por sequenciamento.,,Regras Locais (Peptídeo),,,,Oligopeptide,Yes,,,Yes,,Yes,
cys-his-val-leu,Fragmento de peptídeo identificado por sequenciamento.,,Regras Locais (Peptídeo),,,,Oligopeptide,Yes,,,Yes,,Yes,
cys-ile-his-val,Fragmento de peptídeo identificado por sequenciamento.,,Regras Locais (Peptídeo),,,,Oligopeptide,Yes,,,Yes,,Yes,
cys-ile-val-his,Fragmento de peptídeo identificado por sequenciamento.,,Regras Locais (Peptídeo),,,,Oligopeptide,Yes,,,Yes,,Yes,
cys-leu-his-val,Fragmento de peptídeo identificado por sequenciamento.,,Regras Locais (Peptídeo),,,,Oligopeptide,Yes,,,Yes,,Yes,
cys-leu-val-his,Fragmento de peptídeo identificado por sequenciamento.,,Regras Locais (Peptídeo),,,,Oligopeptide,Yes,,,Yes,,Yes,
cys-val-his-ile,Fragmento de peptídeo identificado por sequenciamento.,,Regras Locais (Peptídeo),,,,Oligopeptide,Yes,,,Yes,,Yes,
cys-val-his-leu,Fragmento de peptídeo identificado por sequenciamento.,,Regras Locais (Peptídeo),,,,Oligopeptide,Yes,,,Yes,,Yes,
cys-val-ile-his,Fragmento de peptídeo identificado por sequenciamento.,,Regras Locais (Peptídeo),,,,Oligopeptide,Yes,,,Yes,,Yes,
cys-val-leu-his,Fragmento de peptídeo identificado por sequenciamento.,,Regras Locais (Peptídeo),,,,Oligopeptide,Yes,,,Yes,,Yes,
his-ala-ile-met,Fragmento de peptídeo identificado por sequenciamento.,,Regras Locais (Peptídeo),,,,Oligopeptide,Yes,,,Yes,,Yes,
his-ala-leu-met,Fragmento de peptídeo identificado por sequenciamento.,,Regras Locais (Peptídeo),,,,Oligopeptide,Yes,,,Yes,,Yes,
his-ala-met-ile,Fragmento de peptídeo identificado por sequenciamento.,,Regras Locais (Peptídeo),,,,Oligopeptide,Yes,,,Yes,,Yes,
his-ala-met-leu,Fragmento de peptídeo identificado por sequenciamento.,,Regras Locais (Peptídeo),,,,Oligopeptide,Yes,,,Yes,,Yes,
his-ala-phe-pro,Fragmento de peptídeo identificado por sequenciamento.,,Regras Locais (Peptídeo),,,,Oligopeptide,Yes,,,Yes,,Yes,
his-ala-pro-phe,Fragmento de peptídeo identificado por sequenciamento.,,Regras Locais (Peptídeo),,,,Oligopeptide,Yes,,,Yes,,Yes,
his-cys-ile-val,Fragmento de peptídeo identificado por sequenciamento.,,Regras Locais (Peptídeo),,,,Oligopeptide,Yes,,,Yes,,Yes,
his-cys-leu-val,Fragmento de peptídeo identificado por sequenciamento.,,Regras Locais (Peptídeo),,,,Oligopeptide,Yes,,,Yes,,Yes,
his-cys-val-ile,Fragmento de peptídeo identificado por sequenciamento.,,Regras Locais (Peptídeo),,,,Oligopeptide,Yes,,,Yes,,Yes,
his-cys-val-leu,Fragmento de peptídeo identificado por sequenciamento.,,Regras Locais (Peptídeo),,,,Oligopeptide,Yes,,,Yes,,Yes,
his-ile-ala-met,Fragmento de peptídeo identificado por sequenciamento.,,Regras Locais (Peptídeo),,,,Oligopeptide,Yes,,,Yes,,Yes,
his-ile-cys-val,Fragmento de peptídeo identificado por sequenciamento.,,Regras Locais (Peptídeo),,,,Oligopeptide,Yes,,,Yes,,Yes,
his-ile-met-ala,Fragmento de peptídeo identificado por sequenciamento.,,Regras Locais (Peptídeo),,,,Oligopeptide,Yes,,,Yes,,Yes,
his-ile-val-cys,Fragmento de peptídeo identificado por sequenciamento.,,Regras Locais (Peptídeo),,,,Oligopeptide,Yes,,,Yes,,Yes,
his-leu-ala-met,Fragmento de peptídeo identificado por sequenciamento.,,Regras Locais (Peptídeo),,,,Oligopeptide,Yes,,,Yes,,Yes,
his-leu-cys-val,Fragmento de peptídeo identificado por sequenciamento.,,Regras Locais (Peptídeo),,,,Oligopeptide,Yes,,,Yes,,Yes,
his-leu-met-ala,Fragmento de peptídeo identificado por sequenciamento.,,Regras Locais (Peptídeo),,,,Oligopeptide,Yes,,,Yes,,Yes,
his-leu-val-cys,Fragmento de peptídeo identificado por sequenciamento.,,Regras Locais (Peptídeo),,,,Oligopeptide,Yes,,,Yes,,Yes,
his-met-ala-ile,Fragmento de peptídeo identificado por sequenciamento.,,Regras Locais (Peptídeo),,,,Oligopeptide,Yes,,,Yes,,Yes,
his-met-ala-leu,Fragmento de peptídeo identificado por sequenciamento.,,Regras Locais (Peptídeo),,,,Oligopeptide,Yes,,,Yes,,Yes,
his-met-ile-ala,Fragmento de peptídeo identificado por sequenciamento.,,Regras Locais (Peptídeo),,,,Oligopeptide,Yes,,,Yes,,Yes,
his-met-leu-ala,Fragmento de peptídeo identificado por sequenciamento.,,Regras Locais (Peptídeo),,,,Oligopeptide,Yes,,,Yes,,Yes,
his-phe-ala-pro,Fragmento de peptídeo identificado por sequenciamento.,,Regras Locais (Peptídeo),,,,Oligopeptide,Yes,,,Yes,,Yes,
his-phe-pro-ala,Fragmento de peptídeo identificado por sequenciamento.,,Regras Locais (Peptídeo),,,,Oligopeptide,Yes,,,Yes,,Yes,
his-val-cys-ile,Fragmento de peptídeo identificado por sequenciamento.,,Regras Locais (Peptídeo),,,,Oligopeptide,Yes,,,Yes,,Yes,
his-val-cys-leu,Fragmento de peptídeo identificado por sequenciamento.,,Regras Locais (Peptídeo),,,,Oligopeptide,Yes,,,Yes,,Yes,
his-val-ile-cys,Fragmento de peptídeo identificado por sequenciamento.,,Regras Locais (Peptídeo),,,,Oligopeptide,Yes,,,Yes,,Yes,
his-val-leu-cys,Fragmento de peptídeo identificado por sequenciamento.,,Regras Locais (Peptídeo),,,,Oligopeptide,Yes,,,Yes,,Yes,
ile-ala-his-met,Fragmento de peptídeo identificado por sequenciamento.,,Regras Locais (Peptídeo),,,,Oligopeptide,Yes,,,Yes,,Yes,
ile-ala-met-his,Fragmento de peptídeo identificado por sequenciamento.,,Regras Locais (Peptídeo),,,,Oligopeptide,Yes,,,Yes,,Yes,
ile-cys-his-val,Fragmento de peptídeo identificado por sequenciamento.,,Regras Locais (Peptídeo),,,,Oligopeptide,Yes,,,Yes,,Yes,
ile-cys-val-his,Fragmento de peptídeo identificado por sequenciamento.,,Regras Locais (Peptídeo),,,,Oligopeptide,Yes,,,Yes,,Yes,
ile-his-ala-met,Fragmento de peptídeo identificado por sequenciamento.,,Regras Locais (Peptídeo),,,,Oligopeptide,Yes,,,Yes,,Yes,
ile-his-cys-val,Fragmento de peptídeo identificado por sequenciamento.,,Regras Locais (Peptídeo),,,,Oligopeptide,Yes,,,Yes,,Yes,
ile-his-met-ala,Fragmento de peptídeo identificado por sequenciamento.,,Regras Locais (Peptídeo),,,,Oligopeptide,Yes,,,Yes,,Yes,
ile-his-val-cys,Fragmento de peptídeo identificado por sequenciamento.,,Regras Locais (Peptídeo),,,,Oligopeptide,Yes,,,Yes,,Yes,
ile-met-ala-his,Fragmento de peptídeo identificado por sequenciamento.,,Regras Locais (Peptídeo),,,,Oligopeptide,Yes,,,Yes,,Yes,
ile-met-his-ala,Fragmento de peptídeo identificado por sequenciamento.,,Regras Locais (Peptídeo),,,,Oligopeptide,Yes,,,Yes,,Yes,
ile-val-cys-his,Fragmento de peptídeo identificado por sequenciamento.,,Regras Locais (Peptídeo),,,,Oligopeptide,Yes,,,Yes,,Yes,
ile-val-his-cys,Fragmento de peptídeo identificado por sequenciamento.,,Regras Locais (Peptídeo),,,,Oligopeptide,Yes,,,Yes,,Yes,
leu-ala-his-met,Fragmento de peptídeo identificado por sequenciamento.,,Regras Locais (Peptídeo),,,,Oligopeptide,Yes,,,Yes,,Yes,
leu-ala-met-his,Fragmento de peptídeo identificado por sequenciamento.,,Regras Locais (Peptídeo),,,,Oligopeptide,Yes,,,Yes,,Yes,
leu-cys-his-val,Fragmento de peptídeo identificado por sequenciamento.,,Regras Locais (Peptídeo),,,,Oligopeptide,Yes,,,Yes,,Yes,
leu-cys-val-his,Fragmento de peptídeo identificado por sequenciamento.,,Regras Locais (Peptídeo),,,,Oligopeptide,Yes,,,Yes,,Yes,
leu-his-ala-met,Fragmento de peptídeo identificado por sequenciamento.,,Regras Locais (Peptídeo),,,,Oligopeptide,Yes,,,Yes,,Yes,
leu-his-cys-val,Fragmento de peptídeo identificado por sequenciamento.,,Regras Locais (Peptídeo),,,,Oligopeptide,Yes,,,Yes,,Yes,
leu-his-met-ala,Fragmento de peptídeo identificado por sequenciamento.,,Regras Locais (Peptídeo),,,,Oligopeptide,Yes,,,Yes,,Yes,
leu-his-val-cys,Fragmento de peptídeo identificado por sequenciamento.,,Regras Locais (Peptídeo),,,,Oligopeptide,Yes,,,Yes,,Yes,
leu-met-ala-his,Fragmento de peptídeo identificado por sequenciamento.,,Regras Locais (Peptídeo),,,,Oligopeptide,Yes,,,Yes,,Yes,
leu-met-his-ala,Fragmento de peptídeo identificado por sequenciamento.,,Regras Locais (Peptídeo),,,,Oligopeptide,Yes,,,Yes,,Yes,
leu-val-cys-his,Fragmento de peptídeo identificado por sequenciamento.,,Regras Locais (Peptídeo),,,,Oligopeptide,Yes,,,Yes,,Yes,
leu-val-his-cys,Fragmento de peptídeo identificado por sequenciamento.,,Regras Locais (Peptídeo),,,,Oligopeptide,Yes,,,Yes,,Yes,
met-ala-his-ile,Fragmento de peptídeo identificado por sequenciamento.,,Regras Locais (Peptídeo),,,,Oligopeptide,Yes,,,Yes,,Yes,
met-ala-his-leu,Fragmento de peptídeo identificado por sequenciamento.,,Regras Locais (Peptídeo),,,,Oligopeptide,Yes,,,Yes,,Yes,
met-ala-ile-his,Fragmento de peptídeo identificado por sequenciamento.,,Regras Locais (Peptídeo),,,,Oligopeptide,Yes,,,Yes,,Yes,
met-ala-leu-his,Fragmento de peptídeo identificado por sequenciamento.,,Regras Locais (Peptídeo),,,,Oligopeptide,Yes,,,Yes,,Yes,
met-his-ala-ile,Fragmento de peptídeo identificado por sequenciamento.,,Regras Locais (Peptídeo),,,,Oligopeptide,Yes,,,Yes,,Yes,
met-his-ala-leu,Fragmento de peptídeo identificado por sequenciamento.,,Regras Locais (Peptídeo),,,,Oligopeptide,Yes,,,Yes,,Yes,
met-his-ile-ala,Fragmento de peptídeo identificado por sequenciamento.,,Regras Locais (Peptídeo),,,,Oligopeptide,Yes,,,Yes,,Yes,
met-his-leu-ala,Fragmento de peptídeo identificado por sequenciamento.,,Regras Locais (Peptídeo),,,,Oligopeptide,Yes,,,Yes,,Yes,
met-ile-ala-his,Fragmento de peptídeo identificado por sequenciamento.,,Regras Locais (Peptídeo),,,,Oligopeptide,Yes,,,Yes,,Yes,
met-ile-his-ala,Fragmento de peptídeo identificado por sequenciamento.,,Regras Locais (Peptídeo),,,,Oligopeptide,Yes,,,Yes,,Yes,
met-leu-ala-his,Fragmento de peptídeo identificado por sequenciamento.,,Regras Locais (Peptídeo),,,,Oligopeptide,Yes,,,Yes,,Yes,
met-leu-his-ala,Fragmento de peptídeo identificado por sequenciamento.,,Regras Locais (Peptídeo),,,,Oligopeptide,Yes,,,Yes,,Yes,
phe-ala-his-pro,Fragmento de peptídeo identificado por sequenciamento.,,Regras Locais (Peptídeo),,,,Oligopeptide,Yes,,,Yes,,Yes,
phe-ala-pro-his,Fragmento de peptídeo identificado por sequenciamento.,,Regras Locais (Peptídeo),,,,Oligopeptide,Yes,,,Yes,,Yes,
phe-his-ala-pro,Fragmento de peptídeo identificado por sequenciamento.,,Regras Locais (Peptídeo),,,,Oligopeptide,Yes,,,Yes,,Yes,
phe-his-pro-ala,Fragmento de peptídeo identificado por sequenciamento.,,Regras Locais (Peptídeo),,,,Oligopeptide,Yes,,,Yes,,Yes,
phe-pro-ala-his,Fragmento de peptídeo identificado por sequenciamento.,,Regras Locais (Peptídeo),,,,Oligopeptide,Yes,,,Yes,,Yes,
phe-pro-his-ala,Fragmento de peptídeo identificado por sequenciamento.,,Regras Locais (Peptídeo),,,,Oligopeptide,Yes,,,Yes,,Yes,
pro-ala-his-phe,Fragmento de peptídeo identificado por sequenciamento.,,Regras Locais (Peptídeo),,,,Oligopeptide,Yes,,,Yes,,Yes,
pro-ala-phe-his,Fragmento de peptídeo identificado por sequenciamento.,,Regras Locais (Peptídeo),,,,Oligopeptide,Yes,,,Yes,,Yes,
pro-his-ala-phe,Fragmento de peptídeo identificado por sequenciamento.,,Regras Locais (Peptídeo),,,,Oligopeptide,Yes,,,Yes,,Yes,
pro-his-phe-ala,Fragmento de peptídeo identificado por sequenciamento.,,Regras Locais (Peptídeo),,,,Oligopeptide,Yes,,,Yes,,Yes,
pro-phe-ala-his,Fragmento de peptídeo identificado por sequenciamento.,,Regras Locais (Peptídeo),,,,Oligopeptide,Yes,,,Yes,,Yes,
pro-phe-his-ala,Fragmento de peptídeo identificado por sequenciamento.,,Regras Locais (Peptídeo),,,,Oligopeptide,Yes,,,Yes,,Yes,
val-cys-his-ile,Fragmento de peptídeo identificado por sequenciamento.,,Regras Locais (Peptídeo),,,,Oligopeptide,Yes,,,Yes,,Yes,
val-cys-his-leu,Fragmento de peptídeo identificado por sequenciamento.,,Regras Locais (Peptídeo),,,,Oligopeptide,Yes,,,Yes,,Yes,
val-cys-ile-his,Fragmento de peptídeo identificado por sequenciamento.,,Regras Locais (Peptídeo),,,,Oligopeptide,Yes,,,Yes,,Yes,
val-cys-leu-his,Fragmento de peptídeo identificado por sequenciamento.,,Regras Locais (Peptídeo),,,,Oligopeptide,Yes,,,Yes,,Yes,
val-his-cys-ile,Fragmento de peptídeo identificado por sequenciamento.,,Regras Locais (Peptídeo),,,,Oligopeptide,Yes,,,Yes,,Yes,
val-his-cys-leu,Fragmento de peptídeo identificado por sequenciamento.,,Regras Locais (Peptídeo),,,,Oligopeptide,Yes,,,Yes,,Yes,
val-his-ile-cys,Fragmento de peptídeo identificado por sequenciamento.,,Regras Locais (Peptídeo),,,,Oligopeptide,Yes,,,Yes,,Yes,
val-his-leu-cys,Fragmento de peptídeo identificado por sequenciamento.,,Regras Locais (Peptídeo),,,,Oligopeptide,Yes,,,Yes,,Yes,
val-ile-cys-his,Fragmento de peptídeo identificado por sequenciamento.,,Regras Locais (Peptídeo),,,,Oligopeptide,Yes,,,Yes,,Yes,
val-ile-his-cys,Fragmento de peptídeo identificado por sequenciamento.,,Regras Locais (Peptídeo),,,,Oligopeptide,Yes,,,Yes,,Yes,
val-leu-cys-his,Fragmento de peptídeo identificado por sequenciamento.,,Regras Locais (Peptídeo),,,,Oligopeptide,Yes,,,Yes,,Yes,
val-leu-his-cys,Fragmento de peptídeo identificado por sequenciamento.,,Regras Locais (Peptídeo),,,,Oligopeptide,Yes,,,Yes,,Yes,
N-[(2-Aminoethyl)sulfonyl]-L-histidine,,No,,36.7,,,No,C8H14N4O4S,,,243.056235309506,,,
Silane CMM3,,No,,33.3,,,No,C4H11ClSi,,,243.056235309506,,,
chlorodimethylsulfoxide,,No,,33.9,,,No,C2H6ClOS,,,112.983273804907,,,
"5,11-Dihydrodibenzo[b,g][1,5]naphthyridine-6,12-dione",,No,,36.6,,,No,C16H10N2O2,,,243.056235309506,,,
"Dibenzo[b,f]oxepine-2,3-dicarbonitrile",,No,,36.6,"benzo[b][1]benzoxepine-2,3-dicarbonitrile",,No,C16H8N2O,,,243.056235309506,,BHOIJLPCSDPZKS-UHFFFAOYSA-N,
"1-Phenylchromeno[4,3-c]pyrazol-4(1H)-one",,,,"1-phenylchromeno[3,4-d]pyrazol-4-one",C1=CC=C(C=C1)N2C3=C(C=N2)C(=O)OC4=CC=CC=C43,FCEYJZUAYRXKOS-UHFFFAOYSA-N,Small molecule,No,,,No,,No,
Arg Phe Met,,No,,33.6,,,No,C20H32N6O4S,,,451.211041295324,,,
styelsamine C,,No,,36.6,"(10E)-10-(hydroxymethylidene)-8,14-diazatetracyclo[7.7.1.02,7.013,17]heptadeca-1(17),2,4,6,8,11,13,15-octaen-12-ol;2,2,2-trifluoroacetic acid",,No,C16H10N2O2,,,243.056235309506,,VULGKBJSUPUFFP-HRNDJLQDSA-N,
"Chromeno[4,3-b][1,5]benzodiazepin-7(8H)-one",,No,,36.6,,,No,C16H10N2O2,,,243.056235309506,,,
Diethylchlorosilane,,No,,33.3,,,No,C4H11ClSi,,,243.056235309506,,SOYVLBDERBHIME-UHFFFAOYSA-N,
Met Phe Arg,,No,,33.6,,,No,C20H32N6O4S,,,451.211041295324,,,
"N,N-diethyl-3-oxo-4-[2-oxo-2-(4-pyrimidin-2-ylpiperazin-1-yl)ethyl]-1,4-benzoxazine-6-carboxamide",,No,,34.5,,,No,C23H28N6O4,,,451.211041295324,,,
Met Arg Phe,,No,,33.6,,,No,C20H32N6O4S,,,451.211041295324,,,
Isoindigotin,,No,,36.6,3-(2-hydroxy-1H-indol-3-yl)indol-2-one,,No,C16H10N2O2,,,243.056235309506,,VBMISAYWIMDRCV-UHFFFAOYSA-N,
17-trifluoromethylphenyl trinor PGF2α methyl ester,,No,,34.6,,,No,C25H33F3O5,,,451.211041295324,,,
(2S)-2′-methoxykurarinone,,No,,33.9,,,No,C27H32O6,,,451.211041295324,,,
Subtrifloralactone C,,No,,33.9,,,No,C27H34O7,,,451.211041295324,,,
"(1R,5R,6R,13R,14R,16S)-6-(3-Furyl)-14-hydroxy-16-(2-hydroxy-2-methoxyethyl)-1,5,15,15-tetramethyl-7-oxatetracyclo[11.3.1.0~2,11~.0~5,10~]heptadeca-9,11-diene-8,17-dione",,No,,33.9,,,No,C27H34O7,,,451.211041295324,,,
"5-Hydroxy-2-(4-hydroxy-3-methoxyphenyl)-7-methoxy-6,8-bis(3-methyl-2-buten-1-yl)-2,3-dihydro-4H-chromen-4-one",,No,,33.9,,,No,C27H32O6,,,451.211041295324,,,
"(2aR,3S,4S,5aS,6bR,10aS,11aR)-2a,5a-Dihydroxy-3,4′,5′,6b-tetramethyl-1,2,2a,5a,6,6a,6b,11a,12,12a,12b,12c-dodecahydro-3H-spiro[cyclopenta[de]oxireno[4,4a]naphtho[2,1-g]chromene-4,2′-pyran]-6′,7(3′H,10",,No,,33.9,,,No,C27H34O7,,,,,,
5-[2-(2-Carboxyethyl)-3-{[(5E)-6-(4-methoxyphenyl)-5-hexen-1-yl]oxy}phenoxy]pentanoic acid,,No,,33.9,,,No,C27H34O7,,,451.211041295324,,,
"(2S)-2-(3,4-Dimethoxyphenyl)-6-[(2E)-3,7-dimethyl-2,6-octadien-1-yl]-5,7-dihydroxy-2,3-dihydro-4H-chromen-4-one",,No,,33.9,,,No,C27H32O6,,,451.211041295324,,,
"(11α,13α,14β,15β,17α)-17-(3-Furyl)-6,11-dihydroxy-1-methoxy-4,4,8-trimethyl-14,15-epoxyandrost-5-ene-3,7-dione",,No,,33.9,,,No,C27H34O7,,,451.211041295324,,,
Diisopropyl {2-[(1Z)-3-isopropoxy-3-oxo-1-phenyl-1-propen-2-yl]phenyl}malonate,,No,,33.9,,,No,C27H32O6,,,451.211041295324,,,
"(6β,8ξ,9ξ,12α,14ξ,17α,22S,23R)-1,6,12,17-Tetrahydroxy-24-methyl-12,22:23,26-diepoxy-19-norcholesta-1(10),2,4,24-tetraen-26-one",,No,,33.9,,,No,C27H34O7,,,451.211041295324,,,
"Triisopropyl (2S,3R)-2-phenyl-1,1,3-indanetricarboxylate",,No,,33.9,,,No,C27H32O6,,,451.211041295324,,,
"Triisopropyl (2S,3S)-2-phenyl-1,1,3-indanetricarboxylate",,No,,33.9,,,No,C27H32O6,,,451.211041295324,,,
"3,7-Dibutoxy-2-(4-butoxy-3-hydroxyphenyl)-5-hydroxy-4H-chromen-4-one",,No,,33.9,,,No,C27H34O7,,,451.211041295324,,,
"(1S,4R,10R,11S,13R,15S,16R,17R,21R)-5,5,10,13,15-Pentamethyl-7,14,18-trioxo-6,19-dioxahexacyclo[13.6.1.0~1,11~.0~4,10~.0~13,21~.0~17,21~]docos-8-en-16-yl acetate",,No,,33.9,,,No,C27H34O7,,,451.211041295324,,,
"2-(3,4-Dipropoxyphenyl)-5-hydroxy-3,7-dipropoxy-4H-chromen-4-one",,No,,33.9,,,No,C27H34O7,,,451.211041295324,,,
"(2E)-1-[2,4-Dihydroxy-3-(2-isopropenyl-5-methyl-4-hexen-1-yl)-6-methoxyphenyl]-3-(4-hydroxy-2-methoxyphenyl)-2-propen-1-one",,No,,33.9,,,No,C27H32O6,,,451.211041295324,,,
Subtrifloralactone L,,No,,33.9,,,No,C27H34O7,,,451.211041295324,,,
Phe Arg Met,,No,,33.6,,,No,C20H32N6O4S,,,451.211041295324,,,
"Triisopropyl 2-phenyl-1,1,3-indanetricarboxylate",,No,,33.9,,,No,C27H32O6,,,451.211041295324,,,
anthoptilide A,,No,,33.9,,,No,C27H34O7,,,451.211041295324,,,
"(6E)-4,6-Dimethyl-5,7-bis(2,4,5-trimethoxyphenyl)-6-hepten-2-yn-1-ol",,No,,33.9,,,No,C27H34O7,,,451.211041295324,,,
"Methyl {(1S,6S)-6-[(1R,6S,8aR)-1-(3-furyl)-8a-methyl-5-methylene-3-oxo-3,5,6,7,8,8a-hexahydro-1H-isochromen-6-yl]-2,2,6-trimethyl-5-oxo-3-cyclohexen-1-yl}acetate",,No,,33.9,,,No,C27H32O6,,,451.211041295324,,,
"3-(Imidazo[1,2-a]pyridin-2-yl)-1H-isochromen-1-one",,No,,36.6,"3-imidazo[1,2-a]pyridin-2-ylisochromen-1-one",,No,C16H10N2O2,,,243.056235309506,,OEXATHZJTCDATD-UHFFFAOYSA-N,
"(1E,6E)-1-{3-[(3-Ethyl-3-pentanyl)oxy]-4-hydroxyphenyl}-7-(4-hydroxy-3-methoxyphenyl)-1,6-heptadiene-3,5-dione",,No,,33.9,,,No,C27H32O6,,,451.211041295324,,,
Dicyano(phenyl)methyl benzoate,,No,,36.6,[dicyano(phenyl)methyl] benzoate,,No,C16H10N2O2,,,243.056235309506,,ZVSMJEBFSMHOPE-UHFFFAOYSA-N,
"4,4′-(1,4-Phenylene)bis(3,5-dimethyl-1,4,7,8-tetrahydrodipyrazolo[3,4-b:4′,3′-e]pyridine)",,No,,34.7,,,No,C24H24N10,,,451.211041295324,,,
"(11α,13α,14β,15β,17α)-17-(3-Furyl)-11-hydroxy-6-methoxy-4,4,8-trimethyl-14,15-epoxyandrosta-1,5-diene-3,7-dione",,No,,33.9,,,No,C27H32O6,,,451.211041295324,,,
"1,1,3,3,3-PENTAFLUOROPROPENE",,No,,38.3,,,No,C3HF5,,,112.982616367773,,,
"1,1′-[(3E,5E)-1,3,5,7-Octatetraene-1,1-diyl]dibenzene",,No,,36,,,No,C20H18,,,257.133443942747,,,
Proceranolide,Proceranolide is a limonoid. It has a role as a metabolite.,,ChEBI,"methyl 2-[(1R,2S,5R,6R,13S,14R,16S)-6-(furan-3-yl)-14-hydroxy-1,5,15,15-tetramethyl-8,17-dioxo-7-oxatetracyclo[11.3.1.02,11.05,10]heptadec-10-en-16-yl]acetate",C[C@@]12CC[C@H]3C(=C1CC(=O)O[C@H]2C4=COC=C4)C[C@H]5[C@H](C([C@@H]([C@@]3(C5=O)C)CC(=O)OC)(C)C)O,WAIKPAHSFOBDTD-OLJNMEOCSA-N,Small molecule,Yes,,,No,,No,
"2,4-Dimethyl-1,1′:3′,1″-terphenyl",,No,,36,,,No,C20H18,,,257.133443942747,,,
4′-Benzyl-3-methylbiphenyl,,No,,36,,,No,C20H18,,,257.133443942747,,,
N-Fluoro-2-(1H-imidazol-4-yl)ethanamine,,No,,38.5,,,No,C5H8FN3,,,257.133443942747,,,
L-Leucyl-S-ethyl-L-homocysteine,,No,,36,,,No,C12H24N2O3S,,,257.133443942747,,,
(2E)-3-[2-(3-Methyl-2-buten-1-yl)phenyl]-1-phenyl-2-propen-1-one,,No,,35.9,,,No,C20H20O,,,257.133443942747,,,
"(2E,3R)-2-(4-Biphenylylmethylene)-3-methylcyclohexanone",,No,,35.9,,,No,C20H20O,,,257.133443942747,,,
"7,12-Dimethyl-4H-benzo[e]anthracene",,No,,36,,,No,C20H18,,,257.133443942747,,,
"4-[(Hexylsulfonyl)methyl]-3,5-dimethyl-1H-pyrazole",,No,,36,,,No,C12H22N2O2S,,,257.133443942747,,,
"(2Z,3R)-2-(4-Biphenylylmethylene)-3-methylcyclohexanone",,No,,35.9,,,No,C20H20O,,,257.133443942747,,,
"α,ω-Diphenyloctatetraene",,No,,36,,,No,C20H18,,,257.133443942747,,,
"4,4″-Dimethyl-1,1′:4′,1″-terphenyl",,No,,36,,,No,C20H18,,,257.133443942747,,,
"4-[[4-[(4-fluorophenyl)methyl]-2,3-dioxopiperazin-1-yl]methyl]-N-(pyridin-3-ylmethyl)benzamide",,No,,35.3,,,No,C25H23FN4O3,,,445.167887308116,,,
"N-[2-(1,3-benzodioxol-5-yl)-2-(4-methylpiperazin-1-yl)ethyl]-N'-(2,4-difluorophenyl)oxamide",,No,,35.2,,,No,C22H24F2N4O4,,,445.167887308116,,,
Kushenol D,,No,,33.9,"(E)-1-[2,4-dihydroxy-6-methoxy-3-(5-methyl-2-prop-1-en-2-ylhex-4-enyl)phenyl]-3-(4-hydroxy-2-methoxyphenyl)prop-2-en-1-one",,No,C27H32O6,ChEBI,,451.211041295324,,LZSUTCMOKIJOBI-ZRDIBKRKSA-N,
"ethyl 4-[4-(benzylcarbamoyl)piperidin-1-yl]sulfonyl-2,5-dimethyl-1H-pyrrole-3-carboxylate",,No,,35,,,No,C22H28N3O5S,,,445.167887308116,,,
Lucidenic acid D1,,No,,33.9,"4-(4,4,10,13,14-pentamethyl-3,7,11,12,15-pentaoxo-1,2,5,6,16,17-hexahydrocyclopenta[a]phenanthren-17-yl)pentanoic acid",,No,C27H34O7,ChEBI,,451.211041295324,,LCFUTECDUKUAFQ-UHFFFAOYSA-N,
1-(Diphenylmethyl)-2-methylbenzene,,No,,36,,,No,C20H18,,,257.133443942747,,,
"4-[(4-fluorophenyl)methyl]-6-(4-pyridin-2-ylpiperazine-1-carbonyl)-1,4-benzoxazin-3-one",,No,,35.3,,,No,C25H23FN4O3,,,445.167887308116,,,
Bethanidine hemisulfate,Bethanidine is a member of guanidines. It has a role as an antihypertensive agent and an adrenergic antagonist.,,ChEBI,"1-benzyl-2,3-dimethylguanidine",CNC(=NC)NCC1=CC=CC=C1,NIVZHWNOUVJHKV-UHFFFAOYSA-N,Small molecule,Yes,4.0,,No,,No,
Amoradinin,,No,,33.9,"5-hydroxy-2-(4-hydroxy-3-methoxyphenyl)-7-methoxy-6,8-bis(3-methylbut-2-enyl)-2,3-dihydrochromen-4-one",,No,C27H32O6,,,451.211041295324,,RIILZRHMYBTZEI-UHFFFAOYSA-N,
ala-asn-asn-glu,Fragmento de peptídeo identificado por sequenciamento.,,Regras Locais (Peptídeo),,,,Oligopeptide,Yes,,,Yes,,Yes,
ala-asn-asp-gln,Fragmento de peptídeo identificado por sequenciamento.,,Regras Locais (Peptídeo),,,,Oligopeptide,Yes,,,Yes,,Yes,
ala-asn-glu-asn,Fragmento de peptídeo identificado por sequenciamento.,,Regras Locais (Peptídeo),,,,Oligopeptide,Yes,,,Yes,,Yes,
ala-asn-gln-asp,Fragmento de peptídeo identificado por sequenciamento.,,Regras Locais (Peptídeo),,,,Oligopeptide,Yes,,,Yes,,Yes,
ala-asp-asn-gln,Fragmento de peptídeo identificado por sequenciamento.,,Regras Locais (Peptídeo),,,,Oligopeptide,Yes,,,Yes,,Yes,
ala-asp-gln-asn,Fragmento de peptídeo identificado por sequenciamento.,,Regras Locais (Peptídeo),,,,Oligopeptide,Yes,,,Yes,,Yes,
ala-glu-asn-asn,Fragmento de peptídeo identificado por sequenciamento.,,Regras Locais (Peptídeo),,,,Oligopeptide,Yes,,,Yes,,Yes,
ala-gln-asn-asp,Fragmento de peptídeo identificado por sequenciamento.,,Regras Locais (Peptídeo),,,,Oligopeptide,Yes,,,Yes,,Yes,
ala-gln-asp-asn,Fragmento de peptídeo identificado por sequenciamento.,,Regras Locais (Peptídeo),,,,Oligopeptide,Yes,,,Yes,,Yes,
asn-ala-asn-glu,Fragmento de peptídeo identificado por sequenciamento.,,Regras Locais (Peptídeo),,,,Oligopeptide,Yes,,,Yes,,Yes,
asn-ala-asp-gln,Fragmento de peptídeo identificado por sequenciamento.,,Regras Locais (Peptídeo),,,,Oligopeptide,Yes,,,Yes,,Yes,
asn-ala-glu-asn,Fragmento de peptídeo identificado por sequenciamento.,,Regras Locais (Peptídeo),,,,Oligopeptide,Yes,,,Yes,,Yes,
asn-ala-gln-asp,Fragmento de peptídeo identificado por sequenciamento.,,Regras Locais (Peptídeo),,,,Oligopeptide,Yes,,,Yes,,Yes,
asn-asn-ala-glu,Fragmento de peptídeo identificado por sequenciamento.,,Regras Locais (Peptídeo),,,,Oligopeptide,Yes,,,Yes,,Yes,
asn-asn-glu-ala,Fragmento de peptídeo identificado por sequenciamento.,,Regras Locais (Peptídeo),,,,Oligopeptide,Yes,,,Yes,,Yes,
asn-asp-ala-gln,Fragmento de peptídeo identificado por sequenciamento.,,Regras Locais (Peptídeo),,,,Oligopeptide,Yes,,,Yes,,Yes,
asn-asp-gln-ala,Fragmento de peptídeo identificado por sequenciamento.,,Regras Locais (Peptídeo),,,,Oligopeptide,Yes,,,Yes,,Yes,
asn-glu-ala-asn,Fragmento de peptídeo identificado por sequenciamento.,,Regras Locais (Peptídeo),,,,Oligopeptide,Yes,,,Yes,,Yes,
asn-glu-asn-ala,Fragmento de peptídeo identificado por sequenciamento.,,Regras Locais (Peptídeo),,,,Oligopeptide,Yes,,,Yes,,Yes,
asn-glu-gln-gly,Fragmento de peptídeo identificado por sequenciamento.,,Regras Locais (Peptídeo),,,,Oligopeptide,Yes,,,Yes,,Yes,
asn-glu-gly-gln,Fragmento de peptídeo identificado por sequenciamento.,,Regras Locais (Peptídeo),,,,Oligopeptide,Yes,,,Yes,,Yes,
asn-gln-ala-asp,Fragmento de peptídeo identificado por sequenciamento.,,Regras Locais (Peptídeo),,,,Oligopeptide,Yes,,,Yes,,Yes,
asn-gln-asp-ala,Fragmento de peptídeo identificado por sequenciamento.,,Regras Locais (Peptídeo),,,,Oligopeptide,Yes,,,Yes,,Yes,
asn-gln-glu-gly,Fragmento de peptídeo identificado por sequenciamento.,,Regras Locais (Peptídeo),,,,Oligopeptide,Yes,,,Yes,,Yes,
asn-gln-gly-glu,Fragmento de peptídeo identificado por sequenciamento.,,Regras Locais (Peptídeo),,,,Oligopeptide,Yes,,,Yes,,Yes,
asn-gly-glu-gln,Fragmento de peptídeo identificado por sequenciamento.,,Regras Locais (Peptídeo),,,,Oligopeptide,Yes,,,Yes,,Yes,
asn-gly-gln-glu,Fragmento de peptídeo identificado por sequenciamento.,,Regras Locais (Peptídeo),,,,Oligopeptide,Yes,,,Yes,,Yes,
asp-ala-asn-gln,Fragmento de peptídeo identificado por sequenciamento.,,Regras Locais (Peptídeo),,,,Oligopeptide,Yes,,,Yes,,Yes,
asp-ala-gln-asn,Fragmento de peptídeo identificado por sequenciamento.,,Regras Locais (Peptídeo),,,,Oligopeptide,Yes,,,Yes,,Yes,
asp-asn-ala-gln,Fragmento de peptídeo identificado por sequenciamento.,,Regras Locais (Peptídeo),,,,Oligopeptide,Yes,,,Yes,,Yes,
asp-asn-gln-ala,Fragmento de peptídeo identificado por sequenciamento.,,Regras Locais (Peptídeo),,,,Oligopeptide,Yes,,,Yes,,Yes,
asp-gln-ala-asn,Fragmento de peptídeo identificado por sequenciamento.,,Regras Locais (Peptídeo),,,,Oligopeptide,Yes,,,Yes,,Yes,
asp-gln-asn-ala,Fragmento de peptídeo identificado por sequenciamento.,,Regras Locais (Peptídeo),,,,Oligopeptide,Yes,,,Yes,,Yes,
asp-gln-gln-gly,Fragmento de peptídeo identificado por sequenciamento.,,Regras Locais (Peptídeo),,,,Oligopeptide,Yes,,,Yes,,Yes,
asp-gln-gly-gln,Fragmento de peptídeo identificado por sequenciamento.,,Regras Locais (Peptídeo),,,,Oligopeptide,Yes,,,Yes,,Yes,
asp-gly-gln-gln,Fragmento de peptídeo identificado por sequenciamento.,,Regras Locais (Peptídeo),,,,Oligopeptide,Yes,,,Yes,,Yes,
glu-ala-asn-asn,Fragmento de peptídeo identificado por sequenciamento.,,Regras Locais (Peptídeo),,,,Oligopeptide,Yes,,,Yes,,Yes,
glu-asn-ala-asn,Fragmento de peptídeo identificado por sequenciamento.,,Regras Locais (Peptídeo),,,,Oligopeptide,Yes,,,Yes,,Yes,
glu-asn-asn-ala,Fragmento de peptídeo identificado por sequenciamento.,,Regras Locais (Peptídeo),,,,Oligopeptide,Yes,,,Yes,,Yes,
glu-asn-gln-gly,Fragmento de peptídeo identificado por sequenciamento.,,Regras Locais (Peptídeo),,,,Oligopeptide,Yes,,,Yes,,Yes,
glu-asn-gly-gln,Fragmento de peptídeo identificado por sequenciamento.,,Regras Locais (Peptídeo),,,,Oligopeptide,Yes,,,Yes,,Yes,
glu-gln-asn-gly,Fragmento de peptídeo identificado por sequenciamento.,,Regras Locais (Peptídeo),,,,Oligopeptide,Yes,,,Yes,,Yes,
glu-gln-gly-asn,Fragmento de peptídeo identificado por sequenciamento.,,Regras Locais (Peptídeo),,,,Oligopeptide,Yes,,,Yes,,Yes,
glu-gly-asn-gln,Fragmento de peptídeo identificado por sequenciamento.,,Regras Locais (Peptídeo),,,,Oligopeptide,Yes,,,Yes,,Yes,
glu-gly-gln-asn,Fragmento de peptídeo identificado por sequenciamento.,,Regras Locais (Peptídeo),,,,Oligopeptide,Yes,,,Yes,,Yes,
gln-ala-asn-asp,Fragmento de peptídeo identificado por sequenciamento.,,Regras Locais (Peptídeo),,,,Oligopeptide,Yes,,,Yes,,Yes,
gln-ala-asp-asn,Fragmento de peptídeo identificado por sequenciamento.,,Regras Locais (Peptídeo),,,,Oligopeptide,Yes,,,Yes,,Yes,
gln-asn-ala-asp,Fragmento de peptídeo identificado por sequenciamento.,,Regras Locais (Peptídeo),,,,Oligopeptide,Yes,,,Yes,,Yes,
gln-asn-asp-ala,Fragmento de peptídeo identificado por sequenciamento.,,Regras Locais (Peptídeo),,,,Oligopeptide,Yes,,,Yes,,Yes,
gln-asn-glu-gly,Fragmento de peptídeo identificado por sequenciamento.,,Regras Locais (Peptídeo),,,,Oligopeptide,Yes,,,Yes,,Yes,
gln-asn-gly-glu,Fragmento de peptídeo identificado por sequenciamento.,,Regras Locais (Peptídeo),,,,Oligopeptide,Yes,,,Yes,,Yes,
gln-asp-ala-asn,Fragmento de peptídeo identificado por sequenciamento.,,Regras Locais (Peptídeo),,,,Oligopeptide,Yes,,,Yes,,Yes,
gln-asp-asn-ala,Fragmento de peptídeo identificado por sequenciamento.,,Regras Locais (Peptídeo),,,,Oligopeptide,Yes,,,Yes,,Yes,
gln-asp-gln-gly,Fragmento de peptídeo identificado por sequenciamento.,,Regras Locais (Peptídeo),,,,Oligopeptide,Yes,,,Yes,,Yes,
gln-asp-gly-gln,Fragmento de peptídeo identificado por sequenciamento.,,Regras Locais (Peptídeo),,,,Oligopeptide,Yes,,,Yes,,Yes,
gln-glu-asn-gly,Fragmento de peptídeo identificado por sequenciamento.,,Regras Locais (Peptídeo),,,,Oligopeptide,Yes,,,Yes,,Yes,
gln-glu-gly-asn,Fragmento de peptídeo identificado por sequenciamento.,,Regras Locais (Peptídeo),,,,Oligopeptide,Yes,,,Yes,,Yes,
gln-gln-asp-gly,Fragmento de peptídeo identificado por sequenciamento.,,Regras Locais (Peptídeo),,,,Oligopeptide,Yes,,,Yes,,Yes,
gln-gln-gly-asp,Fragmento de peptídeo identificado por sequenciamento.,,Regras Locais (Peptídeo),,,,Oligopeptide,Yes,,,Yes,,Yes,
gln-gly-asn-glu,Fragmento de peptídeo identificado por sequenciamento.,,Regras Locais (Peptídeo),,,,Oligopeptide,Yes,,,Yes,,Yes,
gln-gly-asp-gln,Fragmento de peptídeo identificado por sequenciamento.,,Regras Locais (Peptídeo),,,,Oligopeptide,Yes,,,Yes,,Yes,
gln-gly-glu-asn,Fragmento de peptídeo identificado por sequenciamento.,,Regras Locais (Peptídeo),,,,Oligopeptide,Yes,,,Yes,,Yes,
gln-gly-gln-asp,Fragmento de peptídeo identificado por sequenciamento.,,Regras Locais (Peptídeo),,,,Oligopeptide,Yes,,,Yes,,Yes,
gly-asn-glu-gln,Fragmento de peptídeo identificado por sequenciamento.,,Regras Locais (Peptídeo),,,,Oligopeptide,Yes,,,Yes,,Yes,
gly-asn-gln-glu,Fragmento de peptídeo identificado por sequenciamento.,,Regras Locais (Peptídeo),,,,Oligopeptide,Yes,,,Yes,,Yes,
gly-asp-gln-gln,Fragmento de peptídeo identificado por sequenciamento.,,Regras Locais (Peptídeo),,,,Oligopeptide,Yes,,,Yes,,Yes,
gly-glu-asn-gln,Fragmento de peptídeo identificado por sequenciamento.,,Regras Locais (Peptídeo),,,,Oligopeptide,Yes,,,Yes,,Yes,
gly-glu-gln-asn,Fragmento de peptídeo identificado por sequenciamento.,,Regras Locais (Peptídeo),,,,Oligopeptide,Yes,,,Yes,,Yes,
gly-gln-asn-glu,Fragmento de peptídeo identificado por sequenciamento.,,Regras Locais (Peptídeo),,,,Oligopeptide,Yes,,,Yes,,Yes,
gly-gln-asp-gln,Fragmento de peptídeo identificado por sequenciamento.,,Regras Locais (Peptídeo),,,,Oligopeptide,Yes,,,Yes,,Yes,
gly-gln-glu-asn,Fragmento de peptídeo identificado por sequenciamento.,,Regras Locais (Peptídeo),,,,Oligopeptide,Yes,,,Yes,,Yes,
gly-gln-gln-asp,Fragmento de peptídeo identificado por sequenciamento.,,Regras Locais (Peptídeo),,,,Oligopeptide,Yes,,,Yes,,Yes,
2-[1-(5-chloro-1H-indole-2-carbonyl)piperidin-4-yl]-1-(4-pyridin-2-ylpiperazin-1-yl)ethanone,,No,,31.5,,,No,C25H27ClN5O2,,,445.167887308116,,,
(2S)-2'-Methoxykurarinone,"(2S)-2'-methoxykurarinone is a dimethoxyflavanone that is (2S)-()-kurarinone in which the hydroxy group at position 2' is replaced by a methoxy group. Isolated from the roots of Sophora flavescens, it exhibits cytotoxicity against human myeloid leukemia HL-60 cells. It has a role as a metabolite and an antineoplastic agent. It is a member of 4'-hydroxyflavanones, a dimethoxyflavanone and a dihydroxyflavanone. It is functionally related to a (2S)-(-)-kurarinone.",,ChEBI,"(2S)-7-hydroxy-2-(4-hydroxy-2-methoxyphenyl)-5-methoxy-8-[(2R)-5-methyl-2-prop-1-en-2-ylhex-4-enyl]-2,3-dihydrochromen-4-one",CC(=CC[C@H](CC1=C2C(=C(C=C1O)OC)C(=O)C[C@H](O2)C3=C(C=C(C=C3)O)OC)C(=C)C)C,KTAQQSUPNZAWEY-OSPHWJPCSA-N,Small molecule,Yes,,,No,,No,
"(1Z)-1,2,3,3,3-Pentafluoro-1-propene",,No,,38.3,"(Z)-1,2,3,3,3-pentafluoroprop-1-ene",,No,C3HF5,,,112.982616367773,,DMUPYMORYHFFCT-UPHRSURJSA-N,
"methyl 7-[(4-fluorophenyl)methyl]-6-methyl-6-[(4-methylphenyl)methylcarbamoyl]-8-oxo-5H-imidazo[1,5-a]pyrazine-1-carboxylate",,No,,35.3,,,No,C25H25FN4O4,,,445.167887308116,,,
"1,3,6,8-Tetramethylpyrene",,No,,36,"1,3,6,8-tetramethylpyrene",,No,C20H18,,,257.133443942747,,HRHHFPGFYOBEPE-UHFFFAOYSA-N,
"1,4-Dibenzylbenzene",,No,,36,"1,4-dibenzylbenzene",,No,C20H18,,,257.133443942747,,LTGXPINWZFIICV-UHFFFAOYSA-N,
"7,12-Dimethyl-5,6-dihydrotetraphene",,No,,36,"7,12-dimethyl-5,6-dihydrobenzo[a]anthracene",,No,C20H18,,,257.133443942747,,OSPZOOPTBDSTQN-UHFFFAOYSA-N,
RCL T279196,,No,,36,"1,4-dimethyl-2,3-diphenylbenzene",,No,C20H18,,,257.133443942747,,DWRQIROFOIDAOI-UHFFFAOYSA-N,
"methyl 7-[(2-fluorophenyl)methyl]-6-methyl-6-[(4-methylphenyl)methylcarbamoyl]-8-oxo-5H-imidazo[1,5-a]pyrazine-1-carboxylate",,No,,35.3,,,No,C25H25FN4O4,,,445.167887308116,,,
"methyl 7-[(3-fluorophenyl)methyl]-6-methyl-6-[(4-methylphenyl)methylcarbamoyl]-8-oxo-5H-imidazo[1,5-a]pyrazine-1-carboxylate",,No,,35.3,,,No,C25H25FN4O4,,,445.167887308116,,,
"1-[2-(3,4-dihydro-2H-quinolin-1-yl)-2-oxoethyl]-3-(4-fluorophenyl)-5,6-dimethylpyrrolo[3,2-d]pyrimidine-2,4-dione",,No,,35.3,,,No,C25H23FN4O3,,,445.167887308116,,,
ethyl 3-[[1-[1-(4-fluorophenyl)-6-oxopyridazin-3-yl]piperidine-3-carbonyl]amino]benzoate,,No,,35.3,,,No,C25H25FN4O4,,,445.167887308116,,,
"7-{3,5-Dimethoxy-4-[(2-methyl-3-buten-2-yl)oxy]phenyl}-5-hydroxy-2,2-dimethyl-2H,6H-pyrano[3,2-g]chromen-6-one",,No,,34.1,,,No,C27H28O7,,,445.167887308116,,,
"6-{3,5-Dimethoxy-4-[(2-methyl-3-buten-2-yl)oxy]phenyl}-4-hydroxy-2-isopropenyl-2,3-dihydro-5H-furo[3,2-g]chromen-5-one",,No,,34.1,,,No,C27H28O7,,,445.167887308116,,,
"1,6-Anhydro-2-O-benzoyl-3,4-di-O-benzyl-β-L-idopyranose",,No,,34.1,,,No,C27H26O6,,,445.167887308116,,,
"1,1,2-Triphenylethane",,,,"1,2-diphenylethylbenzene",C1=CC=C(C=C1)CC(C2=CC=CC=C2)C3=CC=CC=C3,KIIBETRYVBIAOO-UHFFFAOYSA-N,Small molecule,Yes,,,No,,No,
"(E)-1,2,3,3,3-Pentafluoropropene",,No,,38.3,"(E)-1,2,3,3,3-pentafluoroprop-1-ene",,No,C3HF5,,,112.982616367773,,DMUPYMORYHFFCT-OWOJBTEDSA-N,
"3,4,13-Trimethyl-5-{[(2Z)-3-(methylsulfanyl)-2-propenoyl]oxy}-12-oxo-11,14-dioxatetracyclo[8.3.1.0~1,10~.0~3,8~]tetradec-2-yl (2E)-2-methyl-2-butenoate",,No,,35.9,,,No,C24H32O7S,,,445.167887308116,,,
"3,4a,5-Trimethyl-6-{[(2E)-3-(methylsulfinyl)-2-propenoyl]oxy}-2-oxo-2,4,4a,5,6,7,8,8a,9,9a-decahydronaphtho[2,3-b]furan-4-yl (2E)-2-methyl-2-butenoate",,No,,35.9,,,No,C24H32O7S,,,445.167887308116,,,
"ethane, 1,1,1-triphenyl-",,,,"1,1-diphenylethylbenzene",CC(C1=CC=CC=C1)(C2=CC=CC=C2)C3=CC=CC=C3,QIDUHGHFWAMMPV-UHFFFAOYSA-N,Small molecule,No,,,No,,No,
MOBS,,No,,37.5,,,No,C8H17NO4S,,,445.167887308116,,,
"1′-{[5-(Aminomethyl)-1-(4,4,4-trifluorobutyl)-1H-benzimidazol-2-yl]methyl}-6′-fluorospiro[cyclopropane-1,3′-indol]-2′(1′H)-one",,No,,34.7,,,No,C23H22F4N4O,,,445.167887308116,,,
N-(4-Chlorobutyl)-1H-benzimidazol-2-amine,,No,,33.7,,,No,C11H14ClN3,,,445.167887308116,,,
6-Fluoro-L-(O-~2~H)tryptophan,,No,,56.1,,,No,C11H10DFN2O2,,,445.167887308116,,,
"2,2′-(2,2′-Biphenyldiyl)bis(5-phenyl-2,3-dihydro-1,2,3-oxadiazole)",,No,,34.5,,,No,C28H22N4O2,,,445.167887308116,,,
"2′,5′-Dimethyl-p-terphenyl",,No,,36,"1,4-dimethyl-2,5-diphenylbenzene",,No,C20H18,,,257.133443942747,,TUSIRMATSRRTEJ-UHFFFAOYSA-N,
RCL R999903,,No,,36,"1,4-bis(2-methylphenyl)benzene",,No,C20H18,,,257.133443942747,,MSMADJZSMBWBTF-UHFFFAOYSA-N,
"1,2-Dibenzylbenzene",,No,,36,"1,2-dibenzylbenzene",,No,C20H18,,,257.133443942747,,JQCVPZXMGXKNOD-UHFFFAOYSA-N,
3-(3-Aminobenzyl)-1-methyl-1H-imidazol-3-ium chloride,,No,,33.7,,,No,C11H14ClN3,,,445.167887308116,,,
Pumilaisoflavone A,,No,,34.1,,,No,C27H28O7,,,445.167887308116,,,
"3-[3,3-Dimethyl-2-oxo-1-(3-oxo-3,4-dihydro-2-quinoxalinyl)butyl]-1-phenyl-2(1H)-quinoxalinone",,No,,34.5,,,No,C28H24N4O3,,,445.167887308116,,,
akaol B,,No,,34.6,,,No,C22H31NaO6S,,,445.167887308116,,,
Conrauinone B,,No,,34.1,,,No,C27H28O7,,,445.167887308116,,,
3-amino-N-(4-nitrophenyl)-1-benzofuran-2-carboxamide,,No,,36.2,,,No,C15H11N3O4,,,593.141635933346,,,
"1,1,3,3,5,5-Hexaphenyltrisiloxane-1,5-diol",,No,,30,,,No,C36H32O4Si3,,,593.141635933346,,,
Euchrenone b4,,No,,52.9,,,No,C27H28O7,,,445.167887308116,,,
"2-(4-methoxyphenyl)-5-(3-nitrophenyl)-1,3,4-oxadiazole",,No,,36.2,,,No,C15H11N3O4,,,593.141635933346,,,
(4E)-4-[(6-Methyl-2-pyridinyl)imino]-3-nitro-4H-chromen-2-ol,,No,,36.2,,,No,C15H11N3O4,,,593.141635933346,,,
"ethyl 4-[2-[[7-(4-methoxyphenyl)-5,6-dihydroimidazo[2,1-c][1,2,4]triazol-3-yl]sulfanyl]acetyl]piperazine-1-carboxylate",,No,,34.5,"ethyl 4-[2-[[7-(4-methoxyphenyl)-5,6-dihydroimidazo[2,1-c][1,2,4]triazol-3-yl]sulfanyl]acetyl]piperazine-1-carboxylate",,No,C20H26N6O4S,,,445.167887308116,,QJVWUFWBAMXLBC-UHFFFAOYSA-N,
"5-benzyl-7-(2,3-dihydroindole-1-carbonyl)-2-phenylpyrazolo[4,3-c]pyridin-3-one",,No,,34.5,"5-benzyl-7-(2,3-dihydroindole-1-carbonyl)-2-phenylpyrazolo[4,3-c]pyridin-3-one",,No,C28H22N4O2,,,445.167887308116,,YFWMQNJTLSVLTA-UHFFFAOYSA-N,
Hydroquinidine 4-chlorobenzoate,,No,,31,"[(S)-[(2R,4S,5S)-5-ethyl-1-azabicyclo[2.2.2]octan-2-yl]-(6-methoxyquinolin-4-yl)methyl] 4-chlorobenzoate",,No,C27H29ClN2O3,,,445.167887308116,,TXVNNFDXQZFMBQ-XHYUFEOFSA-N,
Carbazole-2-acetamide,,,,2-(9H-carbazol-2-yl)acetamide,C1=CC=C2C(=C1)C3=C(N2)C=C(C=C3)CC(=O)N,FXYYHFHQOYZNNW-UHFFFAOYSA-N,Small molecule,No,,,No,,No,
Imafen hydrochloride,,,,"5-phenyl-2,3,5,6-tetrahydro-1H-imidazo[1,2-a]imidazole;hydrochloride",C1CN2C(CN=C2N1)C3=CC=CC=C3.Cl,OGFIMJLYLLFOPU-UHFFFAOYSA-N,Small molecule,No,-1.0,,No,,No,
(4E)-4-[(5-Methyl-2-pyridinyl)imino]-3-nitro-4H-chromen-2-ol,,No,,36.2,,,No,C15H11N3O4,,,593.141635933346,,,
Euchrenone B4,,No,,52.9,"5,7-dihydroxy-3-(6-methoxy-1,3-benzodioxol-5-yl)-6,8-bis(3-methylbut-2-enyl)chromen-4-one",,No,C27H28O7,,,445.167887308116,,HEWXGYZXVVKVLP-UHFFFAOYSA-N,
Bis(triphenylsilyl) dihydrogen orthosilicate,,No,,30,,,No,C36H32O4Si3,,,593.141635933346,,,
(4E)-4-[(4-Methyl-2-pyridinyl)imino]-3-nitro-4H-chromen-2-ol,,No,,36.2,,,No,C15H11N3O4,,,593.141635933346,,,
"2-(3-Amino-2-methyl-5-nitrophenyl)-1H-isoindole-1,3(2H)-dione",,No,,36.2,,,No,C15H11N3O4,,,593.141635933346,,,
4-[(6-Methyl-2-pyridinyl)amino]-3-nitro-2H-chromen-2-one,,No,,36.2,,,No,C15H11N3O4,,,593.141635933346,,,
(4E)-4-[(3-Methyl-2-pyridinyl)imino]-3-nitro-4H-chromen-2-ol,,No,,36.2,,,No,C15H11N3O4,,,593.141635933346,,,
ethyl 2-[2-[2-(4-fluorophenyl)benzimidazol-1-yl]ethylcarbamoylamino]acetate,,No,,35.2,,,No,C20H21FN4O3,,,365.140403635614,,,
4-[(3-Methyl-2-pyridinyl)amino]-3-nitro-2H-chromen-2-one,,No,,36.2,,,No,C15H11N3O4,,,593.141635933346,,,
4-[(5-Methyl-2-pyridinyl)amino]-3-nitro-2H-chromen-2-one,,No,,36.2,,,No,C15H11N3O4,,,593.141635933346,,,
3-[4-(2-fluorobenzoyl)piperazin-1-yl]-1-methylquinoxalin-2-one,,No,,35.2,,,No,C20H19FN4O2,,,365.140403635614,,,
"2-[3-[3-(4-fluorophenyl)-1,2,4-oxadiazol-5-yl]-2-oxopyridin-1-yl]-N-(3-methylbutyl)acetamide",,No,,35.2,,,No,C20H21FN4O3,,,365.140403635614,,,
N-[(2-fluorophenyl)methyl]-4-morpholin-4-ylquinazoline-2-carboxamide,,No,,35.2,,,No,C20H19FN4O2,,,365.140403635614,,,
"1-[2-[5-[(2-fluorophenoxy)methyl]-1,2,4-oxadiazol-3-yl]ethyl]-1-methyl-3-(2-methylphenyl)urea",,No,,35.2,,,No,C20H21FN4O3,,,365.140403635614,,,
"N-(2-fluorophenyl)-2-[3-(2-methylphenyl)-1,2,4-oxadiazol-5-yl]pyrrolidine-1-carboxamide",,No,,35.2,,,No,C20H19FN4O2,,,365.140403635614,,,
Eremopetasitenin B2,,No,,35.9,"[3,4,13-trimethyl-5-[(Z)-3-methylsulfanylprop-2-enoyl]oxy-12-oxo-11,14-dioxatetracyclo[8.3.1.01,10.03,8]tetradecan-2-yl] (E)-2-methylbut-2-enoate",,No,C24H32O7S,ChEBI,,445.167887308116,,DDMWYCBISCBTIJ-PCGFSOLGSA-N,
2-(2-oxo-4-phenylquinazolin-1-yl)-N-(2-pyridin-2-ylethyl)acetamide,,No,,35.4,,,No,C23H20N4O2,,,365.140403635614,,,
"1-[2-[5-[(4-fluorophenoxy)methyl]-1,2,4-oxadiazol-3-yl]ethyl]-1-methyl-3-(4-methylphenyl)urea",,No,,35.2,,,No,C20H21FN4O3,,,365.140403635614,,,
"2-[3-(3-fluorophenyl)-1,2,4-oxadiazol-5-yl]-N-(3-methylphenyl)pyrrolidine-1-carboxamide",,No,,35.2,,,No,C20H19FN4O2,,,365.140403635614,,,
Eremosulphoxinolide A,,No,,35.9,"[3,4a,5-trimethyl-6-[(E)-3-methylsulfinylprop-2-enoyl]oxy-2-oxo-4,5,6,7,8,8a,9,9a-octahydrobenzo[f][1]benzofuran-4-yl] (E)-2-methylbut-2-enoate",,No,C24H32O7S,,,445.167887308116,,VIUDBOBKMBZVGZ-DTICODAZSA-N,
Pumilaisoflavone B,,No,,34.1,"6-[3,5-dimethoxy-4-(2-methylbut-3-en-2-yloxy)phenyl]-4-hydroxy-2-prop-1-en-2-yl-2,3-dihydrofuro[3,2-g]chromen-5-one",,No,C27H28O7,ChEBI,,445.167887308116,,XUNJCHOQUWRGCB-UHFFFAOYSA-N,
"1-(3,4-dihydro-2H-quinolin-1-yl)-2-[2-(3-phenyl-1,2,4-oxadiazol-5-yl)pyrrol-1-yl]ethanone",,No,,35.4,,,No,C23H20N4O2,,,365.140403635614,,,
"2-(7-fluoro-4-oxopyrrolo[1,2-a]quinoxalin-5-yl)-N-[3-(2-oxopyrrolidin-1-yl)propyl]acetamide",,No,,35.2,,,No,C20H21FN4O3,,,365.140403635614,,,
"5-(4-pyridyl)-6-(4-fluorophenyl)-2,3-dihydroimidazo(2,1-b)-thiazole",,,,"6-(4-fluorophenyl)-5-pyridin-4-yl-2,3-dihydroimidazo[2,1-b][1,3]thiazole",C1CSC2=NC(=C(N21)C3=CC=NC=C3)C4=CC=C(C=C4)F,YOELZIQOLWZLQC-UHFFFAOYSA-N,Small molecule,No,,,No,,No,
"2,4-Dimethyl-8,9-dinitrobenzo[h]quinoline",,No,,36.2,"2,4-dimethyl-8,9-dinitrobenzo[h]quinoline",,No,C15H11N3O4,,,593.141635933346,,MPZZLSZZAKYOBI-UHFFFAOYSA-N,
1-(3-fluorophenyl)-3-[3-oxo-4-(4-propan-2-ylphenyl)pyrazin-2-yl]urea,,No,,35.2,,,No,C20H19FN4O2,,,365.140403635614,,,
Hexaphenylcyclotrisiloxane,,No,,30,"2,2,4,4,6,6-hexakis-phenyl-1,3,5,2,4,6-trioxatrisilinane",,No,C36H30O3Si3,,,593.141635933346,,VCYDUTCMKSROID-UHFFFAOYSA-N,
"2-(2-fluorophenyl)-1-[(3R,4R)-3-methyl-4-(3-pyridin-3-yl-1,2,4-oxadiazol-5-yl)pyrrolidin-1-yl]ethanone",,No,,35.2,,,No,C20H19FN4O2,,,365.140403635614,,,
1-(4-fluorophenyl)-3-[3-oxo-4-(4-propan-2-ylphenyl)pyrazin-2-yl]urea,,No,,35.2,,,No,C20H19FN4O2,,,365.140403635614,,,
N-(2-fluorophenyl)-4-(4-oxoquinazolin-3-yl)piperidine-1-carboxamide,,No,,35.2,,,No,C20H19FN4O2,,,365.140403635614,,,
"4-[5-[3-(dimethylamino)phenyl]-1,2,4-oxadiazol-3-yl]-1-(4-fluorophenyl)pyrrolidin-2-one",,No,,35.2,,,No,C20H19FN4O2,,,365.140403635614,,,
"3-butan-2-yl-1-[2-[5-[(4-chlorophenoxy)methyl]-1,2,4-oxadiazol-3-yl]ethyl]-1-methylurea",,No,,31.5,,,No,C17H23ClN4O3,,,365.140403635614,,,
4-(6-fluoro-4-oxoquinazolin-3-yl)-N-phenylpiperidine-1-carboxamide,,No,,35.2,,,No,C20H19FN4O2,,,365.140403635614,,,
"4-[5-[4-(dimethylamino)phenyl]-1,2,4-oxadiazol-3-yl]-1-(4-fluorophenyl)pyrrolidin-2-one",,No,,35.2,,,No,C20H19FN4O2,,,365.140403635614,,,
"1-(azepan-1-yl)-2-[[3-(4-fluorophenyl)-6-methyl-[1,2]oxazolo[5,4-d]pyrimidin-4-yl]oxy]ethanone",,No,,35.2,,,No,C20H21FN4O3,,,365.140403635614,,,
"N-(4-fluorophenyl)-2-[3-(3-methylphenyl)-1,2,4-oxadiazol-5-yl]pyrrolidine-1-carboxamide",,No,,35.2,"N-(4-fluorophenyl)-2-[3-(3-methylphenyl)-1,2,4-oxadiazol-5-yl]pyrrolidine-1-carboxamide",,No,C20H19FN4O2,,,365.140403635614,,GCBANWUWCHEIBU-UHFFFAOYSA-N,
"N-(2-fluorophenyl)-2-[3-(3-methylphenyl)-1,2,4-oxadiazol-5-yl]pyrrolidine-1-carboxamide",,No,,35.2,"N-(2-fluorophenyl)-2-[3-(3-methylphenyl)-1,2,4-oxadiazol-5-yl]pyrrolidine-1-carboxamide",,No,C20H19FN4O2,,,365.140403635614,,UQWKEUHJAUMJPV-UHFFFAOYSA-N,
4-(7-fluoro-4-oxoquinazolin-3-yl)-N-phenylpiperidine-1-carboxamide,,No,,35.2,,,No,C20H19FN4O2,,,365.140403635614,,,
"2-[3-(3-fluorophenyl)-1,2,4-oxadiazol-5-yl]-N-(4-methylphenyl)pyrrolidine-1-carboxamide",,No,,35.2,"2-[3-(3-fluorophenyl)-1,2,4-oxadiazol-5-yl]-N-(4-methylphenyl)pyrrolidine-1-carboxamide",,No,C20H19FN4O2,,,365.140403635614,,OLSIOMOXZHYUIM-UHFFFAOYSA-N,
"1-[4-(3,5-dimethylphenyl)-3-oxopyrazin-2-yl]-3-(3-fluoro-4-methylphenyl)urea",,No,,35.2,,,No,C20H19FN4O2,,,365.140403635614,,,
"2-fluoro-N-[1-(3-pyridin-4-yl-1,2,4-oxadiazol-5-yl)cyclohexyl]benzamide",,No,,35.2,,,No,C20H19FN4O2,,,365.140403635614,,,
4-[2-(butan-2-ylamino)-2-oxoethyl]-N-(4-chlorophenyl)-3-oxopiperazine-1-carboxamide,,No,,31.5,,,No,C17H23ClN4O3,,,365.140403635614,,,
"N-cyclohexyl-2-[[3-(3-fluorophenyl)-6-methyl-[1,2]oxazolo[5,4-d]pyrimidin-4-yl]oxy]acetamide",,No,,35.2,,,No,C20H21FN4O3,,,365.140403635614,,,
"N-(3-fluorophenyl)-2-[3-(3-methylphenyl)-1,2,4-oxadiazol-5-yl]pyrrolidine-1-carboxamide",,No,,35.2,"N-(3-fluorophenyl)-2-[3-(3-methylphenyl)-1,2,4-oxadiazol-5-yl]pyrrolidine-1-carboxamide",,No,C20H19FN4O2,,,365.140403635614,,OUTPCYODHBZHGN-UHFFFAOYSA-N,
"N-cyclopentyl-2-[2-(4-fluorophenyl)-3-(hydroxymethyl)-4-oxopyrazolo[1,5-a]pyrazin-5-yl]acetamide",,No,,35.2,,,No,C20H21FN4O3,,,365.140403635614,,,
"N-(2-fluorophenyl)-N-methyl-2-(4-oxo-6,7,8,9-tetrahydropyrimido[4,5-b]quinolin-3-yl)acetamide",,No,,35.2,,,No,C20H19FN4O2,,,365.140403635614,,,
"N-(2,3-dihydro-1H-inden-5-yl)-2-[2-(3-phenyl-1,2,4-oxadiazol-5-yl)pyrrol-1-yl]acetamide",,No,,35.4,,,No,C23H20N4O2,,,365.140403635614,,,
"N-[(4-fluorophenyl)methyl]-2,6-dimethyl-4-morpholin-4-ylfuro[2,3-d]pyrimidine-5-carboxamide",,No,,35.2,,,No,C20H21FN4O3,,,365.140403635614,,,
"4-[3-[4-(dimethylamino)phenyl]-1,2,4-oxadiazol-5-yl]-1-(4-fluorophenyl)pyrrolidin-2-one",,No,,35.2,"4-[3-[4-(dimethylamino)phenyl]-1,2,4-oxadiazol-5-yl]-1-(4-fluorophenyl)pyrrolidin-2-one",,No,C20H19FN4O2,,,365.140403635614,,POZFRXVFBVGJDO-UHFFFAOYSA-N,
"(6S,7S)-13,14-Dimethoxy-6,7-dimethyl-5,6,7,8-tetrahydro[1,3]benzodioxolo[5′,6′:3,4]cycloocta[1,2-f][1,3]benzodioxole",,No,,35.3,,,No,C22H24O6,,,365.140403635614,,,
443027,,No,,35.3,,,No,C22H24O6,,,365.140403635614,,,
"1-(3,4-dihydro-1H-isoquinolin-2-yl)-2-[2-(5-phenyl-1,3,4-oxadiazol-2-yl)pyrrol-1-yl]ethanone",,No,,35.4,,,No,C23H20N4O2,,,365.140403635614,,,
3-[4-(3-fluorobenzoyl)piperazin-1-yl]-1-methylquinoxalin-2-one,,No,,35.2,,,No,C20H19FN4O2,,,365.140403635614,,,
Kaerophyllin,,No,,35.3,,,No,C22H24O6,,,365.140403635614,,,
"3-(3,4-Dimethoxyphenyl)-7-[(3-methylbut-2-en-1-yl)oxy]-4H-chromen-4-one",,No,,35.3,,,No,C22H22O5,,,365.140403635614,,,
N-[4-(4-Biphenylylamino)-6-quinazolinyl]acrylamide,,No,,35.4,,,No,C23H18N4O,,,365.140403635614,,,
"(3aR,4S,5R,6aS)-4-(Methoxymethyl)-2-oxohexahydro-2H-cyclopenta[b]furan-5-yl 4-biphenylcarboxylate",,No,,35.3,,,No,C22H22O5,,,365.140403635614,,,
propyl 3-[(2-pyridin-3-ylquinazolin-4-yl)amino]benzoate,,,,propyl 3-[(2-pyridin-3-ylquinazolin-4-yl)amino]benzoate,CCCOC(=O)C1=CC(=CC=C1)NC2=NC(=NC3=CC=CC=C32)C4=CN=CC=C4,GROCSHUQOZDEOU-UHFFFAOYSA-N,Small molecule,No,,,No,,No,
"3-tert-butyl-1-[2-[5-[(4-chlorophenoxy)methyl]-1,2,4-oxadiazol-3-yl]ethyl]-1-methylurea",,No,,31.5,,,No,C17H23ClN4O3,,,365.140403635614,,,
"7-(2,3-dihydroindole-1-carbonyl)-5-ethyl-2-phenylpyrazolo[4,3-c]pyridin-3-one",,No,,35.4,,,No,C23H20N4O2,,,365.140403635614,,,
millesianin H,,No,,35.3,,,No,C22H22O5,,,365.140403635614,,,
"(1R,6R,8S)-6,8-Bis(benzyloxy)-9-methoxy-2,4,10-trioxatricyclo[3.3.1.1~3,7~]decane",,No,,35.3,,,No,C22H24O6,,,365.140403635614,,,
"ethyl 1-[7-(4-fluoroanilino)-2H-triazolo[4,5-d]pyrimidin-5-yl]piperidine-3-carboxylate",,No,,36.2,"ethyl 1-[7-(4-fluoroanilino)-2H-triazolo[4,5-d]pyrimidin-5-yl]piperidine-3-carboxylate",,No,C18H19FN7O2,,,365.140403635614,,XJJUBFOIFBWZBV-UHFFFAOYSA-N,
"N-[(4-fluorophenyl)methyl]-2-(3-phenyl-1,2,4-oxadiazol-5-yl)pyrrolidine-1-carboxamide",,No,,35.2,"N-[(4-fluorophenyl)methyl]-2-(3-phenyl-1,2,4-oxadiazol-5-yl)pyrrolidine-1-carboxamide",,No,C20H19FN4O2,,,365.140403635614,,JHLJMKSBEGJKAP-UHFFFAOYSA-N,
"10,13-Dimethoxy-3,3-dimethyl-7a,12a-dihydro-3H,7H-[1]benzofuro[3,2-c]pyrano[3,2-g]chromene",,No,,35.3,,,No,C22H22O5,,,365.140403635614,,,
"5-Hydroxy-3-[4-hydroxy-2-methoxy-5-(2-methyl-3-buten-2-yl)phenyl]-7-methoxy-2,3-dihydro-4H-chromen-4-one",,No,,35.3,,,No,C22H24O6,,,365.140403635614,,,
"8-[(1Z)-3-Hydroxy-3-methyl-1-buten-1-yl]-5,7-dimethoxy-2-phenyl-4H-chromen-4-one",,No,,35.3,,,No,C22H22O5,,,365.140403635614,,,
"(4E)-6-{2,6-Dihydroxy-3-[(2E)-3-(4-hydroxyphenyl)-2-propenoyl]phenyl}-4-methyl-4-hexenal",,No,,35.3,,,No,C22H22O5,,,365.140403635614,,,
"(2E)-1-(5-Hydroxy-7-methoxy-2,2-dimethyl-2H-chromen-6-yl)-3-(4-methoxyphenyl)-2-propen-1-one",,No,,35.3,,,No,C22H22O5,,,365.140403635614,,,
"(2E)-1-(7-Hydroxy-5-methoxy-2,2-dimethyl-2H-chromen-8-yl)-3-(4-methoxyphenyl)-2-propen-1-one",,No,,35.3,,,No,C22H22O5,,,365.140403635614,,,
"2-(1,3-Benzodioxol-5-yl)-7-methoxy-8-(3-methyl-2-buten-1-yl)-2,3-dihydro-4H-chromen-4-one",,No,,35.3,,,No,C22H22O5,,,365.140403635614,,,
"(2S)-2-(3,4-Dimethoxyphenyl)-8,8-dimethyl-2,3-dihydro-4H,8H-pyrano[2,3-f]chromen-4-one",,No,,35.3,,,No,C22H22O5,,,365.140403635614,,,
"2-[3,4-Dimethoxy-5-(3-methyl-2-buten-1-yl)phenyl]-5,7-dihydroxy-2,3-dihydro-4H-chromen-4-one",,No,,35.3,,,No,C22H24O6,,,365.140403635614,,,
"(2E)-3-(3,4-Dimethoxyphenyl)-1-(5-hydroxy-2,2-dimethyl-2H-chromen-6-yl)-2-propen-1-one",,No,,35.3,,,No,C22H22O5,,,365.140403635614,,,
"(5S,6S,7R)-4-Methoxy-5-(7-methoxy-1,3-benzodioxol-5-yl)-6,7-dimethyl-5,6,7,8-tetrahydronaphtho[2,3-d][1,3]dioxole",,No,,35.3,,,No,C22H24O6,,,365.140403635614,,,
"(2Z,5R,9S,11S)-14-Formyl-11-isopropenyl-3-methyl-7-oxo-6,16-dioxatricyclo[11.2.1.1~5,8~]heptadeca-1(15),2,8(17),13-tetraen-9-yl acetate",,No,,35.3,,,No,C22H24O6,,,365.140403635614,,,
"(2E,4E,6E,8E)-8-Hydroxy-8-(9-hydroxy-4-methyl-2-oxo-5,6,7,8-tetrahydro-2H-3-benzoxecin-1(4H)-ylidene)-2,4,6-octatrienoic acid",,No,,35.3,,,No,C22H24O6,,,365.140403635614,,,
"5-Hydroxy-7-methoxy-2-{3-methoxy-4-[(3-methyl-2-buten-1-yl)oxy]phenyl}-2,3-dihydro-4H-chromen-4-one",,No,,35.3,,,No,C22H24O6,,,365.140403635614,,,
"(3aR,5R,15aR)-5-Phenyl-4,5,13,14,15,15a-hexahydro-3aH-[1,3]dioxolo[4,5-e][2]benzoxacyclododecine-2,7(12H)-dione",,No,,35.3,,,No,C22H22O5,,,365.140403635614,,,
6-[2-(Benzyloxy)-2-oxoethoxy]-6-oxohexyl benzoate,,No,,35.3,,,No,C22H24O6,,,365.140403635614,,,
"9-{[(2E,5E)-7-Hydroxy-3,7-dimethyl-2,5-octadien-1-yl]oxy}-4-methoxy-7H-furo[3,2-g]chromen-7-one",,No,,35.3,,,No,C22H24O6,,,365.140403635614,,,
"15-Hydroxy-3,16,17-trimethoxytricyclo[12.3.1.1~2,6~]nonadeca-1(18),2(19),3,5,14,16-hexaene-8,9-dione",,No,,35.3,,,No,C22H24O6,,,365.140403635614,,,
"(1R,9R,10S)-6-Hydroxy-10-[(1E)-3-hydroxy-3-methyl-1-buten-1-yl]-16-methyl-2-oxatetracyclo[7.5.3.0~1,10~.0~3,8~]heptadeca-3,5,7,12,16-pentaene-11,14-dione",,No,,35.3,,,No,C22H22O5,,,365.140403635614,,,
"5-Hydroxy-7-(4-methoxybenzyl)-2,2-dimethyl-7,8-dihydro-2H,6H-pyrano[3,2-g]chromen-6-one",,No,,35.3,,,No,C22H22O5,,,365.140403635614,,,
"N-(3-fluorophenyl)-2-[3-(2-methylphenyl)-1,2,4-oxadiazol-5-yl]pyrrolidine-1-carboxamide",,No,,35.2,"N-(3-fluorophenyl)-2-[3-(2-methylphenyl)-1,2,4-oxadiazol-5-yl]pyrrolidine-1-carboxamide",,No,C20H19FN4O2,,,365.140403635614,,SFVMRKHREZPKNL-UHFFFAOYSA-N,
"8,10-Dihydroxy-3-isopropenyl-1-methyl-4a-(3-methyl-2-buten-1-yl)-4,4a-dihydro-11H-pyrano[4,3-c][1]benzoxepine-5,11(3H)-dione",,No,,35.3,,,No,C22H24O6,,,365.140403635614,,,
2-{[6-(Benzyloxy)-6-oxohexyl]oxy}-2-oxoethyl benzoate,,No,,35.3,,,No,C22H24O6,,,365.140403635614,,,
"(2E,7Z)-1-(4-Hydroxy-3-methoxyphenyl)-9-(4-hydroxyphenyl)-2,7-nonadiene-4,6-dione",,No,,35.3,,,No,C22H22O5,,,365.140403635614,,,
Cyclovalone,,No,,35.3,"2,6-bis[(4-hydroxy-3-methoxyphenyl)methylidene]cyclohexan-1-one",,No,C22H22O5,,,365.140403635614,,DHKKONBXGAAFTB-UHFFFAOYSA-N,
"3-[2,4-Dihydroxy-3-(3-methyl-2-buten-1-yl)phenyl]-7-hydroxy-5-methoxy-8-chromanecarbaldehyde",,No,,35.3,,,No,C22H24O6,,,365.140403635614,,,
"7-Hydroxy-2-[6-hydroxy-2,4-dimethoxy-3-(3-methyl-2-buten-1-yl)phenyl]-2,3-dihydro-4H-chromen-4-one",,No,,35.3,,,No,C22H24O6,,,365.140403635614,,,
wuweizisu C,,,,"(12R,13S)-3,22-dimethoxy-12,13-dimethyl-5,7,18,20-tetraoxapentacyclo[13.7.0.02,10.04,8.017,21]docosa-1(22),2,4(8),9,15,17(21)-hexaene",C[C@@H]1CC2=CC3=C(C(=C2C4=C(C5=C(C=C4C[C@@H]1C)OCO5)OC)OC)OCO3,HTBWBWWADZJXID-TXEJJXNPSA-N,Small molecule,Yes,,,No,,No,
"5,5′-[(2-Ethoxytetrahydrofuran-3,4-diyl)bis(methylene)]bis(1,3-benzodioxole)",,No,,35.3,,,No,C22H24O6,,,365.140403635614,,,
"1-[(6aR,12aR)-2,4,9-Trihydroxy-3,6a,8-trimethyl-12,12a-dihydro-5H,6aH-isochromeno[3,4-b]chromen-11-yl]acetone",,No,,35.3,,,No,C22H24O6,,,365.140403635614,,,
"N-{(Z)-Amino[2-(4-methylphenyl)-7-oxo-6,7-dihydro-8(5H)-quinazolinylidene]methyl}benzamide",,No,,35.4,,,No,C23H20N4O2,,,365.140403635614,,,
"(2E)-1-(5,7-Dihydroxy-2,2,6-trimethyl-2H-chromen-8-yl)-3-(4-methoxyphenyl)-2-propen-1-one",,No,,35.3,,,No,C22H22O5,,,365.140403635614,,,
"8-({5-[3-(1H-Indol-3-yl)propyl]-1,3,4-oxadiazol-2-yl}methoxy)quinoline",,No,,35.4,,,No,C23H20N4O2,,,365.140403635614,,,
1-(2-Porphyrinyl)acetone,,No,,35.4,,,No,C23H18N4O,,,365.140403635614,,,
"(1R,2R,3S,4R,5R)-2,3-Bis(benzyloxy)-6,8-dioxabicyclo[3.2.1]oct-4-yl acetate (non-preferred name)",,No,,35.3,,,No,C22H24O6,,,365.140403635614,,,
"5-Isopropyl-2,3-porphyrindiol",,No,,35.4,,,No,C23H20N4O2,,,365.140403635614,,,
"Methyl 2-deoxy-3,5-bis-O-(4-methylbenzoyl)-D-erythro-pentofuranoside",,No,,35.3,,,No,C22H24O6,,,365.140403635614,,,
N-Ethyl-2-{[4-(4-nitrophenyl)-1-piperazinyl]acetyl}hydrazinecarbothioamide,,No,,35.9,,,No,C15H22N6O3S,,,365.140403635614,,,
Schisandrin C,,,,"(12R,13S)-3,22-dimethoxy-12,13-dimethyl-5,7,18,20-tetraoxapentacyclo[13.7.0.02,10.04,8.017,21]docosa-1(22),2,4(8),9,15,17(21)-hexaene",C[C@@H]1CC2=CC3=C(C(=C2C4=C(C5=C(C=C4C[C@@H]1C)OCO5)OC)OC)OCO3,HTBWBWWADZJXID-TXEJJXNPSA-N,Small molecule,Yes,,,No,,No,
"1-(2,4,9-Trihydroxy-3,6a,8-trimethyl-12,12a-dihydro-5H,6aH-isochromeno[3,4-b]chromen-11-yl)acetone",,No,,35.3,,,No,C22H24O6,,,365.140403635614,,,
"11-(4-Ethoxyphenyl)-8,10-dimethyl-6,8-dihydro-5H-benzo[f]pyrazolo[3,4-b][1,8]naphthyridin-5-one",,No,,35.4,,,No,C23H20N4O2,,,365.140403635614,,,
"(2Z)-1-(5,7-Dimethoxy-2,2-dimethyl-2H-chromen-6-yl)-3-hydroxy-3-phenyl-2-propen-1-one",,No,,35.3,,,No,C22H22O5,,,365.140403635614,,,
8-Methoxy-3-(4-methoxyphenyl)-7-[(3-methyl-2-buten-1-yl)oxy]-4H-chromen-4-one,,No,,35.3,,,No,C22H22O5,,,365.140403635614,,,
"5-Methoxy-2-(4-methoxyphenyl)-8,8-dimethyl-2,3-dihydro-4H,8H-pyrano[2,3-f]chromen-4-one",,No,,35.3,,,No,C22H22O5,,,365.140403635614,,,
"(2Z,3Z)-2,3-Bis(4-hydroxy-3-methoxybenzylidene)cyclohexanone",,No,,35.3,,,No,C22H22O5,,,365.140403635614,,,
Xanthanthusin K,,No,,35.3,,,No,C22H24O6,,,365.140403635614,,,
4-[4-Fluoro-3-(1-piperazinylcarbonyl)benzyl]-1(2H)-phthalazinone,,No,,35.2,,,No,C20H19FN4O2,,,365.140403635614,,,
"1-[(E)-Benzylideneamino]-4-(4-isopropylphenyl)-2-oxo-1,2-dihydro-3,5-pyridinedicarbonitrile",,No,,35.4,,,No,C23H18N4O,,,365.140403635614,,,
"(2E)-1-(4-Hydroxy-3-methoxyphenyl)-3-(5-methoxy-2,2-dimethyl-2H-chromen-6-yl)-2-propen-1-one",,No,,35.3,,,No,C22H22O5,,,365.140403635614,,,
"(2S)-5-Methoxy-2-(4-methoxyphenyl)-8,8-dimethyl-2,3-dihydro-4H,8H-pyrano[2,3-f]chromen-4-one",,No,,35.3,"(2S)-5-methoxy-2-(4-methoxyphenyl)-8,8-dimethyl-2,3-dihydropyrano[2,3-h]chromen-4-one",,No,C22H22O5,ChEBI,,365.140403635614,,BIVJHZMNOBBBLR-KRWDZBQOSA-N,
Benzyl acetoacetate,,No,,35.3,,,No,C22H24O6,,,365.140403635614,,,
12-Dehydroporson,,No,,35.3,,,No,C22H24O6,,,365.140403635614,,,
flavipesin A,,No,,35.3,propyl (2R)-2-benzyl-4-hydroxy-5-oxo-3-phenylfuran-2-carboxylate,,No,C22H22O5,,,365.140403635614,,BIABXOXBQYCKHQ-OAQYLSRUSA-N,
(5E)-1-(1H-Benzimidazol-2-yl)-5-benzylidene-2-phenyl-4-imidazolidinone,,No,,35.4,,,No,C23H18N4O,,,365.140403635614,,,
"Dimethyl 2-benzoyl-2-ethyl-3-phenylcyclopropane-1,1-dicarboxylate",,No,,35.3,"dimethyl 2-benzoyl-2-ethyl-3-phenylcyclopropane-1,1-dicarboxylate",,No,C22H22O5,,,365.140403635614,,BCRUWMIPXZQEIT-UHFFFAOYSA-N,
Glychalcone A,,No,,35.3,,,No,C22H22O5,,,365.140403635614,,,
Antiarone F,,,,"2-[3,4-dimethoxy-2-(3-methylbut-2-enyl)phenyl]-5,7-dihydroxy-2,3-dihydrochromen-4-one",CC(=CCC1=C(C=CC(=C1OC)OC)C2CC(=O)C3=C(C=C(C=C3O2)O)O)C,AUNLUWJOQFJDDA-UHFFFAOYSA-N,Small molecule,Yes,,,No,,No,
trans-Tephrostachin,,No,,35.3,"8-[(E)-3-hydroxy-3-methylbut-1-enyl]-5,7-dimethoxy-2-phenylchromen-4-one",,No,C22H22O5,,,365.140403635614,,CYPXFTCVCNFZNY-ZHACJKMWSA-N,
Ponganone III,,No,,35.3,,,No,C22H22O5,,,365.140403635614,,,
"6'',6''-Dimethylpyrano[2'',3'':6',5']-2'-hydroxy-4,4'-dimethoxychalcone",,No,,35.3,,,No,C22H22O5,,,365.140403635614,,,
Praecansone B,,No,,35.3,,,No,C22H22O5,,,365.140403635614,,,
O-Methylovaliflavanone C,,No,,35.3,,,No,C22H22O5,,,365.140403635614,,,
"N-(1-methyl-2-oxo-3H-indol-5-yl)-1,2-oxazole-5-carboxamide",,No,,35.9,,,No,C13H11N3O3,,,513.1553694716,,,
"(1aR,3S,3aR,6R,6aR,7S,7aS,8R,9R,10S,11R,11aS,12R,12aS)-3-Chloro-6a,12-dihydroxy-6,8,11a-trimethyl-2-methylene-5-oxohexadecahydro-10,11-epoxybenzo[4,5]oxireno[7,8]cyclodeca[1,2-b]furan-7,9-diyl diacetate",,No,,30.4,,,No,C24H31ClO10,,,513.1553694716,,,
Glicoisoflavanone,,No,,35.3,"(3R)-7-hydroxy-3-[6-hydroxy-2,4-dimethoxy-3-(3-methylbut-2-enyl)phenyl]-2,3-dihydrochromen-4-one",,No,C22H24O6,,,365.140403635614,,XASPXQLTENPECQ-INIZCTEOSA-N,
Curcumin II,"Demethoxycurcumin is a beta-diketone that is curcumin in which one of the methoxy groups is replaced by hydrogen. It is found in Curcuma zedoaria and Etlingera elatior. It has a role as a metabolite, an antineoplastic agent and an anti-inflammatory agent. It is a polyphenol, an enone, a beta-diketone and a diarylheptanoid.",,ChEBI,"(1E,6E)-1-(4-hydroxy-3-methoxyphenyl)-7-(4-hydroxyphenyl)hepta-1,6-diene-3,5-dione",COC1=C(C=CC(=C1)/C=C/C(=O)CC(=O)/C=C/C2=CC=C(C=C2)O)O,HJTVQHVGMGKONQ-LUZURFALSA-N,Small molecule,Yes,,,No,,No,
MECLOFENOXATE,,No,,32.6,,,No,C12H16ClNO3,,,513.1553694716,,,
Glyflavanone A,,No,,35.3,"(2S)-5-methoxy-2-(4-methoxyphenyl)-8,8-dimethyl-2,3-dihydropyrano[2,3-h]chromen-4-one",,No,C22H22O5,,,365.140403635614,,BIVJHZMNOBBBLR-KRWDZBQOSA-N,
"4-Hydroxy-1-methyl-3-(5-oxo-4,5-dihydro-1H-pyrazol-3-yl)-2(1H)-quinolinone",,No,,35.9,,,No,C13H11N3O3,,,513.1553694716,,,
Brackenin,,No,,34.1,,,No,C30H26O8,,,513.1553694716,,,
4-Nitro-2-[(E)-(phenylhydrazono)methyl]phenol,,No,,35.9,,,No,C13H11N3O3,,,513.1553694716,,,
4-Hydroxybenzaldehyde (4-nitrophenyl)hydrazone,,No,,35.9,,,No,C13H11N3O3,,,513.1553694716,,,
O-Ethylcubebin,,No,,35.3,"5-[[4-(1,3-benzodioxol-5-ylmethyl)-2-ethoxyoxolan-3-yl]methyl]-1,3-benzodioxole",,No,C22H24O6,,,365.140403635614,,DPOGOONVHHNDDP-UHFFFAOYSA-N,
Echinoisosophoranone,,No,,35.3,"5-hydroxy-3-[4-hydroxy-2-methoxy-5-(2-methylbut-3-en-2-yl)phenyl]-7-methoxy-2,3-dihydrochromen-4-one",,No,C22H24O6,,,365.140403635614,,IVDADZLYWFNWFZ-UHFFFAOYSA-N,
5-[(4-Aminophenyl)diazenyl]-2-hydroxybenzoic acid,,No,,35.9,,,No,C13H11N3O3,,,513.1553694716,,,
Kanzonol N,,No,,35.3,"3-[2,4-dihydroxy-3-(3-methylbut-2-enyl)phenyl]-7-hydroxy-5-methoxy-3,4-dihydro-2H-chromene-8-carbaldehyde",,No,C22H24O6,,,365.140403635614,,ANRYVYXUTFJPOR-UHFFFAOYSA-N,
Xanthoangelol C,,No,,35.3,"(E)-6-[2,6-dihydroxy-3-[(E)-3-(4-hydroxyphenyl)prop-2-enoyl]phenyl]-4-methylhex-4-enal",,No,C22H22O5,,,365.140403635614,,SXDGLCCGJJGJRY-FEUCYYSJSA-N,
Edulenane,,No,,35.3,"6,21-dimethoxy-17,17-dimethyl-3,12,16-trioxapentacyclo[11.8.0.02,10.04,9.015,20]henicosa-1(13),4(9),5,7,14,18,20-heptaene",,No,C22H22O5,,,365.140403635614,,NURXAZUGLCCIRI-UHFFFAOYSA-N,
"7-Prenyloxy-3',4'-dimethoxyisoflavone",,,,"3-(3,4-dimethoxyphenyl)-7-(3-methylbut-2-enoxy)chromen-4-one",CC(=CCOC1=CC2=C(C=C1)C(=O)C(=CO2)C3=CC(=C(C=C3)OC)OC)C,HSZOZDPOYZAYTH-UHFFFAOYSA-N,Small molecule,Yes,,,No,,No,
cis-Tephrostachin,,No,,35.3,"8-[(Z)-3-hydroxy-3-methylbut-1-enyl]-5,7-dimethoxy-2-phenylchromen-4-one",,No,C22H22O5,,,365.140403635614,,CYPXFTCVCNFZNY-KHPPLWFESA-N,
"N′-[(E)-(2,4-Dihydroxyphenyl)methylene]isonicotinohydrazide",,No,,35.9,,,No,C13H11N3O3,,,513.1553694716,,,
1-(3-Nitrophenyl)-3-phenylurea,,No,,35.9,,,No,C13H11N3O3,,,513.1553694716,,,
N-Hydroxy-4-nitro-N′-phenylbenzenecarboximidamide,,No,,35.9,,,No,C13H11N3O3,,,513.1553694716,,,
N-(4-Aminophenyl)-4-nitrobenzamide,,No,,35.9,,,No,C13H11N3O3,,,513.1553694716,,,
"3,4-Dimethoxylonchocarpin",,,,"(E)-3-(3,4-dimethoxyphenyl)-1-(5-hydroxy-2,2-dimethylchromen-6-yl)prop-2-en-1-one",CC1(C=CC2=C(O1)C=CC(=C2O)C(=O)/C=C/C3=CC(=C(C=C3)OC)OC)C,NPDBZFZFFJSOFA-VMPITWQZSA-N,Small molecule,Yes,,,No,,No,
"10-(3-Acetyl-2,4,6-trihydroxy-5-methylbenzyl)-5-hydroxy-8-(4-hydroxyphenyl)-2,2-dimethyl-7,8-dihydro-2H,6H-pyrano[3,2-g]chromen-6-one",,No,,34.1,,,No,C30H28O9,,,513.1553694716,,,
"5,7-Dihydroxy-3',4'-dimethoxy-5'-prenylflavanone",,No,,35.3,"2-[3,4-dimethoxy-5-(3-methylbut-2-enyl)phenyl]-5,7-dihydroxy-2,3-dihydrochromen-4-one",,No,C22H24O6,ChEBI,,365.140403635614,,LMJYCCOYYJEVOW-UHFFFAOYSA-N,
"Eriodictyol 7,3'-dimethyl ether 4'-prenyl ether",,No,,35.3,"5-hydroxy-7-methoxy-2-[3-methoxy-4-(3-methylbut-2-enoxy)phenyl]-2,3-dihydrochromen-4-one",,No,C22H24O6,,,365.140403635614,,QWIIYBSNKMRSLQ-UHFFFAOYSA-N,
"(2E)-1-[6-(3-Acetyl-2,4,6-trihydroxy-5-methylbenzyl)-5,7-dihydroxy-2,2-dimethyl-2H-chromen-8-yl]-3-(4-hydroxyphenyl)-2-propen-1-one",,No,,34.1,,,No,C30H28O9,,,513.1553694716,,,
3-{[4-(Hydroxymethyl)phenoxy]methyl}benzoate,,No,,36.3,,,No,C15H13O4-,,,513.1553694716,,,
2-(3-Formyl-2-hydroxyphenyl)isonicotinohydrazide,,No,,35.9,,,No,C13H11N3O3,,,513.1553694716,,,
"5-ethyl-4-oxopyrazolo[1,5-a]quinoxaline-7-carboxylic acid",,No,,35.9,"5-ethyl-4-oxopyrazolo[1,5-a]quinoxaline-7-carboxylic acid",,No,C13H11N3O3,,,513.1553694716,,UYJGUWSEUAZEDP-UHFFFAOYSA-N,
(E)-N-(6-Methoxy-3-pyridinyl)-1-(4-nitrophenyl)methanimine,,No,,35.9,,,No,C13H11N3O3,,,513.1553694716,,,
"5-(1H-Indol-3-ylmethyl)-2,4,6(1H,3H,5H)-pyrimidinetrione",,No,,35.9,,,No,C13H11N3O3,,,513.1553694716,,,
2-{[(E)-(4-Aminophenyl)diazenyl]oxy}benzoic acid,,No,,35.9,,,No,C13H11N3O3,,,513.1553694716,,,
2-[(1E)-3-Hydroxy-3-phenyl-1-triazen-1-yl]benzoic acid,,No,,35.9,,,No,C13H11N3O3,,,513.1553694716,,,
1-(3-Nitrophenyl)-1-phenylurea,,No,,35.9,,,No,C13H11N3O3,,,513.1553694716,,,
"4-(1H-Indol-2-ylcarbonyl)-2,6-piperazinedione",,No,,35.9,,,No,C13H11N3O3,,,513.1553694716,,,
2-[(2Z)-3-Oxido-3-phenyl-3λ~5~-2-triazen-1-yl]benzoic acid,,No,,35.9,,,No,C13H11N3O3,,,513.1553694716,,,
"2-(3-Ethoxy[1,2]oxazolo[3,4-d]pyrimidin-6-yl)phenol",,No,,35.9,,,No,C13H11N3O3,,,513.1553694716,,,
"1-(2-Cyanoethyl)-4-hydroxy-2-oxo-1,2-dihydro-3-quinolinecarboxamide",,No,,35.9,,,No,C13H11N3O3,,,513.1553694716,,,
2-(4-Chlorophenoxy)-4-(dimethylamino)butanoic acid,,No,,32.6,,,No,C12H16ClNO3,,,513.1553694716,,,
2-(Azidomethyl)-5-(benzyloxy)-4H-pyran-4-one,,No,,35.9,,,No,C13H11N3O3,,,513.1553694716,,,
2-Hydroxy-5-methyl-4′-nitroazobenzene,,No,,35.9,4-methyl-2-[(4-nitrophenyl)diazenyl]phenol,,No,C13H11N3O3,,,513.1553694716,,MRVCDXLZJHUNGI-UHFFFAOYSA-N,
2-((o-Nitrophenyl)azo)-p-cresol,,No,,35.9,4-methyl-2-[(2-nitrophenyl)diazenyl]phenol,,No,C13H11N3O3,,,513.1553694716,,DRPPFIRCBMBJCM-UHFFFAOYSA-N,
1-[Bis(2-methyl-2-propanyl)phosphino]-1′-(diphenylphosphino)ferrocene,,No,,19.8,,,No,C30H36FeP2,,,513.1553694716,,,
"N′-[(E)-(2,6-Dihydroxyphenyl)methylene]nicotinohydrazide",,No,,35.9,,,No,C13H11N3O3,,,513.1553694716,,,
"Ethyl (2Z)-cyano(3-oxo-3,4-dihydro-2(1H)-quinoxalinylidene)acetate",,No,,35.9,,,No,C13H11N3O3,,,513.1553694716,,,
(Dimethylamino)ethyl p-chlorophenoxyacetate,,,,2-(dimethylamino)ethyl 2-(4-chlorophenoxy)acetate,CN(C)CCOC(=O)COC1=CC=C(C=C1)Cl,XZTYGFHCIAKPGJ-UHFFFAOYSA-N,Small molecule,Yes,2.0,,No,,No,
"9-Benzoyl-8-hydroxy-2-imino-1,3,6-triphenyl-1,3,6-triazaspiro[4.4]non-8-ene-4,7-dione",,No,,33.3,,,No,C31H22N4O4,,,513.1553694716,,,
"4-Amino-1-[2-fluoro-4,5-dihydroxy-3-(hydroxymethyl)-2-cyclopenten-1-yl]-2(1H)-pyrimidinone",,No,,37.4,,,No,C10H12FN3O4,,,513.1553694716,,,
iso-Gemichalcone C,,No,,34.1,,,No,C30H28O9,,,513.1553694716,,,
"N,N-diethyl-2,4-dinitro-5-fluoroaniline",,No,,37.4,,,No,C10H12FN3O4,,,513.1553694716,,,
Isogemichalcone C,,No,,34.1,,,No,C30H28O9,,,513.1553694716,,,
Gneafricanin F,,No,,34.1,,,No,C30H26O8,,,513.1553694716,,,
HYDROCOTARNINE HYDROCHLORIDE ANHYDROUS,,No,,32.6,"4-methoxy-6-methyl-7,8-dihydro-5H-[1,3]dioxolo[4,5-g]isoquinoline;hydrochloride",,No,C12H15ClNO3,ChEBI,,513.1553694716,,RIRUUBOQEZYITM-UHFFFAOYSA-N,
tezacitabine,,,,"4-amino-1-[(2R,3E,4S,5R)-3-(fluoromethylidene)-4-hydroxy-5-(hydroxymethyl)oxolan-2-yl]pyrimidin-2-one",C1=CN(C(=O)N=C1N)[C@H]2/C(=C/F)/[C@@H]([C@H](O2)CO)O,GFFXZLZWLOBBLO-ASKVSEFXSA-N,Small molecule,No,2.0,,No,,No,
asn-gln-thr-ala,Fragmento de peptídeo identificado por sequenciamento.,,Regras Locais (Peptídeo),,,,Oligopeptide,Yes,,,Yes,,Yes,
asn-gly-asp-lys,Fragmento de peptídeo identificado por sequenciamento.,,Regras Locais (Peptídeo),,,,Oligopeptide,Yes,,,Yes,,Yes,
asn-gly-lys-asp,Fragmento de peptídeo identificado por sequenciamento.,,Regras Locais (Peptídeo),,,,Oligopeptide,Yes,,,Yes,,Yes,
asn-lys-asp-gly,Fragmento de peptídeo identificado por sequenciamento.,,Regras Locais (Peptídeo),,,,Oligopeptide,Yes,,,Yes,,Yes,
asn-lys-gly-asp,Fragmento de peptídeo identificado por sequenciamento.,,Regras Locais (Peptídeo),,,,Oligopeptide,Yes,,,Yes,,Yes,
asn-ser-asn-val,Fragmento de peptídeo identificado por sequenciamento.,,Regras Locais (Peptídeo),,,,Oligopeptide,Yes,,,Yes,,Yes,
asn-ser-val-asn,Fragmento de peptídeo identificado por sequenciamento.,,Regras Locais (Peptídeo),,,,Oligopeptide,Yes,,,Yes,,Yes,
asn-thr-ala-gln,Fragmento de peptídeo identificado por sequenciamento.,,Regras Locais (Peptídeo),,,,Oligopeptide,Yes,,,Yes,,Yes,
asn-thr-gln-ala,Fragmento de peptídeo identificado por sequenciamento.,,Regras Locais (Peptídeo),,,,Oligopeptide,Yes,,,Yes,,Yes,
asn-val-asn-ser,Fragmento de peptídeo identificado por sequenciamento.,,Regras Locais (Peptídeo),,,,Oligopeptide,Yes,,,Yes,,Yes,
asn-val-ser-asn,Fragmento de peptídeo identificado por sequenciamento.,,Regras Locais (Peptídeo),,,,Oligopeptide,Yes,,,Yes,,Yes,
asp-asn-gly-lys,Fragmento de peptídeo identificado por sequenciamento.,,Regras Locais (Peptídeo),,,,Oligopeptide,Yes,,,Yes,,Yes,
asp-asn-lys-gly,Fragmento de peptídeo identificado por sequenciamento.,,Regras Locais (Peptídeo),,,,Oligopeptide,Yes,,,Yes,,Yes,
asp-gly-asn-lys,Fragmento de peptídeo identificado por sequenciamento.,,Regras Locais (Peptídeo),,,,Oligopeptide,Yes,,,Yes,,Yes,
asp-gly-lys-asn,Fragmento de peptídeo identificado por sequenciamento.,,Regras Locais (Peptídeo),,,,Oligopeptide,Yes,,,Yes,,Yes,
asp-lys-asn-gly,Fragmento de peptídeo identificado por sequenciamento.,,Regras Locais (Peptídeo),,,,Oligopeptide,Yes,,,Yes,,Yes,
asp-lys-gly-asn,Fragmento de peptídeo identificado por sequenciamento.,,Regras Locais (Peptídeo),,,,Oligopeptide,Yes,,,Yes,,Yes,
gln-ala-asn-thr,Fragmento de peptídeo identificado por sequenciamento.,,Regras Locais (Peptídeo),,,,Oligopeptide,Yes,,,Yes,,Yes,
gln-ala-gln-ser,Fragmento de peptídeo identificado por sequenciamento.,,Regras Locais (Peptídeo),,,,Oligopeptide,Yes,,,Yes,,Yes,
gln-ala-ser-gln,Fragmento de peptídeo identificado por sequenciamento.,,Regras Locais (Peptídeo),,,,Oligopeptide,Yes,,,Yes,,Yes,
gln-ala-thr-asn,Fragmento de peptídeo identificado por sequenciamento.,,Regras Locais (Peptídeo),,,,Oligopeptide,Yes,,,Yes,,Yes,
gln-asn-ala-thr,Fragmento de peptídeo identificado por sequenciamento.,,Regras Locais (Peptídeo),,,,Oligopeptide,Yes,,,Yes,,Yes,
gln-asn-thr-ala,Fragmento de peptídeo identificado por sequenciamento.,,Regras Locais (Peptídeo),,,,Oligopeptide,Yes,,,Yes,,Yes,
gln-gln-ala-ser,Fragmento de peptídeo identificado por sequenciamento.,,Regras Locais (Peptídeo),,,,Oligopeptide,Yes,,,Yes,,Yes,
gln-gln-gly-thr,Fragmento de peptídeo identificado por sequenciamento.,,Regras Locais (Peptídeo),,,,Oligopeptide,Yes,,,Yes,,Yes,
gln-gln-ser-ala,Fragmento de peptídeo identificado por sequenciamento.,,Regras Locais (Peptídeo),,,,Oligopeptide,Yes,,,Yes,,Yes,
gln-gln-thr-gly,Fragmento de peptídeo identificado por sequenciamento.,,Regras Locais (Peptídeo),,,,Oligopeptide,Yes,,,Yes,,Yes,
gln-gly-gln-thr,Fragmento de peptídeo identificado por sequenciamento.,,Regras Locais (Peptídeo),,,,Oligopeptide,Yes,,,Yes,,Yes,
gln-gly-thr-gln,Fragmento de peptídeo identificado por sequenciamento.,,Regras Locais (Peptídeo),,,,Oligopeptide,Yes,,,Yes,,Yes,
gln-ser-ala-gln,Fragmento de peptídeo identificado por sequenciamento.,,Regras Locais (Peptídeo),,,,Oligopeptide,Yes,,,Yes,,Yes,
gln-ser-gln-ala,Fragmento de peptídeo identificado por sequenciamento.,,Regras Locais (Peptídeo),,,,Oligopeptide,Yes,,,Yes,,Yes,
gln-thr-ala-asn,Fragmento de peptídeo identificado por sequenciamento.,,Regras Locais (Peptídeo),,,,Oligopeptide,Yes,,,Yes,,Yes,
gln-thr-asn-ala,Fragmento de peptídeo identificado por sequenciamento.,,Regras Locais (Peptídeo),,,,Oligopeptide,Yes,,,Yes,,Yes,
gln-thr-gln-gly,Fragmento de peptídeo identificado por sequenciamento.,,Regras Locais (Peptídeo),,,,Oligopeptide,Yes,,,Yes,,Yes,
gln-thr-gly-gln,Fragmento de peptídeo identificado por sequenciamento.,,Regras Locais (Peptídeo),,,,Oligopeptide,Yes,,,Yes,,Yes,
gly-asn-asp-lys,Fragmento de peptídeo identificado por sequenciamento.,,Regras Locais (Peptídeo),,,,Oligopeptide,Yes,,,Yes,,Yes,
gly-asn-lys-asp,Fragmento de peptídeo identificado por sequenciamento.,,Regras Locais (Peptídeo),,,,Oligopeptide,Yes,,,Yes,,Yes,
gly-asp-asn-lys,Fragmento de peptídeo identificado por sequenciamento.,,Regras Locais (Peptídeo),,,,Oligopeptide,Yes,,,Yes,,Yes,
gly-asp-lys-asn,Fragmento de peptídeo identificado por sequenciamento.,,Regras Locais (Peptídeo),,,,Oligopeptide,Yes,,,Yes,,Yes,
gly-gln-gln-thr,Fragmento de peptídeo identificado por sequenciamento.,,Regras Locais (Peptídeo),,,,Oligopeptide,Yes,,,Yes,,Yes,
gly-gln-thr-gln,Fragmento de peptídeo identificado por sequenciamento.,,Regras Locais (Peptídeo),,,,Oligopeptide,Yes,,,Yes,,Yes,
gly-lys-asn-asp,Fragmento de peptídeo identificado por sequenciamento.,,Regras Locais (Peptídeo),,,,Oligopeptide,Yes,,,Yes,,Yes,
gly-lys-asp-asn,Fragmento de peptídeo identificado por sequenciamento.,,Regras Locais (Peptídeo),,,,Oligopeptide,Yes,,,Yes,,Yes,
gly-thr-gln-gln,Fragmento de peptídeo identificado por sequenciamento.,,Regras Locais (Peptídeo),,,,Oligopeptide,Yes,,,Yes,,Yes,
lys-asn-asp-gly,Fragmento de peptídeo identificado por sequenciamento.,,Regras Locais (Peptídeo),,,,Oligopeptide,Yes,,,Yes,,Yes,
lys-asn-gly-asp,Fragmento de peptídeo identificado por sequenciamento.,,Regras Locais (Peptídeo),,,,Oligopeptide,Yes,,,Yes,,Yes,
lys-asp-asn-gly,Fragmento de peptídeo identificado por sequenciamento.,,Regras Locais (Peptídeo),,,,Oligopeptide,Yes,,,Yes,,Yes,
lys-asp-gly-asn,Fragmento de peptídeo identificado por sequenciamento.,,Regras Locais (Peptídeo),,,,Oligopeptide,Yes,,,Yes,,Yes,
lys-gly-asn-asp,Fragmento de peptídeo identificado por sequenciamento.,,Regras Locais (Peptídeo),,,,Oligopeptide,Yes,,,Yes,,Yes,
lys-gly-asp-asn,Fragmento de peptídeo identificado por sequenciamento.,,Regras Locais (Peptídeo),,,,Oligopeptide,Yes,,,Yes,,Yes,
ser-ala-gln-gln,Fragmento de peptídeo identificado por sequenciamento.,,Regras Locais (Peptídeo),,,,Oligopeptide,Yes,,,Yes,,Yes,
ser-asn-asn-val,Fragmento de peptídeo identificado por sequenciamento.,,Regras Locais (Peptídeo),,,,Oligopeptide,Yes,,,Yes,,Yes,
ser-asn-val-asn,Fragmento de peptídeo identificado por sequenciamento.,,Regras Locais (Peptídeo),,,,Oligopeptide,Yes,,,Yes,,Yes,
ser-gln-ala-gln,Fragmento de peptídeo identificado por sequenciamento.,,Regras Locais (Peptídeo),,,,Oligopeptide,Yes,,,Yes,,Yes,
ser-gln-gln-ala,Fragmento de peptídeo identificado por sequenciamento.,,Regras Locais (Peptídeo),,,,Oligopeptide,Yes,,,Yes,,Yes,
ser-val-asn-asn,Fragmento de peptídeo identificado por sequenciamento.,,Regras Locais (Peptídeo),,,,Oligopeptide,Yes,,,Yes,,Yes,
thr-ala-asn-gln,Fragmento de peptídeo identificado por sequenciamento.,,Regras Locais (Peptídeo),,,,Oligopeptide,Yes,,,Yes,,Yes,
thr-ala-gln-asn,Fragmento de peptídeo identificado por sequenciamento.,,Regras Locais (Peptídeo),,,,Oligopeptide,Yes,,,Yes,,Yes,
thr-asn-ala-gln,Fragmento de peptídeo identificado por sequenciamento.,,Regras Locais (Peptídeo),,,,Oligopeptide,Yes,,,Yes,,Yes,
thr-asn-gln-ala,Fragmento de peptídeo identificado por sequenciamento.,,Regras Locais (Peptídeo),,,,Oligopeptide,Yes,,,Yes,,Yes,
thr-gln-ala-asn,Fragmento de peptídeo identificado por sequenciamento.,,Regras Locais (Peptídeo),,,,Oligopeptide,Yes,,,Yes,,Yes,
thr-gln-asn-ala,Fragmento de peptídeo identificado por sequenciamento.,,Regras Locais (Peptídeo),,,,Oligopeptide,Yes,,,Yes,,Yes,
thr-gln-gln-gly,Fragmento de peptídeo identificado por sequenciamento.,,Regras Locais (Peptídeo),,,,Oligopeptide,Yes,,,Yes,,Yes,
thr-gln-gly-gln,Fragmento de peptídeo identificado por sequenciamento.,,Regras Locais (Peptídeo),,,,Oligopeptide,Yes,,,Yes,,Yes,
thr-gly-gln-gln,Fragmento de peptídeo identificado por sequenciamento.,,Regras Locais (Peptídeo),,,,Oligopeptide,Yes,,,Yes,,Yes,
val-asn-asn-ser,Fragmento de peptídeo identificado por sequenciamento.,,Regras Locais (Peptídeo),,,,Oligopeptide,Yes,,,Yes,,Yes,
val-asn-ser-asn,Fragmento de peptídeo identificado por sequenciamento.,,Regras Locais (Peptídeo),,,,Oligopeptide,Yes,,,Yes,,Yes,
val-ser-asn-asn,Fragmento de peptídeo identificado por sequenciamento.,,Regras Locais (Peptídeo),,,,Oligopeptide,Yes,,,Yes,,Yes,
meclofenoxate,,,,2-(dimethylamino)ethyl 2-(4-chlorophenoxy)acetate,CN(C)CCOC(=O)COC1=CC=C(C=C1)Cl,XZTYGFHCIAKPGJ-UHFFFAOYSA-N,Small molecule,Yes,2.0,,No,,No,
CYCLOVERATRYLENE,,No,,34.6,,,No,C27H30O6,,,431.188063993956,,,
Achlisocoumarin II,,No,,34.6,,,No,C27H28O5,,,431.188063993956,,,
2-Amino-5-[(E)-(4-hydroxyphenyl)diazenyl]benzoic acid,,No,,35.9,2-amino-5-[(4-hydroxyphenyl)diazenyl]benzoic acid,,No,C13H11N3O3,,,513.1553694716,,LRLKSFQQRRRKPN-UHFFFAOYSA-N,
"(8α,9R)-1-Benzyl-9-hydroxy-6′-methoxycinchonan-1-ium chloride",,No,,30.9,,,No,C27H31ClN2O2,,,431.188063993956,,,
"2,4,6-Tris(benzyloxy)-1,3,5-cyclohexanetriol",,No,,34.6,,,No,C27H30O6,,,431.188063993956,,,
4-Nitrobenzyl diethylphosphinate,,No,,37.2,1-(diethylphosphoryloxymethyl)-4-nitrobenzene,,No,C11H16NO4P,,,513.1553694716,,MFLPMVLHSCYVFU-UHFFFAOYSA-N,
Sofalcone,,No,,34.6,,,No,C27H30O6,,,431.188063993956,,,
"3-{3,4-Bis[(3-methyl-2-buten-1-yl)oxy]phenyl}-5,7-dimethoxy-4H-chromen-4-one",,No,,34.6,,,No,C27H30O6,,,431.188063993956,,,
"Methyl 4-({2-[(1R,2R,3R)-3-hydroxy-2-{(3S)-3-hydroxy-4-[3-(methoxymethyl)phenyl]-1-buten-1-yl}-5-oxocyclopentyl]ethyl}sulfanyl)butanoate",,No,,34.2,,,No,C24H34O6S,,,431.188063993956,,,
"3,4a,5-Trimethyl-6-{[(2E)-3-(methylsulfanyl)-2-propenoyl]oxy}-4,4a,5,6,7,8,8a,9-octahydronaphtho[2,3-b]furan-4-yl (2E)-2-methyl-2-butenoate",,No,,34.2,,,No,C24H32O5S,,,431.188063993956,,,
cealysin,,No,,38.5,,,No,C6H12N6O3,,,431.188063993956,,,
"Ethyl 3-[(4,5,6-triphenyl-3-pyridazinyl)hydrazono]butanoate",,No,,35,,,No,C28H26N4O2,,,431.188063993956,,,
Tolpadol,,No,,35,,,No,C28H26N4O2,,,431.188063993956,,,
"1,2-Phenylenebis{[3-(2-aminoethyl)-1H-indol-1-yl]methanone}",,No,,35,,,No,C28H26N4O2,,,431.188063993956,,,
solenolide C,,No,,30.4,"[(1R,2R,3R,5R,7S,8R,11R,12R,13S,14S,15R,16S,17S,19R)-2-acetyloxy-7-chloro-12,16-dihydroxy-1,11,15-trimethyl-6-methylidene-10-oxo-4,9,18-trioxapentacyclo[12.5.0.03,5.08,12.017,19]nonadecan-13-yl] acetate",,No,C24H31ClO10,,,513.1553694716,,NNKPWYPLENHDSC-PACQGTIGSA-N,
"(8α,17β)-3,17-Dihydroxyestra-1,3,5(10)-trien-1-yl 3-acetyl-2-hydroxybenzoate",,No,,34.6,,,No,C27H30O6,,,431.188063993956,,,
2-(4-Phenyl-2-butanyl)thiophene,,No,,36.7,,,No,C14H16S,,,431.188063993956,,,
4-Hydroxyrottlerin,,,,"(E)-1-[6-[(3-acetyl-2,4,6-trihydroxy-5-methylphenyl)methyl]-5,7-dihydroxy-2,2-dimethylchromen-8-yl]-3-(4-hydroxyphenyl)prop-2-en-1-one",CC1=C(C(=C(C(=C1O)C(=O)C)O)CC2=C(C(=C3C(=C2O)C=CC(O3)(C)C)C(=O)/C=C/C4=CC=C(C=C4)O)O)O,VBFAFCWNQAXIRN-JXMROGBWSA-N,Unknown,Yes,,,No,,No,
Gemichalcone C,,,,"[(Z)-4-[3-[(E)-3-(2,4-dihydroxyphenyl)prop-2-enoyl]-2,6-dihydroxyphenyl]-2-methylbut-2-enyl] (E)-3-(4-hydroxy-3-methoxyphenyl)prop-2-enoate",C/C(=C/CC1=C(C=CC(=C1O)C(=O)/C=C/C2=C(C=C(C=C2)O)O)O)/COC(=O)/C=C/C3=CC(=C(C=C3)O)OC,OFKHJNZDWNKYOY-DBLNWHOKSA-N,Small molecule,Yes,,,No,,No,
QUIBEC,,No,,30.9,,,No,C27H31ClN2O2,,,431.188063993956,,,
"6-(4-Hydroxybenzyl)-2-(2-hydroxy-2-propanyl)-7-methoxy-2,3,4,5-tetrahydrophenanthro[2,1-b]furan-9-ol",,No,,34.6,,,No,C27H28O5,,,431.188063993956,,,
S-Furanopetasitin,,No,,34.2,,,No,C24H32O5S,,,431.188063993956,,,
"N-[[3-(2-chlorophenyl)-1,2,4-oxadiazol-5-yl]methyl]propanamide",,No,,33.9,,,No,C12H12ClN3O2,,,529.11660332768,,,
sofalcone,,No,,34.6,,,No,C27H30O6,,,431.188063993956,,,
"N-[1-[3-(4-chlorophenyl)-1,2,4-oxadiazol-5-yl]ethyl]acetamide",,No,,33.9,,,No,C12H12ClN3O2,,,529.11660332768,,,
Glabrescione B,,No,,34.6,,,No,C27H30O6,,,431.188063993956,,,
Tris(hydroxymethyl)melamine,,,,"[[4,6-bis(hydroxymethylamino)-1,3,5-triazin-2-yl]amino]methanol",C(NC1=NC(=NC(=N1)NCO)NCO)O,USDJGQLNFPZEON-UHFFFAOYSA-N,Small molecule,No,,,No,,No,
1-(3-chloro-4-methylphenyl)-5-ethyltriazole-4-carboxylic acid,,No,,33.9,,,No,C12H12ClN3O2,,,529.11660332768,,,
1-(3-chlorophenyl)-5-propyltriazole-4-carboxylic acid,,No,,33.9,,,No,C12H12ClN3O2,,,529.11660332768,,,
1-(4-chloro-3-methylphenyl)-5-ethyltriazole-4-carboxylic acid,,No,,33.9,,,No,C12H12ClN3O2,,,529.11660332768,,,
"N-[1-[3-(2-chlorophenyl)-1,2,4-oxadiazol-5-yl]ethyl]acetamide",,No,,33.9,,,No,C12H12ClN3O2,,,529.11660332768,,,
"1-(5-Chloro-2-methylphenyl)-3-(5-methyl-1,2-oxazol-3-yl)urea",,No,,33.9,,,No,C12H12ClN3O2,,,529.11660332768,,,
"3′,6′-Dihydroxy-2′,4′-bis(isobutyryloxy)-3-oxo-3H-spiro[2-benzofuran-1,9′-xanthene]-1′-carboxylic acid",,No,,53.3,,,No,C29H24O11,,,529.11660332768,,,
"S-(1,4-Dimethoxy-1,4-dioxo-2-butanyl)-L-cysteine",,No,,56.7,,,No,C9H15NO6S,,,529.11660332768,,,
"Ethyl (2S)-[(5S)-3-methyl-4,5-dihydro-1,2-oxazol-5-yl][(methylsulfonyl)oxy]acetate",,No,,38,,,No,C9H15NO6S,,,529.11660332768,,,
4-{[(2R)-2-Acetamido-2-carboxyethyl]sulfanyl}-2-hydroxybutanoic acid,,No,,56.7,,,No,C9H15NO6S,,,529.11660332768,,,
"N-[(2-ethyl-6-phenylimidazo[2,1-b][1,3,4]thiadiazol-5-yl)methyl]-4-propan-2-ylbenzamide",,No,,33.8,,,No,C23H24N4OS,,,403.158366840302,,,
"N-[3-(N-ethylanilino)propyl]-3-pyrrol-1-ylthieno[2,3-b]pyridine-2-carboxamide",,No,,33.8,,,No,C23H24N4OS,,,403.158366840302,,,
"N-cyclopropyl-1-[3-[(4-methylphenyl)methyl]-4-oxothieno[3,2-d]pyrimidin-2-yl]piperidine-4-carboxamide",,No,,33.8,,,No,C23H26N4O2S,,,403.158366840302,,,
"3-Phenyl-2,3,4,5,6,7-hexahydro-1-benzothiophene",,No,,36.7,"3-phenyl-2,3,4,5,6,7-hexahydro-1-benzothiophene",,No,C14H16S,,,431.188063993956,,MEGDDDMWXVBIGK-UHFFFAOYSA-N,
N-(4-ethoxyphenyl)-2-(2-piperidin-1-ylquinazolin-4-yl)sulfanylacetamide,,No,,33.8,,,No,C23H26N4O2S,,,403.158366840302,,,
"N-cyclohexyl-6-methyl-1-phenyl-3-thiophen-2-ylpyrrolo[2,3-c]pyrazole-5-carboxamide",,No,,33.8,,,No,C23H24N4OS,,,403.158366840302,,,
Cyclotriveratrylene,,,,"5,6,12,13,19,20-hexamethoxytetracyclo[15.4.0.03,8.010,15]henicosa-1(21),3,5,7,10,12,14,17,19-nonaene",COC1=C(C=C2CC3=CC(=C(C=C3CC4=CC(=C(C=C4CC2=C1)OC)OC)OC)OC)OC,YECHEDVCXXVLIY-UHFFFAOYSA-N,Small molecule,Yes,,,No,,No,
"1-(3-benzyl-4-oxothieno[3,2-d]pyrimidin-2-yl)-N-(cyclopropylmethyl)piperidine-4-carboxamide",,No,,33.8,,,No,C23H26N4O2S,,,403.158366840302,,,
Aspulvinone H,,,,(5Z)-4-hydroxy-3-[4-hydroxy-3-(3-methylbut-2-enyl)phenyl]-5-[[4-hydroxy-3-(3-methylbut-2-enyl)phenyl]methylidene]furan-2-one,CC(=CCC1=C(C=CC(=C1)/C=C\2/C(=C(C(=O)O2)C3=CC(=C(C=C3)O)CC=C(C)C)O)O)C,LFDYHAWYVIBCDT-OYKKKHCWSA-N,,Yes,,,No,,No,
"3-(3-propylimidazo[4,5-b]pyridin-2-yl)-N-(1-thiophen-2-ylpropyl)benzamide",,No,,33.8,,,No,C23H24N4OS,,,403.158366840302,,,
"N-benzyl-N,4-dimethyl-2-(1-propan-2-ylpyrrolo[2,3-b]pyridin-3-yl)-1,3-thiazole-5-carboxamide",,No,,33.8,,,No,C23H24N4OS,,,403.158366840302,,,
Cediranib,,,,4-[(4-fluoro-2-methyl-1H-indol-5-yl)oxy]-6-methoxy-7-(3-pyrrolidin-1-ylpropoxy)quinazoline,CC1=CC2=C(N1)C=CC(=C2F)OC3=NC=NC4=CC(=C(C=C43)OC)OCCCN5CCCC5,XXJWYDDUDKYVKI-UHFFFAOYSA-N,Small molecule,No,3.0,,No,,No,
acrocinonide,,,,"(1S,2S,4R,8S,9S,11S,12R,13S)-6-ethenyl-12-fluoro-11-hydroxy-8-(2-hydroxyacetyl)-9,13-dimethyl-5,7-dioxapentacyclo[10.8.0.02,9.04,8.013,18]icosa-14,17-dien-16-one",C[C@]12C[C@@H]([C@]3([C@H]([C@@H]1C[C@@H]4[C@]2(OC(O4)C=C)C(=O)CO)CCC5=CC(=O)C=C[C@@]53C)F)O,JGSKXHVNDZFORI-DZPDXEKMSA-N,Small molecule,No,2.0,,No,,No,
1-(1-benzyl-6-oxopyridazin-4-yl)-N-(1-thiophen-2-ylethyl)piperidine-4-carboxamide,,No,,33.8,,,No,C23H26N4O2S,,,403.158366840302,,,
"N-(4-ethoxyphenyl)-3,5-dimethyl-4-piperidin-1-ylsulfonyl-1H-pyrrole-2-carboxamide",,No,,34.3,,,No,C20H26N3O4S,,,403.158366840302,,,
N-[(5-methylfuran-2-yl)methyl]-1-[3-(4-methylphenyl)sulfanylpyrazin-2-yl]piperidine-3-carboxamide,,No,,33.8,,,No,C23H26N4O2S,,,403.158366840302,,,
N-[(5-methylfuran-2-yl)methyl]-1-[3-(3-methylphenyl)sulfanylpyrazin-2-yl]piperidine-3-carboxamide,,No,,33.8,,,No,C23H26N4O2S,,,403.158366840302,,,
2-(1-oxo-4-thiomorpholin-4-ylphthalazin-2-yl)-N-(4-propan-2-ylphenyl)acetamide,,No,,33.8,,,No,C23H26N4O2S,,,403.158366840302,,,
"N-benzyl-2-[3-[5-(4-fluorophenyl)-1,3,4-oxadiazol-2-yl]-2,5-dimethylpyrrol-1-yl]acetamide",,No,,34.9,,,No,C23H21FN4O2,,,403.158366840302,,,
[4-[4-(dimethylamino)anilino]-8-methoxyquinolin-2-yl]-thiomorpholin-4-ylmethanone,,No,,33.8,,,No,C23H26N4O2S,,,403.158366840302,,,
"7-[(3-chloro-4-fluorophenyl)methyl]-2-(4-methylpiperazin-1-yl)-5,6,8,9-tetrahydro-1H-pyrimido[4,5-d]azepin-4-one",,No,,31.8,,,No,C20H24ClFN5O,,,403.158366840302,,,
"2-(4-ethoxyphenyl)-1-[4-[5-(4-methyl-1,3-thiazol-2-yl)pyridin-2-yl]piperazin-1-yl]ethanone",,No,,33.8,,,No,C23H26N4O2S,,,403.158366840302,,,
1-(1-benzyl-6-oxopyridazin-4-yl)-N-(2-thiophen-2-ylethyl)piperidine-4-carboxamide,,No,,33.8,,,No,C23H26N4O2S,,,403.158366840302,,,
"7-[(3-chloro-2-fluorophenyl)methyl]-2-(4-methylpiperazin-1-yl)-5,6,8,9-tetrahydro-1H-pyrimido[4,5-d]azepin-4-one",,No,,31.8,,,No,C20H24ClFN5O,,,403.158366840302,,,
"N-[2-fluoro-5-(6-methoxyimidazo[1,2-b]pyridazin-2-yl)phenyl]-2-phenylbutanamide",,No,,34.9,,,No,C23H21FN4O2,,,403.158366840302,,,
"7-[(2-chloro-4-fluorophenyl)methyl]-2-(4-methylpiperazin-1-yl)-5,6,8,9-tetrahydro-1H-pyrimido[4,5-d]azepin-4-one",,No,,31.8,,,No,C20H24ClFN5O,,,403.158366840302,,,
"[1-[5-(3-methoxyphenyl)-[1,3]thiazolo[5,4-b]pyridin-2-yl]piperidin-4-yl]-pyrrolidin-1-ylmethanone",,No,,33.8,,,No,C23H26N4O2S,,,403.158366840302,,,
N'-(2-methylquinolin-4-yl)-N-[[1-(thiophen-2-ylmethyl)piperidin-4-yl]methyl]oxamide,,No,,33.8,,,No,C23H26N4O2S,,,403.158366840302,,,
eflumast,,,,N-(3-acetyl-5-fluoro-2-hydroxyphenyl)-2H-tetrazole-5-carboxamide,CC(=O)C1=C(C(=CC(=C1)F)NC(=O)C2=NNN=N2)O,BKAPZKSRERAYQD-UHFFFAOYSA-N,Small molecule,No,2.0,,No,,No,
1-(4-chlorophenyl)-5-propyltriazole-4-carboxylic acid,,No,,33.9,1-(4-chlorophenyl)-5-propyltriazole-4-carboxylic acid,,No,C12H12ClN3O2,,,529.11660332768,,AHCYVNAJWXHENC-UHFFFAOYSA-N,
"N-(cyclopropylmethyl)-1-[3-(4-methylphenyl)-4-oxothieno[3,2-d]pyrimidin-2-yl]piperidine-4-carboxamide",,No,,33.8,,,No,C23H26N4O2S,,,403.158366840302,,,
"1-[5-(4-methylphenyl)-1,3,4-oxadiazol-2-yl]-N-[(4-methylsulfanylphenyl)methyl]piperidine-4-carboxamide",,No,,33.8,,,No,C23H26N4O2S,,,403.158366840302,,,
2-[(4-fluorophenyl)methyl]-6-[4-(2-methoxyphenyl)piperazine-1-carbonyl]pyridazin-3-one,,No,,34.9,,,No,C23H23FN4O3,,,403.158366840302,,,
"5-(4-fluorophenyl)-N-[(4-methoxyphenyl)methyl]-2,6-dimethyl-4-oxo-7H-pyrazolo[1,5-a]pyrazine-6-carboxamide",,No,,34.9,,,No,C23H23FN4O3,,,403.158366840302,,,
"4-tert-butyl-N-[5-[1-(4-fluorophenyl)-5-oxopyrrolidin-3-yl]-1,3,4-oxadiazol-2-yl]benzamide",,No,,34.9,,,No,C23H23FN4O3,,,403.158366840302,,,
"N-[(4-fluorophenyl)methyl]-5-(4-methoxyphenyl)-2,6-dimethyl-4-oxo-7H-pyrazolo[1,5-a]pyrazine-6-carboxamide",,No,,34.9,,,No,C23H23FN4O3,,,403.158366840302,,,
"7-[(4-chloro-2-fluorophenyl)methyl]-2-(4-methylpiperazin-1-yl)-5,6,8,9-tetrahydro-1H-pyrimido[4,5-d]azepin-4-one",,No,,31.8,,,No,C20H24ClFN5O,,,403.158366840302,,,
N-[1-[3-(1H-indol-3-yl)propanoyl]azetidin-3-yl]-N-(oxan-4-yl)methanesulfonamide,,No,,34.3,,,No,C20H26N3O4S,,,403.158366840302,,,
arg-asp-asp,Fragmento de peptídeo identificado por sequenciamento.,,Regras Locais (Peptídeo),,,,Oligopeptide,Yes,,,Yes,,Yes,
asp-arg-asp,Fragmento de peptídeo identificado por sequenciamento.,,Regras Locais (Peptídeo),,,,Oligopeptide,Yes,,,Yes,,Yes,
asp-asp-arg,Fragmento de peptídeo identificado por sequenciamento.,,Regras Locais (Peptídeo),,,,Oligopeptide,Yes,,,Yes,,Yes,
ala-asn-asn-ser,Fragmento de peptídeo identificado por sequenciamento.,,Regras Locais (Peptídeo),,,,Oligopeptide,Yes,,,Yes,,Yes,
ala-asn-ser-asn,Fragmento de peptídeo identificado por sequenciamento.,,Regras Locais (Peptídeo),,,,Oligopeptide,Yes,,,Yes,,Yes,
ala-ser-asn-asn,Fragmento de peptídeo identificado por sequenciamento.,,Regras Locais (Peptídeo),,,,Oligopeptide,Yes,,,Yes,,Yes,
asn-ala-asn-ser,Fragmento de peptídeo identificado por sequenciamento.,,Regras Locais (Peptídeo),,,,Oligopeptide,Yes,,,Yes,,Yes,
asn-ala-ser-asn,Fragmento de peptídeo identificado por sequenciamento.,,Regras Locais (Peptídeo),,,,Oligopeptide,Yes,,,Yes,,Yes,
asn-asn-ala-ser,Fragmento de peptídeo identificado por sequenciamento.,,Regras Locais (Peptídeo),,,,Oligopeptide,Yes,,,Yes,,Yes,
asn-asn-gly-thr,Fragmento de peptídeo identificado por sequenciamento.,,Regras Locais (Peptídeo),,,,Oligopeptide,Yes,,,Yes,,Yes,
asn-asn-ser-ala,Fragmento de peptídeo identificado por sequenciamento.,,Regras Locais (Peptídeo),,,,Oligopeptide,Yes,,,Yes,,Yes,
asn-asn-thr-gly,Fragmento de peptídeo identificado por sequenciamento.,,Regras Locais (Peptídeo),,,,Oligopeptide,Yes,,,Yes,,Yes,
asn-gln-gly-ser,Fragmento de peptídeo identificado por sequenciamento.,,Regras Locais (Peptídeo),,,,Oligopeptide,Yes,,,Yes,,Yes,
asn-gln-ser-gly,Fragmento de peptídeo identificado por sequenciamento.,,Regras Locais (Peptídeo),,,,Oligopeptide,Yes,,,Yes,,Yes,
asn-gly-asn-thr,Fragmento de peptídeo identificado por sequenciamento.,,Regras Locais (Peptídeo),,,,Oligopeptide,Yes,,,Yes,,Yes,
asn-gly-gln-ser,Fragmento de peptídeo identificado por sequenciamento.,,Regras Locais (Peptídeo),,,,Oligopeptide,Yes,,,Yes,,Yes,
asn-gly-ser-gln,Fragmento de peptídeo identificado por sequenciamento.,,Regras Locais (Peptídeo),,,,Oligopeptide,Yes,,,Yes,,Yes,
asn-gly-thr-asn,Fragmento de peptídeo identificado por sequenciamento.,,Regras Locais (Peptídeo),,,,Oligopeptide,Yes,,,Yes,,Yes,
asn-ser-ala-asn,Fragmento de peptídeo identificado por sequenciamento.,,Regras Locais (Peptídeo),,,,Oligopeptide,Yes,,,Yes,,Yes,
asn-ser-asn-ala,Fragmento de peptídeo identificado por sequenciamento.,,Regras Locais (Peptídeo),,,,Oligopeptide,Yes,,,Yes,,Yes,
asn-ser-gln-gly,Fragmento de peptídeo identificado por sequenciamento.,,Regras Locais (Peptídeo),,,,Oligopeptide,Yes,,,Yes,,Yes,
asn-ser-gly-gln,Fragmento de peptídeo identificado por sequenciamento.,,Regras Locais (Peptídeo),,,,Oligopeptide,Yes,,,Yes,,Yes,
asn-thr-asn-gly,Fragmento de peptídeo identificado por sequenciamento.,,Regras Locais (Peptídeo),,,,Oligopeptide,Yes,,,Yes,,Yes,
asn-thr-gly-asn,Fragmento de peptídeo identificado por sequenciamento.,,Regras Locais (Peptídeo),,,,Oligopeptide,Yes,,,Yes,,Yes,
gln-asn-gly-ser,Fragmento de peptídeo identificado por sequenciamento.,,Regras Locais (Peptídeo),,,,Oligopeptide,Yes,,,Yes,,Yes,
gln-asn-ser-gly,Fragmento de peptídeo identificado por sequenciamento.,,Regras Locais (Peptídeo),,,,Oligopeptide,Yes,,,Yes,,Yes,
gln-gly-asn-ser,Fragmento de peptídeo identificado por sequenciamento.,,Regras Locais (Peptídeo),,,,Oligopeptide,Yes,,,Yes,,Yes,
gln-gly-ser-asn,Fragmento de peptídeo identificado por sequenciamento.,,Regras Locais (Peptídeo),,,,Oligopeptide,Yes,,,Yes,,Yes,
gln-ser-asn-gly,Fragmento de peptídeo identificado por sequenciamento.,,Regras Locais (Peptídeo),,,,Oligopeptide,Yes,,,Yes,,Yes,
gln-ser-gly-asn,Fragmento de peptídeo identificado por sequenciamento.,,Regras Locais (Peptídeo),,,,Oligopeptide,Yes,,,Yes,,Yes,
gly-asn-asn-thr,Fragmento de peptídeo identificado por sequenciamento.,,Regras Locais (Peptídeo),,,,Oligopeptide,Yes,,,Yes,,Yes,
gly-asn-gln-ser,Fragmento de peptídeo identificado por sequenciamento.,,Regras Locais (Peptídeo),,,,Oligopeptide,Yes,,,Yes,,Yes,
gly-asn-ser-gln,Fragmento de peptídeo identificado por sequenciamento.,,Regras Locais (Peptídeo),,,,Oligopeptide,Yes,,,Yes,,Yes,
gly-asn-thr-asn,Fragmento de peptídeo identificado por sequenciamento.,,Regras Locais (Peptídeo),,,,Oligopeptide,Yes,,,Yes,,Yes,
gly-gln-asn-ser,Fragmento de peptídeo identificado por sequenciamento.,,Regras Locais (Peptídeo),,,,Oligopeptide,Yes,,,Yes,,Yes,
gly-gln-ser-asn,Fragmento de peptídeo identificado por sequenciamento.,,Regras Locais (Peptídeo),,,,Oligopeptide,Yes,,,Yes,,Yes,
gly-ser-asn-gln,Fragmento de peptídeo identificado por sequenciamento.,,Regras Locais (Peptídeo),,,,Oligopeptide,Yes,,,Yes,,Yes,
gly-ser-gln-asn,Fragmento de peptídeo identificado por sequenciamento.,,Regras Locais (Peptídeo),,,,Oligopeptide,Yes,,,Yes,,Yes,
gly-thr-asn-asn,Fragmento de peptídeo identificado por sequenciamento.,,Regras Locais (Peptídeo),,,,Oligopeptide,Yes,,,Yes,,Yes,
ser-ala-asn-asn,Fragmento de peptídeo identificado por sequenciamento.,,Regras Locais (Peptídeo),,,,Oligopeptide,Yes,,,Yes,,Yes,
ser-asn-ala-asn,Fragmento de peptídeo identificado por sequenciamento.,,Regras Locais (Peptídeo),,,,Oligopeptide,Yes,,,Yes,,Yes,
ser-asn-asn-ala,Fragmento de peptídeo identificado por sequenciamento.,,Regras Locais (Peptídeo),,,,Oligopeptide,Yes,,,Yes,,Yes,
ser-asn-gln-gly,Fragmento de peptídeo identificado por sequenciamento.,,Regras Locais (Peptídeo),,,,Oligopeptide,Yes,,,Yes,,Yes,
ser-asn-gly-gln,Fragmento de peptídeo identificado por sequenciamento.,,Regras Locais (Peptídeo),,,,Oligopeptide,Yes,,,Yes,,Yes,
ser-gln-asn-gly,Fragmento de peptídeo identificado por sequenciamento.,,Regras Locais (Peptídeo),,,,Oligopeptide,Yes,,,Yes,,Yes,
ser-gln-gly-asn,Fragmento de peptídeo identificado por sequenciamento.,,Regras Locais (Peptídeo),,,,Oligopeptide,Yes,,,Yes,,Yes,
ser-gly-asn-gln,Fragmento de peptídeo identificado por sequenciamento.,,Regras Locais (Peptídeo),,,,Oligopeptide,Yes,,,Yes,,Yes,
ser-gly-gln-asn,Fragmento de peptídeo identificado por sequenciamento.,,Regras Locais (Peptídeo),,,,Oligopeptide,Yes,,,Yes,,Yes,
thr-asn-asn-gly,Fragmento de peptídeo identificado por sequenciamento.,,Regras Locais (Peptídeo),,,,Oligopeptide,Yes,,,Yes,,Yes,
thr-asn-gly-asn,Fragmento de peptídeo identificado por sequenciamento.,,Regras Locais (Peptídeo),,,,Oligopeptide,Yes,,,Yes,,Yes,
thr-gly-asn-asn,Fragmento de peptídeo identificado por sequenciamento.,,Regras Locais (Peptídeo),,,,Oligopeptide,Yes,,,Yes,,Yes,
"7-[(4-chloro-3-fluorophenyl)methyl]-2-(4-methylpiperazin-1-yl)-5,6,8,9-tetrahydro-1H-pyrimido[4,5-d]azepin-4-one",,No,,31.8,,,No,C20H24ClFN5O,,,403.158366840302,,,
"4-[4-(4-fluorophenyl)piperazine-1-carbonyl]-1-(2-methyl-1,3-benzoxazol-5-yl)pyrrolidin-2-one",,No,,34.9,,,No,C23H23FN4O3,,,403.158366840302,,,
2-(4-propan-2-ylphenyl)-6-[4-(2-thiophen-2-ylacetyl)piperazin-1-yl]pyridazin-3-one,,No,,33.8,,,No,C23H26N4O2S,,,403.158366840302,,,
"N'-(2-fluorophenyl)-N'-methyl-N-(12-oxo-7,8,9,10-tetrahydro-6H-azepino[2,1-b]quinazolin-2-yl)propanediamide",,No,,34.9,,,No,C23H23FN4O3,,,403.158366840302,,,
Fluprednidene acetate,,No,,35.6,"[2-[(8S,9R,10S,11S,13S,14S,17R)-9-fluoro-11,17-dihydroxy-10,13-dimethyl-16-methylidene-3-oxo-7,8,11,12,14,15-hexahydro-6H-cyclopenta[a]phenanthren-17-yl]-2-oxoethyl] acetate",,No,C24H29FO6,,,431.188063993956,,DEFOZIFYUBUHHU-IYQKUMFPSA-N,
"N-[3-[benzyl(methyl)amino]propyl]-3-pyrrol-1-ylthieno[2,3-b]pyridine-2-carboxamide",,No,,33.8,,,No,C23H24N4OS,,,403.158366840302,,,
"2-(6-benzyl-2-ethyl-4-oxo-7,8-dihydro-5H-pyrido[4,3-d]pyrimidin-3-yl)-N-(thiophen-2-ylmethyl)acetamide",,No,,33.8,,,No,C23H26N4O2S,,,403.158366840302,,,
"N-[(1-methylbenzimidazol-2-yl)methyl]-2-(pyrrolidine-1-carbonyl)-4,5,6,7-tetrahydro-1-benzothiophene-5-carboxamide",,No,,33.8,,,No,C23H26N4O2S,,,403.158366840302,,,
"N-(3-acetylphenyl)-3-[(4-fluorophenoxy)methyl]-1-methyl-6,7-dihydro-4H-pyrazolo[4,3-c]pyridine-5-carboxamide",,No,,34.9,,,No,C23H23FN4O3,,,403.158366840302,,,
N-(1-benzylpiperidin-4-yl)-2-(4-methyl-3-oxoquinoxalin-2-yl)sulfanylacetamide,,No,,33.8,,,No,C23H26N4O2S,,,403.158366840302,,,
1-[1-(4-fluorophenyl)-6-oxopyridazin-3-yl]-N-(4-methoxyphenyl)piperidine-3-carboxamide,,No,,34.9,,,No,C23H23FN4O3,,,403.158366840302,,,
"4-[4-(2-fluorophenyl)piperazine-1-carbonyl]-1-(2-methyl-1,3-benzoxazol-5-yl)pyrrolidin-2-one",,No,,34.9,,,No,C23H23FN4O3,,,403.158366840302,,,
"3,5-dimethyl-N-[2-phenyl-1-(5-thiomorpholin-4-yl-1,3,4-oxadiazol-2-yl)ethyl]benzamide",,No,,33.8,,,No,C23H26N4O2S,,,403.158366840302,,,
Asp Arg Asp,,No,,36.5,,,No,C14H24N6O8,,,403.158366840302,,,
Asp Asp Arg,,No,,36.5,,,No,C14H24N6O8,,,403.158366840302,,,
"N-(cyclopropylmethyl)-1-[3-(4-methylphenyl)-4-oxothieno[3,2-d]pyrimidin-2-yl]piperidine-3-carboxamide",,No,,33.8,,,No,C23H26N4O2S,,,403.158366840302,,,
"(4-ethoxyphenyl)-[4-[5-(4-ethyl-1,3-thiazol-2-yl)pyridin-2-yl]piperazin-1-yl]methanone",,No,,33.8,,,No,C23H26N4O2S,,,403.158366840302,,,
Arg Asp Asp,,No,,36.5,,,No,C14H24N6O8,,,403.158366840302,,,
2-(4-phenylpiperazin-1-yl)-6-pyrrolidin-1-ylsulfonylquinoline,,No,,33.8,,,No,C23H26N4O2S,,,403.158366840302,,,
"N-[3-[(4-pyridin-2-ylpiperazin-1-yl)methyl]-4,5,6,7-tetrahydro-1-benzothiophen-2-yl]furan-2-carboxamide",,No,,33.8,,,No,C23H26N4O2S,,,403.158366840302,,,
"1-([1]benzofuro[3,2-d]pyrimidin-4-yl)-N-[(4-fluorophenyl)methyl]piperidine-3-carboxamide",,No,,34.9,,,No,C23H21FN4O2,,,403.158366840302,,,
"1-[6-(2,5-dimethylphenyl)sulfanylpyridazin-3-yl]-N-(furan-2-ylmethyl)piperidine-4-carboxamide",,No,,33.8,,,No,C23H26N4O2S,,,403.158366840302,,,
"N'-(3-fluoro-4-methylphenyl)-N-(12-oxo-7,8,9,10-tetrahydro-6H-azepino[2,1-b]quinazolin-2-yl)propanediamide",,No,,34.9,,,No,C23H23FN4O3,,,403.158366840302,,,
"1,2,6,8,9,10-Hexaaza-3,4-disiladispiro[4.1.4.1]dodecane",,No,,34.9,,,No,C4H10N6Si2,,,403.158366840302,,,
"5,5′-([2,2′-Bipyridine]-5,5′-diylbis(ethane-2,1-diyl))dipicolinaldehyde",,No,,33.8,,,No,C26H22N4O2,,,403.158366840302,,,
"{[(Methoxymethyl)silanediyl]bis(2,1-phenyleneoxy)}bis(trimethylsilane)",,No,,32.4,,,No,C20H31O3Si3,,,403.158366840302,,,
"1,1-Bis[2-(5-methoxy-1H-indol-3-yl)ethyl]thiourea",,No,,33.8,,,No,C23H26N4O2S,,,403.158366840302,,,
"{[(Silylmethoxy)methylene]bis(2,1-phenyleneoxy)}bis(trimethylsilane)",,No,,32.4,,,No,C20H29O3Si3,,,403.158366840302,,,
"2,2′-(2,5-Furandiyl)bis(2,3-dihydro-1H-perimidine)",,No,,33.8,,,No,C26H20N4O,,,403.158366840302,,,
N-[(1S)-4-Carbamimidamido-1-carboxybutyl]asparaginylaspartic acid,,No,,36.5,,,No,C14H24N6O8,,,403.158366840302,,,
"1-(1-Naphthyl)-2,4,5-triphenyl-1H-imidazole",,No,,33.1,,,No,C31H22N2,,,403.158366840302,,,
"1,3-Bis[2-(5-methoxy-1H-indol-3-yl)ethyl]thiourea",,No,,33.8,,,No,C23H26N4O2S,,,403.158366840302,,,
"(2R,3R)-2-(3,4-dihydroxyphenyl)-8-[(2R,3S,4S)-2-(3,4-dihydroxyphenyl)-3,5,7-trihydroxy-3,4-dihydro-2H-chromen-4-yl]-3,4-dihydro-2H-chromene-3,5,7-triol",,No,,34.9,,,No,C30H26O12,,,559.125150083762,,,
"(2-amino-4-phenyl-1,3-thiazol-5-yl)-phenylmethanone",,No,,36.4,,,No,C16H12N2OS,,,559.125150083762,,,
"(2R,3R)-2-(3,4-dihydroxyphenyl)-8-[(2R,3R,4R)-2-(3,4-dihydroxyphenyl)-3,5,7-trihydroxy-3,4-dihydro-2H-chromen-4-yl]-3,4-dihydro-2H-chromene-3,5,7-triol",,No,,34.9,,,No,C30H26O12,,,559.125150083762,,,
"(2R,3S)-2-(3,4-dihydroxyphenyl)-8-[(2R,3S,4S)-2-(3,4-dihydroxyphenyl)-3,5,7-trihydroxy-3,4-dihydro-2H-chromen-4-yl]-3,4-dihydro-2H-chromene-3,5,7-triol",,No,,34.9,,,No,C30H26O12,,,559.125150083762,,,
Adriamycin hydrochloride,,No,,31.8,,,No,C27H29ClNO11,,,559.125150083762,,,
"(2R,3R)-2-(3,4-dihydroxyphenyl)-6-[(2R,3S,4R)-2-(3,4-dihydroxyphenyl)-3,5,7-trihydroxy-3,4-dihydro-2H-chromen-4-yl]-3,4-dihydro-2H-chromene-3,5,7-triol",,No,,34.9,,,No,C30H26O12,,,559.125150083762,,,
(2Z)-2-{4-[(Z)-2-Carboxy-2-{4-[(E)-2-carboxyvinyl]-2-methoxyphenoxy}vinyl]-2-methoxyphenoxy}-3-(4-hydroxy-3-methoxyphenyl)acrylic acid,,No,,50.6,,,No,C30H26O12,,,559.125150083762,,,
hypocrellin D,,No,,49.4,,,No,C30H26O12,,,559.125150083762,,,
Mahuannin C,,No,,46.6,,,No,C30H24O11,,,559.125150083762,,,
"8-(9,10-Dihydroxy-7-methoxy-3-methyl-1-oxo-3,4-dihydro-1H-benzo[g]isochromen-8-yl)-6-hydroxy-9-methoxy-3-methyl-3,4-dihydro-1H-benzo[h]isochromene-1,7,10-trione",,No,,49.5,,,No,C30H24O11,,,559.125150083762,,,
5-Hydroxy-2-(4-hydroxyphenyl)-4-oxo-4H-chromen-7-yl 4-O-[(2Z)-3-(4-hydroxyphenyl)-2-propenoyl]-β-D-glucopyranoside,,No,,49.4,,,No,C30H26O12,,,559.125150083762,,,
"2-(3,4-Dihydroxyphenyl)-5-hydroxy-4-oxo-4H-chromen-7-yl 6-O-[(2E)-3-phenyl-2-propenoyl]-β-D-glucopyranoside",,No,,49.8,,,No,C30H26O12,,,559.125150083762,,,
(+)-Procyanidin B2,,No,,34.9,,,No,C30H26O12,,,559.125150083762,,,
"2,2′-Bis(3,4-dihydroxyphenyl)-3,3′,4,4′-tetrahydro-2H,2′H-4,6′-bichromene-3,3′,5,5′,7,7′-hexol",,No,,34.9,,,No,C30H26O12,,,559.125150083762,,,
5-Hydroxy-2-(4-hydroxyphenyl)-4-oxo-4H-chromen-7-yl 2-O-[(2E)-3-(4-hydroxyphenyl)-2-propenoyl]-β-D-glucopyranoside,,No,,49.4,,,No,C30H26O12,,,559.125150083762,,,
4-[7-(β-D-Glucopyranosyloxy)-5-hydroxy-4-oxo-4H-chromen-2-yl]phenyl (2E)-3-(4-hydroxyphenyl)acrylate,,No,,50.8,,,No,C30H26O12,,,559.125150083762,,,
"5,7-Dihydroxy-2-(4-hydroxyphenyl)-4-oxo-4H-chromen-3-yl 6-O-[(2Z)-3-phenyl-2-propenoyl]-β-D-glucopyranoside",,No,,49.8,,,No,C30H26O12,,,559.125150083762,,,
5-Hydroxy-3-(4-hydroxyphenyl)-4-oxo-4H-chromen-7-yl 2-O-[(2E)-3-(4-hydroxyphenyl)-2-propenoyl]-β-D-glucopyranoside,,No,,49.4,,,No,C30H26O12,,,559.125150083762,,,
"5,7-Dihydroxy-2-(4-hydroxyphenyl)-4-oxo-4H-chromen-3-yl 6-deoxy-2-O-[(2Z)-3-(4-hydroxyphenyl)-2-propenoyl]-α-L-mannopyranoside",,No,,49.4,,,No,C30H26O12,,,559.125150083762,,,
"2,2′-Bis(3,4-dihydroxyphenyl)-3,3′,4,4′-tetrahydro-2H,2′H-4,8′-bichromene-3,3′,5,5′,7,7′-hexol",,No,,34.9,,,No,C30H26O12,,,559.125150083762,,,
"(2R,3R)-2-(3,4-dihydroxyphenyl)-6-[(2R,3S,4S)-2-(3,4-dihydroxyphenyl)-3,5,7-trihydroxy-3,4-dihydro-2H-chromen-4-yl]-3,4-dihydro-2H-chromene-3,5,7-triol",,No,,34.9,,,No,C30H26O12,,,559.125150083762,,,
"(2R,3S)-2-(3,4-dihydroxyphenyl)-8-[(2R,3R,4R)-2-(3,4-dihydroxyphenyl)-3,5,7-trihydroxy-3,4-dihydro-2H-chromen-4-yl]-3,4-dihydro-2H-chromene-3,5,7-triol",,No,,34.9,,,No,C30H26O12,,,559.125150083762,,,
"5,7-Dihydroxy-2-(4-hydroxyphenyl)-4-oxo-4H-chromen-3-yl 6-deoxy-3-O-[(2E)-3-(4-hydroxyphenyl)-2-propenoyl]-α-L-mannopyranoside",,No,,49.4,,,No,C30H26O12,,,559.125150083762,,,
Butyl(dimethyl)(trimethylstannyl)silane,,No,,19.6,,,No,C9H24SiSn,,,559.125150083762,,,
5-hydroxy-2-(4-hydroxyphenyl)-4-oxo-4H-chromen-7-yl 3-O-[(2E)-3-(4-hydroxyphenyl)prop-2-enoyl]-β-D-glucopyranoside,,No,,49.4,,,No,C30H26O12,,,559.125150083762,,,
5-Hydroxy-3-(4-hydroxyphenyl)-4-oxo-4H-chromen-7-yl 2-O-[(2E)-3-(4-hydroxyphenyl)-2-propenoyl]-β-D-threo-hexopyranoside,,No,,49.4,,,No,C30H26O12,,,559.125150083762,,,
4-[7-(β-D-threo-Hexopyranosyloxy)-5-hydroxy-4-oxo-4H-chromen-2-yl]phenyl (2E)-3-(4-hydroxyphenyl)acrylate,,No,,50.8,,,No,C30H26O12,,,559.125150083762,,,
5-Hydroxy-2-(4-hydroxyphenyl)-4-oxo-4H-chromen-7-yl 2-O-[(2E)-3-(4-hydroxyphenyl)-2-propenoyl]-β-D-threo-hexopyranoside,,No,,49.4,,,No,C30H26O12,,,559.125150083762,,,
5-Hydroxy-2-(4-hydroxyphenyl)-4-oxo-4H-chromen-7-yl 4-O-[(2E)-3-(4-hydroxyphenyl)-2-propenoyl]-β-D-threo-hexopyranoside,,No,,49.4,,,No,C30H26O12,,,559.125150083762,,,
5-Hydroxy-2-(4-hydroxyphenyl)-4-oxo-4H-chromen-7-yl 6-O-[(2E)-3-(4-hydroxyphenyl)-2-propenoyl]-β-D-threo-hexopyranoside,,No,,49.8,,,No,C30H26O12,,,559.125150083762,,,
5-Hydroxy-2-(4-hydroxyphenyl)-4-oxo-4H-chromen-7-yl 3-O-[(2E)-3-(4-hydroxyphenyl)-2-propenoyl]-β-D-threo-hexopyranoside,,No,,49.4,,,No,C30H26O12,,,559.125150083762,,,
"(1S)-1,5-Anhydro-1-[5,7-dihydroxy-2-(4-hydroxyphenyl)-4-oxo-4H-chromen-8-yl]-2-O-[(2E)-3-(4-hydroxyphenyl)-2-propenoyl]-D-threo-hexitol",,No,,49.4,,,No,C30H26O12,,,559.125150083762,,,
"5,7-Dihydroxy-2-(4-hydroxyphenyl)-4-oxo-4H-chromen-3-yl 6-O-[(2Z)-3-phenyl-2-propenoyl]-β-D-erythro-hexopyranoside",,No,,49.8,,,No,C30H26O12,,,559.125150083762,,,
"2-(3,4-Dihydroxyphenyl)-5-hydroxy-4-oxo-4H-chromen-7-yl 6-O-[(2E)-3-phenyl-2-propenoyl]-β-D-threo-hexopyranoside",,No,,49.8,,,No,C30H26O12,,,559.125150083762,,,
"5,7-Dihydroxy-2-(4-hydroxyphenyl)-4-oxo-4H-chromen-3-yl 6-deoxy-2-O-[(2E)-3-(4-hydroxyphenyl)-2-propenoyl]-α-L-erythro-hexopyranoside",,No,,49.4,,,No,C30H26O12,,,559.125150083762,,,
"4-(5,7-Dihydroxy-4-oxo-4H-chromen-2-yl)phenyl 2-O-[(2E)-3-(4-hydroxyphenyl)-2-propenoyl]-β-D-mannopyranoside",,No,,49.4,,,No,C30H26O12,,,559.125150083762,,,
"(2R,3S,4S)-2-(3,4-Dihydroxyphenyl)-4-[(3R,4S)-3-(3,4-dihydroxyphenyl)-4,6,8-trihydroxy-3,4-dihydro-1H-isochromen-7-yl]-3,5,7-chromanetriol",,No,,34.9,,,No,C30H26O12,,,559.125150083762,,,
"(2R,3S,4R)-2-(3,4-Dihydroxyphenyl)-4-[(3R,4R)-3-(3,4-dihydroxyphenyl)-4,6,8-trihydroxy-3,4-dihydro-1H-isochromen-7-yl]-3,5,7-chromanetriol",,No,,34.9,,,No,C30H26O12,,,559.125150083762,,,
"5,7-Dihydroxy-2-(4-hydroxyphenyl)-4-oxo-4H-chromen-3-yl 6-deoxy-4-O-[(2E)-3-(4-hydroxyphenyl)-2-propenoyl]-α-L-erythro-hexopyranoside",,No,,49.4,,,No,C30H26O12,,,559.125150083762,,,
11-Bromo-10-hydroxyundecanoic acid,,No,,40.4,,,No,C11H21BrO3,,,559.125150083762,,,
"29H,30H-Phthalocyanine-2,9,16,23-tetrol",,No,,33.9,,,No,C32H18N8O4,,,559.125150083762,,,
"(2S,3S)-2-(2,4-Dihydroxyphenyl)-8-{5-hydroxy-2-[(2S,3S)-3,5,7-trihydroxy-3,4-dihydro-2H-chromen-2-yl]phenoxy}-3,5,7-chromanetriol",,No,,34.9,,,No,C30H26O12,,,559.125150083762,,,
"5,7-Dihydroxy-2-(4-hydroxyphenyl)-4-oxo-4H-chromen-3-yl 6-deoxy-2-O-[(2Z)-3-(4-hydroxyphenyl)-2-propenoyl]-α-L-erythro-hexopyranoside",,No,,49.4,,,No,C30H26O12,,,559.125150083762,,,
"(4R,5R,5aS,12bR,13cS,13dR)-1,3,5,7,9,11-Hexahydroxy-13d-[(4-hydroxy-2-oxo-2H-pyran-6-yl)methyl]-4-methyl-5a,12b,13c,13d-tetrahydro-4H-naphtho[2,1,8,7-ghij]tetraphene-8,13(5H,6H)-dione",,No,,49.5,,,No,C30H24O11,,,559.125150083762,,,
"(2Z)-3-{5′-[(E)-2-Carboxyvinyl]-2′,6-dihydroxy-3′,5-dimethoxy-3-biphenylyl}-2-{4-[(E)-2-carboxyvinyl]-2-methoxyphenoxy}acrylic acid",,No,,50.6,,,No,C30H26O12,,,559.125150083762,,,
5-Hydroxy-2-(4-hydroxyphenyl)-4-oxo-4H-chromen-7-yl 4-O-[(2Z)-3-(4-hydroxyphenyl)-2-propenoyl]-β-D-threo-hexopyranoside,,No,,49.4,,,No,C30H26O12,,,559.125150083762,,,
"1,5-Anhydro-1-[5,7-dihydroxy-2-(4-hydroxyphenyl)-4-oxo-4H-chromen-8-yl]-2-O-[(2E)-3-(4-hydroxyphenyl)-2-propenoyl]hexitol",,No,,49.4,,,No,C30H26O12,,,559.125150083762,,,
"(2R,2′S,3R,4S)-2,2′-Bis(3,4-dihydroxyphenyl)-3,3′,4,4′-tetrahydro-2H,2′H-4,6′-bichromene-3,3′,5,5′,7,7′-hexol",,No,,34.9,,,No,C30H26O12,,,559.125150083762,,,
"5-(3,5-Dihydroxyphenyl)-13-(4-hydroxyphenyl)-4,12,14-trioxapentacyclo[11.7.1.0~2,11~.0~3,8~.0~15,20~]henicosa-2,8,10,15,17,19-hexaene-6,9,17,19,21-pentol",,No,,46.6,,,No,C30H24O11,,,559.125150083762,,,
"(2R,4S)-2-(3,4-Dihydroxyphenyl)-4-[(3R,4S)-3-(3,4-dihydroxyphenyl)-4,6,8-trihydroxy-3,4-dihydro-1H-isochromen-7-yl]-3,5,7-chromanetriol",,No,,34.9,,,No,C30H26O12,,,559.125150083762,,,
"(1S)-1,5-Anhydro-1-[5,7-dihydroxy-2-(4-hydroxyphenyl)-4-oxo-4H-chromen-8-yl]-2-O-[(2E)-3-(4-hydroxyphenyl)-2-propenoyl]-D-glucitol",,No,,49.4,,,No,C30H26O12,,,559.125150083762,,,
5-Hydroxy-2-(4-hydroxyphenyl)-7-oxo-7H-chromen-3-yl 6-O-[(2E)-3-(4-hydroxyphenyl)-2-propenoyl]-β-D-glucopyranoside,,No,,49.8,,,No,C30H26O12,,,559.125150083762,,,
5-Hydroxy-2-(4-hydroxyphenyl)-4-oxo-4H-chromen-7-yl 6-O-[(2E)-3-(4-hydroxyphenyl)-2-propenoyl]-β-D-galactopyranoside,,No,,34.9,,,No,C30H26O12,,,559.125150083762,,,
"(5R,6S,13R,21S)-5-(3,4-Dihydroxyphenyl)-13-(4-hydroxyphenyl)-4,12,14-trioxapentacyclo[11.7.1.0~2,11~.0~3,8~.0~15,20~]henicosa-2,8,10,15,17,19-hexaene-6,9,17,19,21-pentol",,No,,46.6,,,No,C30H24O11,,,559.125150083762,,,
"5-(3,4-Dihydroxyphenyl)-13-(4-hydroxyphenyl)-4,12,14-trioxapentacyclo[11.7.1.0~2,11~.0~3,8~.0~15,20~]henicosa-2,8,10,15,17,19-hexaene-6,9,17,19,21-pentol",,No,,46.6,,,No,C30H24O11,,,559.125150083762,,,
"1,1,1,2-Tetranitroheptane",,No,,38.8,,,No,C7H12N4O8,,,559.125150083762,,,
Trimethyl(triethylstannyl)silane,,No,,19.6,,,No,C9H24SiSn,,,559.125150083762,,,
Cadmium bis(dipentylcarbamodithioate),,No,,19.8,,,No,C22H44CdN2S4,,,559.125150083762,,,
Procyanidin,,No,,34.9,,,No,C30H26O12,,,559.125150083762,,,
"(1Z,6Z,8Z,14Z)-1,2,5,6,9,10,13,14-Octaazacyclohexadeca-6,8,14,16-tetraene-3,4,11,12-tetrone",,No,,40.9,,,No,C8H8N8O4,,,559.125150083762,,,
"1,2,3,31(29H)-Phthalocyaninetetrol",,No,,33.9,,,No,C32H18N8O4,,,559.125150083762,,,
"3,3-Dimethyl-7-(trimethylsilyl)-3,5,6,7-tetrahydro-2H-imidazo[2,1-b][1,3,4]thiazasilol-4-ium chloride",,No,,31.1,,,No,C9H21ClN2SSi2,,,559.125150083762,,,
"1,1′-[(E)-1,2-Diazenediyl]bis(6-amino-2,4(1H,3H)-pyrimidinedione)",,No,,39.9,,,No,C8H8N8O4,,,559.125150083762,,,
5-Hydroxy-2-(4-hydroxyphenyl)-4-oxo-4H-chromen-7-yl 4-O-[(2E)-3-(4-hydroxyphenyl)-2-propenoyl]-β-D-glucopyranoside,,No,,49.4,,,No,C30H26O12,,,559.125150083762,,,
"(2E)-N-(1,3-Benzothiazol-2-yl)-3-phenylacrylamide",,No,,36.4,,,No,C16H12N2OS,,,559.125150083762,,,
2-Amino-4-phenyl-5-(2-thienyl)-4H-pyran-3-carbonitrile,,No,,36.4,,,No,C16H12N2OS,,,559.125150083762,,,
"5,7-Dihydroxy-2-(4-hydroxyphenyl)-4-oxo-4H-chromen-3-yl 6-deoxy-2-O-[(2E)-3-(4-hydroxyphenyl)-2-propenoyl]-α-L-mannopyranoside",,No,,49.4,,,No,C30H26O12,,,559.125150083762,,,
"(2R,2′S,3R,3′S,4R)-2,2′-Bis(3,4-dihydroxyphenyl)-3,3′,4,4′-tetrahydro-2H,2′H-4,8′-bichromene-3,3′,5,5′,7,7′-hexol",,No,,34.9,,,No,C30H26O12,,,559.125150083762,,,
Epicatechin-(6'->8)-epicatechin,,No,,34.9,,,No,C30H26O12,,,559.125150083762,,,
Kaempferol-3-O-α-L-(4″-E-p-coumaroyl)-rhamnoside,,No,,49.4,,,No,C30H26O12,,,559.125150083762,,,
"2-(3,4-Dihydroxyphenyl)-8-[4,5-dihydroxy-2-(3,5,7-trihydroxy-3,4-dihydro-2H-chromen-2-yl)phenyl]-3,5,7-chromanetriol",,No,,34.9,,,No,C30H26O12,,,559.125150083762,,,
ECHINACIN,,No,,49.8,,,No,C30H26O12,,,559.125150083762,,,
Terniflorin,,No,,49.8,,,No,C30H26O12,,,559.125150083762,,,
2''-O-p-Coumaroylvitexin,,No,,49.4,,,No,C30H26O12,,,559.125150083762,,,
ent-Epicatechin(4alpha->8)catechin,,No,,34.9,,,No,C30H26O12,,,559.125150083762,,,
Prunus inhibitor b,,No,,46.6,,,No,C30H24O11,,,559.125150083762,,,
Procyanidin B6,,No,,34.9,,,No,C30H26O12,,,559.125150083762,,,
Procyanidin B7,,No,,34.9,,,No,C30H26O12,,,559.125150083762,,,
Procyanidin B8,,No,,34.9,,,No,C30H26O12,,,559.125150083762,,,
Procyanidin B5,,No,,34.9,,,No,C30H26O12,,,559.125150083762,,,
"(2S,2'R,3S,3'R,4S)-3,4',5,7-Tetrahydroxyflavan(2->7,4->8)-3,3',5,5',7-pentahydroxyflavan",,No,,46.6,,,No,C30H24O11,,,559.125150083762,,,
Genistein 7-O-(2-p-coumaroylglucoside),,No,,49.4,,,No,C30H26O12,,,559.125150083762,,,
Procyanidin B1,,No,,34.9,,,No,C30H26O12,,,559.125150083762,,,
ent-Epicatechin-(4alpha->6)-ent-epicatechin,,No,,34.9,,,No,C30H26O12,,,559.125150083762,,,
Procyanidin B2,,No,,34.9,,,No,C30H26O12,,,559.125150083762,,,
Procyanidin B4,,No,,34.9,,,No,C30H26O12,,,559.125150083762,,,
Vitexin 2''-O-p-coumarate,,No,,49.4,,,No,C30H26O12,,,559.125150083762,,,
Genistein 7-O-(2''-p-coumaroylglucoside),,No,,49.4,,,No,C30H26O12,,,559.125150083762,,,
Apigenin 7-glucoside-4'-p-coumarate,,No,,50.8,,,No,C30H26O12,,,559.125150083762,,,
Apigenin 7-(4''-E-p-coumarylglucoside),,No,,49.4,,,No,C30H26O12,,,559.125150083762,,,
Apigenin 7-(4''-Z-p-coumarylglucoside),,No,,49.4,,,No,C30H26O12,,,559.125150083762,,,
Apigenin 7-(2''-E-p-coumaroylglucoside,,No,,49.4,,,No,C30H26O12,,,559.125150083762,,,
Apigenin 7-(6''-p-coumarylglucoside),,No,,49.8,,,No,C30H26O12,,,559.125150083762,,,
Apigenin 7-(3''-p-coumaroylglucoside),,No,,49.4,,,No,C30H26O12,,,559.125150083762,,,
Apigenin 7-(6''-E-p-coumaroylgalactoside),,No,,49.8,,,No,C30H26O12,,,559.125150083762,,,
Kaempferol 3-(6''-(Z)-cinnamylglucoside),,No,,49.8,,,No,C30H26O12,,,559.125150083762,,,
Luteolin 7-(6''-E-cinnamylglucoside),,No,,49.8,,,No,C30H26O12,,,559.125150083762,,,
Kaempferol 3-(4''-p-coumarylrhamnoside),,No,,49.4,,,No,C30H26O12,,,559.125150083762,,,
"N-(4,6-dihydrothieno[3,4-c][1,2]oxazol-3-yl)-3-(tetrazol-1-yl)benzamide",,No,,36.4,,,No,C13H10N6O2S,,,627.111591109517,,,
Kaempferol 3-(2-(E)-p-coumarylrhamnoside),,No,,49.4,,,No,C30H26O12,,,559.125150083762,,,
"7-hydroxy-5-oxo-N-(1-pyridin-4-ylethyl)-4H-thieno[3,2-b]pyridine-6-carboxamide",,No,,36.5,,,No,C15H12N3O3S,,,627.111591109517,,,
Kaempferol 3-(2''-(Z)-p-coumaroylrhamnoside),,No,,49.4,,,No,C30H26O12,,,559.125150083762,,,
"4,9-Dihydroxy-3,10-perylenedione",,No,,35.9,,,No,C20H10O4,,,627.111591109517,,,
Oxfendazole,,No,,36.5,,,No,C15H12N3O3S,,,627.111591109517,,,
Cyanin chloride,,No,,31.3,,,No,C27H31ClO16,,,627.111591109517,,,
"N-[2-(6,7-Dichloro-5-methoxy-2-methyl-1H-indol-3-yl)ethyl]acetamide",,No,,29.9,,,No,C14H16Cl2N2O2,,,627.111591109517,,,
"2-(3,4-Dihydroxyphenyl)-5,7-dihydroxy-3-chromeniumyl 2-O-β-D-glucopyranosyl-β-D-glucopyranoside chloride",,No,,31.3,,,No,C27H31ClO16,,,627.111591109517,,,
Malaoxon,,No,,37.4,,,No,C10H19O7PS,,,627.111591109517,,,
"4-O-8',5'-5''-Dehydrotriferulic acid",,No,,49.6,,,No,C30H26O12,,,559.125150083762,,,
Delphinidin 3-rutinoside,,No,,31.3,,,No,C27H31ClO16,,,627.111591109517,,,
Mecocyanin,,No,,31.3,,,No,C27H31ClO16,,,627.111591109517,,,
"7-Hydroxyanthra[2,1-b]benzo[d]furan-8,13-dione",,No,,35.9,,,No,C20H10O4,,,627.111591109517,,,
Procyanidin B3,,No,,34.9,,,No,C30H26O12,,,559.125150083762,,,
Diethyl (2R)-2-[(dimethoxyphosphoryl)sulfanyl]succinate,,No,,37.4,,,No,C10H19O7PS,,,627.111591109517,,,
"1,1′-Binaphthalene-3,3′,4,4′-tetrone",,No,,35.9,,,No,C20H10O4,,,627.111591109517,,,
"2,2′-Binaphthalene-1,1′,4,4′-tetrone",,No,,35.9,,,No,C20H10O4,,,627.111591109517,,,
"7-Chloro-3-(4-methyl-1-piperazinyl)-2H-1,2,4-benzothiadiazine-1,1-dioxide",,No,,32.4,,,No,C12H15ClN4O2S,,,627.111591109517,,,
"Methyl 2-[(E)-2-phenylvinyl]-2-[(trifluoromethyl)sulfanyl]-3,4-pentadienoate",,No,,37.9,,,No,C15H13F3O2S,,,627.111591109517,,,
"5,7-Dihydroxy-2-(3,4,5-trihydroxyphenyl)-3-chromeniumyl 6-O-(6-deoxy-α-L-mannopyranosyl)-D-glucopyranoside chloride",,No,,31.3,,,No,C27H31ClO16,,,627.111591109517,,,
"3,4-Dihydroxy-1,2-perylenedione",,No,,35.9,,,No,C20H10O4,,,627.111591109517,,,
2-[(1E)-3-(2-Ammonioethoxy)-3-oxo-1-propen-1-yl]quinolinium dichloride,,No,,29.9,,,No,C14H16Cl2N2O2,,,627.111591109517,,,
N′-(6-Ethynyl-9H-purin-2-yl)benzenesulfonohydrazide,,No,,36.5,,,No,C13H10N6O2S,,,627.111591109517,,,
N-[(4-methylphenyl)methyl]-1-[3-(4-methylphenyl)sulfanylpyrazin-2-yl]piperidine-3-carboxamide,,No,,33.7,,,No,C25H28N4OS,,,431.189164331612,,,
"2-(3,4-Dihydroxyphenyl)-5,6,7-trihydroxy-3-chromeniumyl 6-O-(6-deoxy-α-L-mannopyranosyl)-D-glucopyranoside chloride",,No,,31.3,,,No,C27H31ClO16,,,627.111591109517,,,
Diethyl (2S)-2-[(dimethoxyphosphoryl)sulfanyl]succinate,,No,,37.4,,,No,C10H19O7PS,,,627.111591109517,,,
1-(6-benzylsulfanylpyridazin-3-yl)-N-[(4-methylphenyl)methyl]piperidine-4-carboxamide,,No,,33.7,,,No,C25H28N4OS,,,431.189164331612,,,
"N-cyclohexyl-2-[2-(3,4-dihydro-1H-isoquinolin-2-yl)quinazolin-4-yl]sulfanylacetamide",,No,,33.7,,,No,C25H28N4OS,,,431.189164331612,,,
N-(3-phenylpropyl)-1-(3-phenylsulfanylpyrazin-2-yl)piperidine-3-carboxamide,,No,,33.7,,,No,C25H28N4OS,,,431.189164331612,,,
"1-[6-[2-(butan-2-ylamino)-2-oxoethyl]-7-oxo-[1,3]thiazolo[4,5-d]pyrimidin-2-yl]-N-cyclopropylpiperidine-3-carboxamide",,No,,34.3,,,No,C20H28N6O3S,,,431.189164331612,,,
"2-[4-(2,3-dimethylphenyl)piperazin-1-yl]-6-pyrrolidin-1-ylsulfonylquinoline",,No,,33.7,,,No,C25H30N4O2S,,,431.189164331612,,,
1-[3-(3-methylphenyl)sulfanylpyrazin-2-yl]-N-(1-phenylethyl)piperidine-3-carboxamide,,No,,33.7,,,No,C25H28N4OS,,,431.189164331612,,,
"N-(3,5-dimethylphenyl)-1-[3-(4-methylphenyl)sulfanylpyrazin-2-yl]piperidine-3-carboxamide",,No,,33.7,,,No,C25H28N4OS,,,431.189164331612,,,
"[1-(4-ethylthieno[3,2-b]pyrrole-5-carbonyl)piperidin-3-yl]-(4-phenylpiperazin-1-yl)methanone",,No,,33.7,,,No,C25H30N4O2S,,,431.189164331612,,,
6-(4-methylpiperidin-1-yl)sulfonyl-2-(4-phenylpiperazin-1-yl)quinoline,,No,,33.7,,,No,C25H30N4O2S,,,431.189164331612,,,
2-[3-methyl-4-(3-methylphenyl)piperazin-1-yl]-6-pyrrolidin-1-ylsulfonylquinoline,,No,,33.7,,,No,C25H30N4O2S,,,431.189164331612,,,
"N-(3,5-dimethylphenyl)-1-[3-(3-methylphenyl)sulfanylpyrazin-2-yl]piperidine-4-carboxamide",,No,,33.7,,,No,C25H28N4OS,,,431.189164331612,,,
"1-[6-[2-(butan-2-ylamino)-2-oxoethyl]-7-oxo-[1,3]thiazolo[4,5-d]pyrimidin-2-yl]-N-cyclopropylpiperidine-4-carboxamide",,No,,34.3,,,No,C20H28N6O3S,,,431.189164331612,,,
"1-[6-[2-(cyclohexylamino)-2-oxoethyl]-7-oxo-[1,3]thiazolo[4,5-d]pyrimidin-2-yl]-N-methylpiperidine-3-carboxamide",,No,,34.3,,,No,C20H28N6O3S,,,431.189164331612,,,
N-[(4-ethylphenyl)methyl]-1-(3-phenylsulfanylpyrazin-2-yl)piperidine-3-carboxamide,,No,,33.7,,,No,C25H28N4OS,,,431.189164331612,,,
N-[(2-methylphenyl)methyl]-1-[3-(4-methylphenyl)sulfanylpyrazin-2-yl]piperidine-3-carboxamide,,No,,33.7,,,No,C25H28N4OS,,,431.189164331612,,,
"N-(2,4-dimethylphenyl)-1-[3-(4-methylphenyl)sulfanylpyrazin-2-yl]piperidine-3-carboxamide",,No,,33.7,,,No,C25H28N4OS,,,431.189164331612,,,
N-[(2-methylphenyl)methyl]-1-[3-(4-methylphenyl)sulfanylpyrazin-2-yl]piperidine-4-carboxamide,,No,,33.7,,,No,C25H28N4OS,,,431.189164331612,,,
"[4-(2-methoxyphenyl)piperazin-1-yl]-[1-(2-methylthieno[3,2-c]pyridin-4-yl)piperidin-3-yl]methanone",,No,,33.7,,,No,C25H30N4O2S,,,431.189164331612,,,
(4-methylpiperazin-1-yl)-[1-[5-(3-methylpiperidin-1-yl)sulfonylpyridin-2-yl]imidazol-4-yl]methanone,,No,,34.3,,,No,C20H28N6O3S,,,431.189164331612,,,
"[2-(4-methylphenyl)-4-pyridin-4-ylpyrimidin-5-yl]-(4-phenyl-3,6-dihydro-2H-pyridin-1-yl)methanone",,No,,34.3,,,No,C28H24N4O,,,431.189164331612,,,
"[4-(4-methoxyphenyl)piperazin-1-yl]-[1-(2-methylthieno[3,2-c]pyridin-4-yl)piperidin-3-yl]methanone",,No,,33.7,,,No,C25H30N4O2S,,,431.189164331612,,,
arg-glu-glu,Fragmento de peptídeo identificado por sequenciamento.,,Regras Locais (Peptídeo),,,,Oligopeptide,Yes,,,Yes,,Yes,
glu-arg-glu,Fragmento de peptídeo identificado por sequenciamento.,,Regras Locais (Peptídeo),,,,Oligopeptide,Yes,,,Yes,,Yes,
glu-glu-arg,Fragmento de peptídeo identificado por sequenciamento.,,Regras Locais (Peptídeo),,,,Oligopeptide,Yes,,,Yes,,Yes,
ala-asn-gln-thr,Fragmento de peptídeo identificado por sequenciamento.,,Regras Locais (Peptídeo),,,,Oligopeptide,Yes,,,Yes,,Yes,
ala-asn-thr-gln,Fragmento de peptídeo identificado por sequenciamento.,,Regras Locais (Peptídeo),,,,Oligopeptide,Yes,,,Yes,,Yes,
ala-gln-asn-thr,Fragmento de peptídeo identificado por sequenciamento.,,Regras Locais (Peptídeo),,,,Oligopeptide,Yes,,,Yes,,Yes,
ala-gln-gln-ser,Fragmento de peptídeo identificado por sequenciamento.,,Regras Locais (Peptídeo),,,,Oligopeptide,Yes,,,Yes,,Yes,
ala-gln-ser-gln,Fragmento de peptídeo identificado por sequenciamento.,,Regras Locais (Peptídeo),,,,Oligopeptide,Yes,,,Yes,,Yes,
ala-gln-thr-asn,Fragmento de peptídeo identificado por sequenciamento.,,Regras Locais (Peptídeo),,,,Oligopeptide,Yes,,,Yes,,Yes,
ala-ser-gln-gln,Fragmento de peptídeo identificado por sequenciamento.,,Regras Locais (Peptídeo),,,,Oligopeptide,Yes,,,Yes,,Yes,
ala-thr-asn-gln,Fragmento de peptídeo identificado por sequenciamento.,,Regras Locais (Peptídeo),,,,Oligopeptide,Yes,,,Yes,,Yes,
ala-thr-gln-asn,Fragmento de peptídeo identificado por sequenciamento.,,Regras Locais (Peptídeo),,,,Oligopeptide,Yes,,,Yes,,Yes,
asn-ala-gln-thr,Fragmento de peptídeo identificado por sequenciamento.,,Regras Locais (Peptídeo),,,,Oligopeptide,Yes,,,Yes,,Yes,
asn-ala-thr-gln,Fragmento de peptídeo identificado por sequenciamento.,,Regras Locais (Peptídeo),,,,Oligopeptide,Yes,,,Yes,,Yes,
asn-asn-ser-val,Fragmento de peptídeo identificado por sequenciamento.,,Regras Locais (Peptídeo),,,,Oligopeptide,Yes,,,Yes,,Yes,
asn-asn-val-ser,Fragmento de peptídeo identificado por sequenciamento.,,Regras Locais (Peptídeo),,,,Oligopeptide,Yes,,,Yes,,Yes,
asn-asp-gly-lys,Fragmento de peptídeo identificado por sequenciamento.,,Regras Locais (Peptídeo),,,,Oligopeptide,Yes,,,Yes,,Yes,
asn-asp-lys-gly,Fragmento de peptídeo identificado por sequenciamento.,,Regras Locais (Peptídeo),,,,Oligopeptide,Yes,,,Yes,,Yes,
asn-gln-ala-thr,Fragmento de peptídeo identificado por sequenciamento.,,Regras Locais (Peptídeo),,,,Oligopeptide,Yes,,,Yes,,Yes,
"1-(2-methylthieno[3,2-c]pyridin-4-yl)-N-[(4-morpholin-4-ylphenyl)methyl]piperidine-3-carboxamide",,No,,33.7,,,No,C25H30N4O2S,,,431.189164331612,,,
1-[3-(4-methylphenyl)sulfanylpyrazin-2-yl]-N-(1-phenylethyl)piperidine-3-carboxamide,,No,,33.7,,,No,C25H28N4OS,,,431.189164331612,,,
"1-(3-benzyl-4-oxothieno[3,2-d]pyrimidin-2-yl)-N-cyclohexylpiperidine-3-carboxamide",,No,,33.7,,,No,C25H30N4O2S,,,431.189164331612,,,
N-[(2-methylphenyl)methyl]-1-[3-(3-methylphenyl)sulfanylpyrazin-2-yl]piperidine-3-carboxamide,,No,,33.7,,,No,C25H28N4OS,,,431.189164331612,,,
"N-(3,4-dimethylphenyl)-1-[3-(4-methylphenyl)sulfanylpyrazin-2-yl]piperidine-3-carboxamide",,No,,33.7,,,No,C25H28N4OS,,,431.189164331612,,,
N-(4-ethylphenyl)-1-[3-(4-methylphenyl)sulfanylpyrazin-2-yl]piperidine-3-carboxamide,,No,,33.7,,,No,C25H28N4OS,,,431.189164331612,,,
"4-methyl-N-[2-[6-(3-propan-2-yloxypropylamino)-[1,2,4]triazolo[4,3-b]pyridazin-3-yl]ethyl]benzenesulfonamide",,No,,34.3,,,No,C20H28N6O3S,,,431.189164331612,,,
"1-[6-[2-(cyclopentylamino)-2-oxoethyl]-7-oxo-[1,3]thiazolo[4,5-d]pyrimidin-2-yl]-N-ethylpiperidine-3-carboxamide",,No,,34.3,,,No,C20H28N6O3S,,,431.189164331612,,,
"N-cyclopentyl-1-[3-[(4-methylphenyl)methyl]-4-oxothieno[3,2-d]pyrimidin-2-yl]piperidine-3-carboxamide",,No,,33.7,,,No,C25H30N4O2S,,,431.189164331612,,,
"2-[4-(2-fluorophenyl)piperazin-1-yl]-7-(2-hydroxyphenyl)-4-methyl-7,8-dihydro-6H-quinazolin-5-one",,No,,35.3,,,No,C25H25FN4O2,,,431.189164331612,,,
N-[(4-ethoxyphenyl)methyl]-1-[1-(4-fluorophenyl)-6-oxopyridazin-3-yl]piperidine-3-carboxamide,,No,,35.3,,,No,C25H27FN4O3,,,431.189164331612,,,
2-(4-ethyl-3-oxoquinoxalin-2-yl)sulfanyl-N-[[1-[(4-methylphenyl)methyl]pyrrolidin-3-yl]methyl]acetamide,,No,,33.7,,,No,C25H30N4O2S,,,431.189164331612,,,
"1-(2-cyclobutyl-5-methylthieno[3,4-d]pyrimidin-4-yl)-N-(2-methoxy-5-methylphenyl)piperidine-4-carboxamide",,No,,33.7,,,No,C25H30N4O2S,,,431.189164331612,,,
"4-[5-methyl-4-(phenylsulfanylmethyl)-1,3-oxazol-2-yl]-N-[2-(4-methylpiperazin-1-yl)ethyl]benzamide",,No,,33.7,,,No,C25H30N4O2S,,,431.189164331612,,,
Arg Glu Glu,,No,,36.5,,,No,C16H28N6O8,,,431.189164331612,,,
Glu Arg Glu,,No,,36.5,,,No,C16H28N6O8,,,431.189164331612,,,
Rivenprost,,No,,34.6,,,No,C24H34O6S,,,431.189164331612,,,
2-[4-[(2-fluorophenyl)methyl]piperazin-1-yl]-6-(2-methylpropanoylamino)quinoline-4-carboxylic acid,,No,,35.3,,,No,C25H27FN4O3,,,431.189164331612,,,
"3,12-Dioxochola-4,6-dien-24-yl hydrogen sulfate",,No,,34.6,,,No,C24H34O6S,,,431.189164331612,,,
[1-(1-ethylimidazol-4-yl)sulfonylpiperidin-4-yl]-(4-pyridin-2-ylpiperazin-1-yl)methanone,,No,,34.3,,,No,C20H28N6O3S,,,431.189164331612,,,
[1-(1-ethylimidazol-4-yl)sulfonylpiperidin-3-yl]-(4-pyridin-2-ylpiperazin-1-yl)methanone,,No,,34.3,,,No,C20H28N6O3S,,,431.189164331612,,,
6-(2-methylpiperidin-1-yl)sulfonyl-2-(4-phenylpiperazin-1-yl)quinoline,,No,,33.7,,,No,C25H30N4O2S,,,431.189164331612,,,
"N-[3-(3,4-dihydro-1H-isoquinolin-2-yl)propyl]-2-(7-fluoro-4-oxopyrrolo[1,2-a]quinoxalin-5-yl)acetamide",,No,,35.3,,,No,C25H25FN4O2,,,431.189164331612,,,
